object_id,sersic_sersic_vis_radius,sersic_sersic_vis_radius_err,sersic_sersic_vis_axis_ratio,sersic_sersic_vis_axis_ratio_err,sersic_sersic_vis_index,sersic_sersic_vis_index_err
-861556546086816217,0.4534537196159363,NaN,0.5037615299224854,6.95270212913425E-16,1.0,3.1809441419870105E-15
-861553116086842109,0.2736881971359253,NaN,0.8546800017356873,4.8596260349142995E-9,1.0,NaN
-861547479086786330,0.6611961126327515,2.971128514087543E-28,0.5239524841308594,NaN,1.0,1.7717240919569166E-17
-861546201086797146,0.4352499842643738,NaN,0.6274714469909668,NaN,1.0,5.3519053772044245E-11
-861544581086737122,1.0655732154846191,2.1877522625325075E-26,0.21609127521514893,NaN,1.0,1.7188503961826167E-15
-861543670086722976,0.5605547428131104,1.0853003504098862E-26,0.4660796523094177,9.965324624996714E-16,1.0,1.100812700339398E-15
-861540982086597813,0.9456016421318054,1.653017726806544E-28,0.5354438424110413,9.506099392982916E-18,1.0,NaN
-861540731086715863,0.49481338262557983,NaN,0.6082445383071899,NaN,1.0,NaN
-861536881086843866,0.31801536679267883,9.285755880903395E-21,0.5653066039085388,NaN,1.0,2.0040040737967502E-7
-861536764086651511,0.21750271320343018,0.0,0.9158960580825806,0.0,1.0,0.0
-861535877086774423,0.3099589943885803,NaN,0.5339428782463074,3.0468000084687974E-12,1.0,2.1284560919321294E-11
-861535420086768247,0.3872077763080597,2.3122599787924798E-24,0.4754663109779358,NaN,1.0,NaN
-861534463086724295,0.48611894249916077,3.832530035583389E-24,0.6334966421127319,3.464218905784483E-16,1.0,1.7019972992684531E-15
-861533707086821500,0.9743316173553467,NaN,0.8286617994308472,6.890434768491728E-18,1.0004891157150269,NaN
-861530048086731961,0.3771619200706482,5.542024907127522E-23,0.8952347636222839,4.3871831623305824E-13,1.0,NaN
-861528593086569026,0.30872392654418945,4.595043282392858E-25,0.9416561126708984,NaN,1.0,1.269649702484877E-14
-861527478086871466,0.6430527567863464,3.324508028979949E-20,0.4286704659461975,NaN,1.0,4.9026940729390844E-8
-861525796086810356,0.4218887686729431,NaN,0.6884340643882751,2.963418399559714E-11,1.0,NaN
-861525031086617345,0.3473578691482544,NaN,0.8856949806213379,NaN,1.0,1.2653295803439959E-17
-861524352086454832,0.3111444115638733,6.611236170669679E-25,0.9632445573806763,1.5236755609927995E-14,1.0,NaN
-861523028086500116,0.2781575918197632,NaN,0.9442982077598572,NaN,1.0,NaN
-861522348086365081,0.4141451418399811,3.908387294659894E-24,0.331750750541687,NaN,1.0,2.720395794481717E-13
-861521680086698849,0.2636006474494934,2.4033930165390014E-23,0.8908783197402954,3.3600299192276806E-12,1.0,NaN
-861520074086793444,0.2770850658416748,NaN,0.8364320993423462,NaN,1.0,3.0900768166475245E-8
-861519830086629565,0.3630209267139435,1.7520816649853687E-29,0.8335978984832764,2.3413866294147825E-18,1.0,4.80512923601198E-17
-861519223086340558,0.32309240102767944,1.2105063269987226E-21,0.8321886658668518,3.927172476103635E-11,1.0,NaN
-861516291086467037,0.27859359979629517,NaN,0.9762899279594421,1.0700882454445226E-12,1.0,NaN
-861514915086928812,0.24566331505775452,1.4921418981377434E-20,0.5641881823539734,4.482837434593989E-10,1.0,9.128024558435754E-9
-861514497086522946,0.4921286702156067,7.543746674579174E-25,0.5254136919975281,1.5900372381597028E-13,1.0,1.0670930285228142E-12
-861514483086925567,0.23517552018165588,NaN,0.5994521379470825,NaN,1.0,2.625842598913408E-10
-861513439086674818,0.3822862505912781,3.5829723351468144E-26,0.6571177244186401,NaN,1.0,NaN
-861512558086565858,0.30749696493148804,3.0363269873473187E-21,0.9246329665184021,1.2888629508274463E-14,1.0,NaN
-861511889086528019,0.45276838541030884,NaN,0.4750295877456665,NaN,1.0,3.54138177116603E-11
-861511041086240845,0.19215837121009827,3.1668988278609426E-23,0.7356032729148865,2.3034207874417234E-10,1.0,4.214469218055683E-9
-861510547086465294,0.41936659812927246,2.094313517942526E-28,0.9141221046447754,NaN,1.0,3.217721994919437E-17
-861508223086911220,0.44435209035873413,NaN,0.496310293674469,NaN,1.0,NaN
-861508066086907302,0.3783248960971832,NaN,0.48188960552215576,1.453334578096837E-15,1.0,9.635456114018E-16
-861507522086628007,0.18354330956935883,9.230477860297888E-23,0.7784043550491333,6.2569693350111866E-12,1.0,NaN
-861507342086729852,0.6837581992149353,1.2809192889400333E-26,0.6733356714248657,NaN,1.0,3.7632437707801165E-16
-861507326086794400,0.357932984828949,NaN,0.5745953917503357,5.618635825120567E-16,1.0,4.9785200037489284E-15
-861507154086191157,0.3409354090690613,NaN,0.4944117069244385,2.3303564092113207E-15,1.0,2.914542454493345E-14
-861507135086531394,0.5743148922920227,5.638608618741713E-22,0.31233853101730347,NaN,1.0,NaN
-861507012087056983,0.15407612919807434,7.341522654842311E-23,0.7648809552192688,8.495142957143376E-12,1.0,2.4049663593928017E-8
-861506670086592571,0.3331835865974426,3.2775480808765185E-19,0.815681517124176,NaN,1.0,NaN
-861506494086596823,0.20138660073280334,NaN,0.7336533069610596,5.000453176529085E-13,1.0,3.645336810187416E-11
-861504940086581337,0.24659180641174316,3.3335159540327545E-24,0.892275869846344,9.482091327395192E-12,1.0,6.285573190406568E-12
-861503747086589366,0.16240662336349487,4.104901238135446E-20,0.6943690180778503,2.0881933682215248E-10,1.0,NaN
-861503683086507043,0.5469905734062195,9.382064686830395E-28,0.5432233214378357,NaN,1.0,3.3249465192838196E-15
-861503161086230204,0.3049820065498352,NaN,0.9260057806968689,NaN,1.0,1.1765483335854365E-12
-861502986086592342,0.30628544092178345,2.0927184111476618E-24,0.6991198062896729,7.753509312083331E-16,1.0,NaN
-861502826086744139,0.4026419222354889,NaN,0.4855136275291443,5.525216135310318E-12,1.0,NaN
-861502824086549904,0.34714213013648987,6.821947535419485E-21,0.42639023065567017,3.4407449112094923E-10,1.0,NaN
-861502815086206949,0.17508487403392792,7.356552285244072E-22,0.8925336003303528,NaN,1.0,1.8232209697544022E-7
-861502805086563706,0.7189237475395203,NaN,0.556247353553772,6.044156590459158E-16,1.0,NaN
-861502387086849455,0.6023051738739014,3.0826672770055445E-21,0.43087100982666016,NaN,1.0,NaN
-861501472086240858,0.4763897955417633,NaN,0.9194061756134033,NaN,1.0,NaN
-861501400086787881,0.5716432332992554,7.540896734698777E-21,0.6780936121940613,NaN,1.0,NaN
-861501266086736549,0.3202241063117981,1.987606887891265E-27,0.7740459442138672,NaN,1.0,NaN
-861501014086715952,0.2929615378379822,3.8257374749216024E-19,0.9871791005134583,1.4331633102493413E-11,1.0,1.7491413872861017E-9
-861500586086506051,0.22152459621429443,NaN,0.6045125722885132,1.7979398307943484E-6,1.0,NaN
-861499903086834926,0.6502988934516907,NaN,0.8243057131767273,NaN,1.0,NaN
-861499608086963650,0.3011261224746704,1.7169458416743186E-28,0.8094732165336609,NaN,1.0,NaN
-861498710087001011,0.42171332240104675,3.545829312462549E-26,0.4817814528942108,1.3338598397327891E-15,1.0021860599517822,NaN
-861498580086168523,0.2822847366333008,1.881202532914554E-22,0.7899015545845032,NaN,1.0,2.1071628886204508E-9
-861498528086750662,1.1312453746795654,NaN,0.35067039728164673,NaN,1.0,5.928864170445802E-13
-861498120086524976,0.41576361656188965,1.4042574603597452E-25,0.4859200119972229,NaN,1.0,4.545629755307694E-14
-861498104086447938,0.49403849244117737,NaN,0.8964094519615173,NaN,1.0,NaN
-861497918086491978,0.35363298654556274,5.406731333985899E-20,0.8926053047180176,NaN,1.0,NaN
-861497904086615458,0.43716415762901306,1.6721378534577028E-20,0.5159519910812378,NaN,1.0,2.037091562101523E-8
-861497797087023284,0.38578301668167114,NaN,0.5025858879089355,NaN,1.0,1.1790179818099667E-15
-861497792086064105,0.5843507647514343,2.1199137992094772E-23,0.6063902378082275,NaN,1.0,NaN
-861496801086942984,0.28407564759254456,NaN,0.461317777633667,NaN,1.0,NaN
-861496470086540666,0.715590238571167,NaN,0.7686092853546143,NaN,1.0,8.765424497347851E-11
-861495742087000430,0.227457195520401,1.0676145357305783E-26,0.6278152465820312,5.3208500634476484E-15,1.0,NaN
-861495539086777398,0.48448190093040466,7.599376949977856E-21,0.9017157554626465,NaN,1.0,3.965436486119689E-12
-861495371086195233,0.2957810163497925,NaN,0.6847398281097412,NaN,1.0,NaN
-861495229086741196,0.19000835716724396,1.5754877442415342E-19,0.8309457302093506,NaN,1.0,9.717290959088132E-5
-861495143086604766,0.6908395886421204,3.8196692362455705E-23,0.7639527320861816,NaN,1.0,3.3113648541943652E-12
-861494963086815146,0.2884208858013153,NaN,0.9955867528915405,NaN,1.0,1.2725240305933028E-10
-861494852086616063,0.2785724997520447,NaN,0.6706066131591797,NaN,1.0,1.0259486060704148E-7
-861494722086037851,0.3213086724281311,NaN,0.8489242792129517,3.508791781431375E-12,1.0,NaN
-861494357086848396,0.5156883597373962,5.097213953877879E-27,0.5962307453155518,6.585962406310453E-17,1.0,NaN
-861492444086058976,0.4397923946380615,NaN,0.6737667918205261,NaN,1.0,1.741800453869402E-11
-861492369086756629,0.8321609497070312,5.655908022848848E-22,0.42125898599624634,NaN,1.0,NaN
-861491526086529782,1.1293665170669556,NaN,0.6929050087928772,1.57974422930994E-14,1.0,NaN
-861490585086172545,0.28113001585006714,6.407775213877986E-21,0.8337815403938293,1.9559085796296005E-13,1.0,NaN
-861490181086422546,0.5540724992752075,2.687724198804858E-30,0.5768003463745117,NaN,1.0,4.441402783267204E-18
-861490020086652230,0.3189064860343933,NaN,0.912359356880188,2.7064773490924343E-13,1.0,4.2988342052741046E-11
-861489795086348387,0.4065515100955963,3.412250201156552E-27,0.9409516453742981,NaN,1.0,NaN
-861489329086958336,0.17769134044647217,NaN,0.7221164703369141,3.6142697992444517E-13,1.0,5.5997258913143E-11
-861489200086160925,0.5101115703582764,NaN,0.6914246082305908,NaN,1.0,7.957855208129416E-11
-861488711086164357,0.4645157754421234,NaN,0.7208917140960693,1.5723496948893967E-9,1.0,NaN
-861487221086375777,0.3023957908153534,NaN,0.9870204329490662,3.5239911303722865E-14,1.0,NaN
-861486926086475871,0.23340260982513428,1.4813408558019966E-24,0.7030858397483826,4.970334040177438E-13,1.0,NaN
-861486845086547586,0.25643274188041687,6.516155341947396E-20,0.6082344055175781,4.602481729065744E-10,1.0,1.9539236895127488E-9
-861485517086693868,1.0524406433105469,NaN,0.6521736979484558,1.5933443258363267E-13,1.0,NaN
-861485299086750252,0.2653868496417999,NaN,0.5105661749839783,NaN,1.0,3.2153205879043023E-12
-861484862086188813,1.0580787658691406,NaN,0.650627851486206,5.3230051799632594E-17,1.0,9.858052666787286E-17
-861484687086030106,0.2528384327888489,NaN,0.8773740530014038,1.3066109338152193E-13,1.0,6.3106742054230835E-12
-861483877086515765,0.9475928544998169,2.8064990142863297E-22,0.5194281339645386,NaN,1.0,NaN
-861483633086243193,0.2600043714046478,NaN,0.9789369702339172,3.071665838350057E-11,1.0,2.1614994516472308E-10
-861483328086461177,0.3979479670524597,5.194558436539571E-22,0.5533044934272766,NaN,1.0,3.4577868346374885E-10
-861482747085879130,0.23776957392692566,NaN,0.8519704341888428,NaN,1.0,3.3197427029563187E-9
-861482715086762263,0.36625736951828003,NaN,0.791551947593689,4.880611431494486E-13,1.0,8.825649412680381E-12
-861482666086170114,0.305225670337677,NaN,0.9551987051963806,NaN,1.0,2.6046314410832494E-11
-861481653086891031,0.5269100666046143,3.0720973098288244E-30,0.6577072143554688,6.639780017734072E-18,1.0,NaN
-861481592086529910,0.41956257820129395,2.1141044381768125E-22,0.409008264541626,NaN,1.0,6.613209979633439E-11
-861481367086620562,0.28836604952812195,NaN,0.7185259461402893,NaN,1.0,NaN
-861481085086040313,0.2758100628852844,NaN,0.9431201815605164,2.192062720576815E-13,1.0,NaN
-861480987085965027,0.2508442997932434,3.0090017543582256E-22,0.6774647831916809,NaN,1.0,3.174341900447075E-9
-861480269086755676,1.089697241783142,1.5300662538497547E-17,0.28342968225479126,NaN,1.0,2.3272697102783013E-9
-861479482086070620,0.3056355118751526,NaN,0.9179285168647766,NaN,1.0,NaN
-861478012087018580,0.7518343925476074,2.530294223914485E-28,0.8515799045562744,NaN,1.0,1.0082514412576205E-16
-861477391086844250,0.41494303941726685,2.6795229797253855E-28,0.571293830871582,5.718402144975037E-17,1.0,NaN
-861476445087076716,0.2870933711528778,NaN,0.8668894171714783,1.187054232687501E-9,1.0,6.935790164419586E-9
-861475892086260757,0.327767938375473,NaN,0.6873524188995361,2.1023833340905185E-8,1.0,2.0146766033235508E-8
-861475173086939708,0.189740851521492,NaN,0.651172935962677,1.8118176230152994E-12,1.0,4.120777070265591E-12
-861475133086818728,0.2725887894630432,9.870490179034557E-22,0.7113913297653198,NaN,1.0,NaN
-861474846087084309,0.26050320267677307,0.0,0.7386683225631714,0.0,1.0,0.0
-861474569086754548,0.4312121868133545,2.8548777710107446E-22,0.8150647878646851,6.511185362580163E-13,1.0,7.951190920951756E-12
-861474147086986772,0.30014684796333313,9.219922570742378E-28,0.8896710872650146,9.077730446271958E-16,1.0,NaN
-861473720087065618,0.5618518590927124,NaN,0.8513749241828918,2.806671735300359E-11,1.0,NaN
-861473081086813912,0.2988530993461609,NaN,0.8344932198524475,2.5053426672659584E-13,1.0,NaN
-861472357086751025,0.29152172803878784,1.1475269928386423E-26,0.4948444366455078,9.077936698794614E-15,1.0,NaN
-861471945086763751,0.9417240023612976,8.210651305751039E-21,0.4115229845046997,NaN,1.0,3.344671484217798E-10
-861471830085740126,0.199675053358078,0.0,0.5542105436325073,0.0,1.0,0.0
-861470912087081235,0.19609001278877258,NaN,0.8545031547546387,1.939634675096613E-9,1.0,NaN
-861470867086545871,0.3224138021469116,1.9548720492195095E-26,0.6461275815963745,1.540902008854289E-15,1.0,7.725629116745337E-15
-861469820086518428,1.7974433898925781,NaN,0.7341207265853882,1.6363009580112886E-14,1.0,2.364452210412704E-11
-861469342086663162,0.2090214043855667,NaN,0.8890840411186218,1.29195292701903E-13,1.0,8.206405510691184E-8
-861469037086746883,0.7109516263008118,8.105537912536844E-24,0.25213009119033813,1.0697732033982527E-13,1.0,NaN
-861468456086955108,0.2833896279335022,1.4078123732822718E-23,0.9507656097412109,NaN,1.0,1.693215012643634E-11
-861468245085729863,0.7611131072044373,NaN,0.2893480658531189,NaN,1.0,NaN
-861468190086932009,0.2977709472179413,3.130225631010304E-23,0.970893383026123,1.697012647593199E-12,1.0,NaN
-861468112086130053,0.3393394351005554,NaN,0.5462534427642822,1.4423542782433427E-15,1.0,NaN
-861468026086760639,0.460578978061676,4.2108842918063955E-23,0.7971046566963196,NaN,1.0,NaN
-861467500086622620,0.33302587270736694,NaN,0.3990115523338318,NaN,1.0,4.9658827803956626E-14
-861467440086161571,0.29900461435317993,6.5108173328786655E-24,0.9243570566177368,NaN,1.0,7.063676726870582E-11
-861467332086470683,0.3064429461956024,NaN,0.4196414351463318,1.0441612852130078E-12,1.0,NaN
-861467306086030608,0.4864489436149597,NaN,0.8760359287261963,NaN,1.0,NaN
-861467174085684376,0.2478092610836029,NaN,0.6641174554824829,NaN,1.0,NaN
-861467101087078770,0.34866422414779663,7.516336882011929E-22,0.7834360003471375,NaN,1.0,NaN
-861466919086842755,0.4894014000892639,NaN,0.47690504789352417,NaN,1.0,8.008288352287952E-16
-861466457085916446,0.4401138126850128,8.39617886125676E-29,0.8248229622840881,NaN,0.9999756217002869,6.673071804001677E-17
-861465938086721370,8.566985130310059,0.0,1.0,NaN,5.5,NaN
-861465915085691870,0.6074484586715698,NaN,0.566457986831665,NaN,1.0,NaN
-861465677085859092,0.2286059558391571,6.073642688777031E-23,0.9402793645858765,NaN,1.0,3.0933020034318304E-10
-861465659086559064,0.2983497083187103,4.053418780439098E-25,0.4637793302536011,NaN,1.0,NaN
-861465241085710177,0.2542453706264496,1.695918326716322E-20,0.5851213932037354,NaN,1.0,1.8689047465159092E-7
-861465061086925941,0.26195868849754333,NaN,0.8065325617790222,NaN,1.0,3.3365779757155156E-15
-861463772086532844,0.9180806279182434,8.198651532314051E-21,0.5230319499969482,7.506538793333739E-12,1.0,NaN
-861463586086443585,1.365836262702942,NaN,0.975348174571991,NaN,1.0,NaN
-861463110085842587,0.15292704105377197,0.0,0.8273759484291077,0.0,1.0,0.0
-861462738086069007,0.2542397975921631,2.5725357440077508E-21,0.7772433757781982,1.2097901347374318E-8,1.0,2.7493248566656803E-8
-861462668086857194,0.20656505227088928,3.392567004840069E-23,0.7781020402908325,2.814904087600212E-9,1.0,7.928714040872364E-8
-861462496086754021,0.9182741045951843,1.3283046414341947E-20,0.4995332360267639,NaN,1.0,2.604665927385952E-10
-861461739086425869,0.39542490243911743,NaN,0.6838412284851074,NaN,1.0,NaN
-861461191086606043,0.3711494505405426,NaN,0.8917690515518188,2.155201581435784E-12,1.0,1.5668456115891516E-11
-861461120086802582,0.4796065390110016,9.181811831986228E-22,0.7204499244689941,6.508686367645566E-10,1.0,3.698136685770237E-9
-861461077086921168,0.4340609610080719,9.344839291794784E-19,0.4407196044921875,1.8955392079078592E-5,1.0,3.407884287298657E-5
-861461034085609536,0.27251434326171875,4.651943807653536E-22,0.3022838830947876,1.9060675347098988E-12,1.0,NaN
-861460770086138430,0.26785844564437866,NaN,0.6951878070831299,7.59780337467519E-15,1.0,NaN
-861460601085651149,0.22868278622627258,5.6205032386031576E-21,0.8532795906066895,3.381501328947323E-11,1.0,NaN
-861460446086863282,0.23576295375823975,1.5467614333430605E-29,0.9113985896110535,2.369521518626465E-15,1.0,2.5842588973704755E-14
-861460357086624922,0.7552086114883423,2.7229231570422866E-20,0.2974848747253418,9.089009406215709E-11,1.0,NaN
-861460290085685441,0.3087253272533417,NaN,0.8056679368019104,4.3092880600901335E-17,1.0,2.1259740823628768E-16
-861459904086690263,0.21865597367286682,7.390489144495552E-24,0.8328413963317871,NaN,1.0,NaN
-861459895086277451,0.4099265933036804,NaN,0.9511706829071045,2.125966257234282E-18,1.0,8.281178909051115E-18
-861459846087114121,0.5487276911735535,NaN,0.7189662456512451,NaN,1.0,1.068646462040016E-17
-861459568085995805,0.36413154006004333,NaN,0.7445552349090576,7.946370111494764E-17,1.0,NaN
-861459554086633648,0.23858186602592468,NaN,0.6057006120681763,NaN,1.0,1.0131557814929693E-8
-861459451086181983,0.4132375121116638,NaN,0.5103034377098083,9.586372804655879E-17,1.0,2.8973871044598654E-16
-861459349086149294,0.2749638557434082,3.9879749875940396E-27,0.9046856760978699,NaN,1.0,5.29418326398242E-14
-861458844085727135,0.6991439461708069,NaN,0.26537656784057617,NaN,1.0,1.770607549467229E-10
-861458639085665589,0.4015069901943207,NaN,0.911357581615448,NaN,1.0,NaN
-861458563085989585,0.7475506663322449,NaN,0.4442030191421509,1.516861994083768E-13,1.0,NaN
-861457912086349731,0.5115675926208496,NaN,0.29267460107803345,7.886397646039711E-10,1.0,7.463378359773287E-9
-861457772085813509,0.24122090637683868,NaN,0.9016969799995422,NaN,1.0,NaN
-861457514086374839,0.38748234510421753,6.742794109402935E-24,0.4227486252784729,NaN,1.0,3.628383155385227E-16
-861457434085854503,0.2643572688102722,0.0,0.9261413812637329,0.0,1.0,0.0
-861457028086838913,0.38905569911003113,NaN,0.8874983787536621,4.659938884418735E-14,1.0,NaN
-861456663086956195,0.27465760707855225,NaN,0.9100850820541382,NaN,1.0,NaN
-861456110086963314,0.6709650158882141,7.763529531971889E-29,0.653778612613678,4.92432323258485E-18,1.0,NaN
-861456033086385652,0.3032607436180115,NaN,0.9626801013946533,NaN,1.0,NaN
-861456008086873186,0.2975464165210724,1.778402971090075E-25,0.9658751487731934,1.3047021069520991E-15,1.0,NaN
-861455435087092608,0.3078766465187073,1.2193108453715223E-24,0.7219188809394836,5.235735456299295E-11,1.0,NaN
-861454583085948934,0.2250966727733612,NaN,0.8077511191368103,NaN,1.0,9.710947779240087E-8
-861454292085581354,0.3046199083328247,NaN,0.9596503376960754,NaN,1.0,1.285176609230887E-12
-861452967086759552,1.3408535718917847,NaN,0.3536561131477356,7.212660468880472E-10,1.0,4.2690873058859324E-9
-861452835085991789,0.6967884302139282,1.1355625922007462E-20,0.3627138137817383,2.5479915066739522E-8,1.0,1.464826659969276E-8
-861452748086053107,0.3984769880771637,6.235096481778488E-29,0.7676507234573364,NaN,1.0,9.91279184013135E-18
-861452497086519372,1.8831208944320679,NaN,0.5529745817184448,NaN,1.0,NaN
-861452258086325265,1.2625681161880493,NaN,0.6856086254119873,5.199557655244519E-18,1.0,NaN
-861452225085511684,0.378661185503006,NaN,0.46563416719436646,NaN,1.0,NaN
-861451503086361068,1.048255443572998,6.983901421421698E-20,0.36915045976638794,NaN,1.0,4.189204538818103E-10
-861451383085752015,0.1420842856168747,0.0,0.8051944971084595,0.0,1.0,0.0
-861450894086341498,0.6747735738754272,NaN,0.40497976541519165,8.012947266431911E-14,1.0,NaN
-861450743085517513,0.36140432953834534,1.3273393620920166E-26,0.6607587933540344,2.043275767563157E-15,1.0,3.2714189074567945E-15
-861450631086624959,0.3913639485836029,2.838016356614576E-19,0.5509853363037109,1.0658798496598898E-11,1.0,2.0685184468072215E-11
-861450612086336473,0.37501323223114014,NaN,0.7781594395637512,3.4174597374203586E-8,1.0,NaN
-861450508086349675,0.41034966707229614,NaN,0.44488054513931274,NaN,1.0,7.532136806626122E-14
-861450208086064387,0.2791230380535126,NaN,0.9515509605407715,3.983612745228626E-11,1.0,NaN
-861450198086386686,0.2924712598323822,NaN,0.7357310056686401,1.5317693780048103E-8,1.0,NaN
-861450025086041203,0.2892647385597229,NaN,0.892737627029419,NaN,1.0,NaN
-861449911086597722,0.4717860817909241,NaN,0.6350792646408081,NaN,1.0,5.898985598862713E-17
-861449589086082531,0.17267167568206787,2.8836264752052905E-18,0.8949270844459534,1.5131581543315065E-9,1.0,NaN
-861449495085531147,1.0688080787658691,NaN,0.727717936038971,NaN,1.0,NaN
-861449423087019950,0.5956392288208008,NaN,0.8602997064590454,5.205528716412111E-11,1.0,2.159142198365771E-9
-861449411086963532,0.642616331577301,NaN,0.8949440121650696,9.134020938952222E-19,1.0,NaN
-861449256086640439,0.25102290511131287,NaN,0.7913980484008789,NaN,1.0,2.4931402720085316E-8
-861449043086531139,0.5946531891822815,1.5242192191224683E-19,0.39896339178085327,NaN,1.0,1.9348240787309123E-9
-861448836087007969,0.2570737600326538,NaN,0.8277992606163025,6.956165964492928E-16,1.0,NaN
-861448499085519521,0.30414101481437683,NaN,0.43513429164886475,NaN,1.0,NaN
-861448009085832174,0.26623421907424927,NaN,0.6769079566001892,NaN,1.0,NaN
-861447930086626238,0.2675371766090393,1.4738244242049268E-17,0.6067935824394226,1.488604350896594E-9,1.0,NaN
-861447903087137503,0.41631197929382324,8.42238787138179E-31,0.9482311606407166,NaN,1.0,NaN
-861447712086947794,0.3320176303386688,7.115992518660837E-26,0.9448041915893555,5.389978285745556E-14,1.0,NaN
-861447538086343896,0.32405394315719604,4.571479312735429E-19,0.6161161661148071,6.068566760220051E-10,1.0,9.559562030858615E-9
-861447294086433196,0.49185019731521606,NaN,0.3716392517089844,8.669200773914199E-11,1.0,2.1052244669750309E-10
-861447097086349745,0.398215115070343,6.463378472368385E-23,0.5660257339477539,8.311445573395883E-15,1.0,4.3737219622668865E-15
-861446601085583169,0.04869277402758598,4.486154346454873E-25,0.6649972200393677,NaN,0.984340488910675,1.3468025031668348E-15
-861446378085659934,0.345032662153244,7.083211729149501E-23,0.4018961191177368,6.479297350384106E-13,1.0,1.0664721059386317E-12
-861446025086129688,0.3015469014644623,1.5559527835393716E-28,0.9064021110534668,NaN,1.0,NaN
-861445517085503267,1.5821502208709717,NaN,0.42847245931625366,1.9998145934368994E-12,1.0,NaN
-861445175085448660,0.9644473791122437,NaN,0.22478610277175903,NaN,1.0,NaN
-861445125086564058,0.3122650980949402,1.2288602046333098E-21,0.8828095197677612,2.503230067674167E-9,1.0,NaN
-861445079086498030,0.8075008392333984,NaN,0.7625115513801575,NaN,1.0,NaN
-861444954086425776,1.4663798809051514,7.047748455600855E-21,0.29524481296539307,NaN,1.0,NaN
-861444882086527021,0.3182834982872009,NaN,0.4101358652114868,NaN,1.0,NaN
-861444682086040933,0.408311128616333,NaN,0.8822106719017029,NaN,1.0,1.1673923057163912E-17
-861444612085413303,0.16509947180747986,0.0,0.478815495967865,0.0,1.0,0.0
-861444480086485408,0.29943549633026123,4.83975177300072E-21,0.9424072504043579,2.555545564660727E-13,1.0,8.55618353945431E-12
-861444448086970122,0.3764863908290863,1.7012824498814715E-25,0.7837547063827515,3.632277786406923E-17,1.0,NaN
-861444197085548635,1.521031141281128,9.42938844335177E-22,0.19905585050582886,1.6325493040758587E-11,1.0,NaN
-861444021085884676,0.40898218750953674,1.111730948103741E-29,0.7444798350334167,NaN,1.0,7.14716210028032E-17
-861443995086355610,0.2929508090019226,1.614387279537279E-27,0.7587838768959045,1.315498944763174E-16,1.0,5.0285491577455564E-15
-861443794085874922,0.2282758504152298,1.8559061239559447E-21,0.8154799938201904,NaN,1.0,NaN
-861443654086619704,0.5307531952857971,NaN,0.6029094457626343,NaN,1.0,3.2602667232595195E-9
-861443652086537176,0.465889036655426,NaN,0.9076368808746338,NaN,1.0,NaN
-861443633086524042,0.41408729553222656,9.817452851566014E-23,0.5249624252319336,NaN,1.0,6.379896204432647E-14
-861443578085944024,0.17094257473945618,NaN,0.9417179822921753,2.5095546300757388E-12,1.0,NaN
-861443570086295989,0.5767949819564819,NaN,0.503541111946106,1.0782032818651421E-13,1.0,3.663547059034461E-13
-861443460087097277,0.19765616953372955,NaN,0.8191564679145813,NaN,1.0,NaN
-861443335086259994,0.3309934735298157,4.739269927311484E-21,0.8010162115097046,NaN,1.0,NaN
-861443256086082452,0.3374937176704407,1.5163187264723667E-25,0.8541159629821777,NaN,1.0,3.144985560496992E-14
-861443230087137166,0.5977016687393188,NaN,0.46790921688079834,1.8584465345575885E-17,1.0,NaN
-861442685086078512,0.36139219999313354,3.2515490429759595E-21,0.8231980204582214,1.6502436084309124E-9,1.0,1.3065018400482131E-8
-861442516086313742,0.5869370698928833,2.1299970566604647E-19,0.6147855520248413,NaN,1.0,NaN
-861442366086230096,0.210880845785141,NaN,0.90765380859375,4.770318881797348E-15,1.0,NaN
-861442096086762552,0.18573684990406036,NaN,0.9169033765792847,1.4123592109172023E-6,1.0,NaN
-861441912085519565,0.7393428087234497,5.071478464840816E-22,0.4067608118057251,2.0977182935578292E-13,1.0,NaN
-861441675087129371,0.40024226903915405,NaN,0.5590144395828247,3.194508546577879E-11,1.0,1.661442233791277E-10
-861441591086185788,0.25812312960624695,2.0671924073780314E-21,0.9094839096069336,NaN,1.0,7.02863587775937E-7
-861441466086546294,0.3547747731208801,3.7786724490309837E-19,0.5843468904495239,9.291736130512263E-11,1.0,NaN
-861441300086084643,0.27132707834243774,NaN,0.6246809363365173,1.3605846449493697E-9,1.0,NaN
-861440760086518710,0.31084731221199036,1.5783481533789946E-21,0.8950127363204956,NaN,1.0,NaN
-861440566086434067,0.4695350229740143,NaN,0.6538752317428589,6.1999581598722765E-18,1.0,NaN
-861440524087122586,0.4537231922149658,NaN,0.4653131365776062,1.9508555198794603E-13,1.0,NaN
-861440365085370920,0.537665843963623,7.116561033921121E-28,0.6488865613937378,NaN,1.0,6.554951338971391E-16
-861440314085466991,0.8718826174736023,NaN,0.42970138788223267,6.733254925839205E-11,1.0,2.938031415378184E-11
-861440196087414539,0.48493504524230957,NaN,0.44104814529418945,NaN,1.0,2.6367335201891214E-15
-861439922086082997,0.23126614093780518,4.960899827761152E15,0.7208846211433411,1.9426124194906112E16,1.0,5.2546450965397504E16
-861439898086990546,0.3658541440963745,3.871768149572405E-26,0.8269047141075134,2.234369788595516E-15,1.0,NaN
-861439701087426290,0.5677341818809509,NaN,0.7031590938568115,9.397907518859938E-8,1.0,8.244288807190969E-8
-861439692085493786,0.26030105352401733,3.509061458669391E-19,0.7258248329162598,NaN,1.0,9.791878596843162E-8
-861439533086237804,0.2688748240470886,1.253503296408264E-19,0.557746946811676,1.5857855029111079E-9,1.0,1.7757340042834358E-9
-861438978085489069,0.6500698924064636,1.5558919970888664E-20,0.455119252204895,NaN,1.0,5.5857666582392884E-12
-861438863085424466,0.35183924436569214,2.7142099891370205E-27,0.6107531785964966,NaN,1.0,NaN
-861438393085383915,1.0180342197418213,NaN,0.3324921727180481,NaN,1.0,NaN
-861438357085351022,0.19247323274612427,NaN,0.6908919811248779,NaN,1.0,NaN
-861438134085363333,0.8853691816329956,NaN,0.43821966648101807,NaN,1.0,1.2798945765698296E-16
-861438021085480852,0.8669557571411133,2.7944152303183798E-21,0.9167258739471436,NaN,1.0,NaN
-861437900086427940,0.7716048955917358,1.9893197696163113E-23,0.20716238021850586,4.1769613966965145E-16,1.0,NaN
-861437867086343348,1.4597814083099365,NaN,0.5600818395614624,6.513460343998689E-12,1.0,1.224120110832061E-10
-861437697087051708,0.31329578161239624,8.544750524513487E-20,0.47627556324005127,NaN,1.0,NaN
-861437644087432193,0.7566288113594055,2.4538392035155127E-20,0.6055396795272827,NaN,1.0,NaN
-861437581086408714,0.9145386815071106,NaN,0.4521929621696472,NaN,1.0,NaN
-861437552086317979,0.6683540344238281,9.646438131925626E-20,0.5128085017204285,2.6700397535300846E-13,1.0,1.0245098103212058E-9
-861437414085457285,0.21699996292591095,NaN,0.7713385820388794,NaN,1.0,2.5481720058451174E-6
-861437369085533393,0.679771363735199,NaN,0.29580968618392944,8.786414304462475E-12,1.0,3.570141057784859E-11
-861436964086806222,0.3102017045021057,NaN,0.6885964870452881,3.4967197584939776E-17,1.0,2.438645177534369E-16
-861436391085668764,0.20370957255363464,NaN,0.8092873096466064,1.725423359744127E-8,1.0,NaN
-861436333086836869,0.7260965704917908,0.2749687433242798,0.2412921041250229,0.05587165430188179,0.30434802174568176,0.2237287014722824
-861436322085487969,0.2668137550354004,NaN,0.6073501706123352,NaN,1.0,6.740642266578334E-9
-861435884086633852,0.4611634612083435,NaN,0.6982605457305908,1.7367411349269464E-16,1.0,6.603372506796775E-16
-861435711087098899,1.3190068006515503,NaN,0.23930895328521729,1.2254317569362905E-12,1.0,1.2775237465123546E-11
-861435539086232988,0.7966477870941162,6.217177961798825E-25,0.5183377861976624,2.0622787399765703E-15,1.0,2.9049116898830635E-14
-861435346085765528,0.25883233547210693,NaN,0.8345492482185364,5.905528887087397E-13,1.0,6.96466495586634E-12
-861435292086907419,0.22876901924610138,NaN,0.9300217032432556,7.707234850329314E-11,1.0,2.3532113146984557E-8
-861435056085516888,0.8796347379684448,1.5946764280599464E-20,0.5958137512207031,NaN,1.0,NaN
-861434857086818099,0.007647342048585415,0.06794565916061401,0.09613832831382751,0.5294569730758667,2.671910524368286,12.473356246948242
-861434688086807648,5.222594261169434,100.39439392089844,0.9881282448768616,0.7115350365638733,4.939934730529785,48.48737335205078
-861434668085741521,0.5119848251342773,5.947155342099143E-27,0.44312047958374023,NaN,1.0,3.036569970165916E-16
-861434098086255398,0.47548341751098633,NaN,0.6361532211303711,5.214775833373153E-10,1.0,5.513140166613084E-9
-861434001086385140,0.2796176075935364,1.2686992770014431E-23,0.9581544995307922,9.05249833427213E-13,1.0,5.738083619366563E-11
-861433901087141995,0.17132167518138885,NaN,0.5624889135360718,1.3182618189989686E-18,1.0,1.8842909656161953E-18
-861433882086369182,0.2159748077392578,NaN,0.8426443338394165,5.395163205079712E-10,1.0,NaN
-861433855086617361,1.1193543672561646,5.094330742901336E-21,0.7832735180854797,7.535416735038325E-12,1.0,5.075296294343445E-10
-861433778085819907,0.6353184580802917,9.084811663832876E-30,0.7418951392173767,6.388673626361962E-19,1.0,NaN
-861433575085308671,0.4778309464454651,NaN,0.8303998708724976,NaN,1.0,NaN
-861433160087498522,0.18623369932174683,NaN,0.5640730261802673,NaN,1.0,NaN
-861433087087112594,0.8914831280708313,NaN,0.6816078424453735,NaN,1.000190019607544,8.071447264738295E-18
-861432724086763284,0.3559015393257141,NaN,0.645041823387146,NaN,1.0,3.919100421967414E-8
-861432284085285389,0.2534254491329193,NaN,0.8686364889144897,3.315284047289424E-9,1.0,7.056220052703566E-9
-861431891085899367,0.2748931348323822,NaN,0.8562418222427368,3.025308614734712E-10,1.0,NaN
-861431648085789302,0.22854295372962952,1.013550705351047E-21,0.942827582359314,5.853277862399864E-9,1.0,7.230772069988234E-8
-861431392087037685,7.102019309997559,5.9703845206158406E-18,0.4333037734031677,1.9038631348528012E-12,1.0,NaN
-861431041086812489,0.25701335072517395,1.2852863073349,0.7363020181655884,3.6553852558135986,1.5290842056274414,15.386334419250488
-861430944085687767,0.4126717150211334,NaN,0.7848970293998718,NaN,1.0,1.2170540131251073E-8
-861430890086167535,0.4354783594608307,1.4320017477001747E-24,0.842348575592041,NaN,1.0,NaN
-861430705086125285,0.5627747774124146,3.1002564265677233E-22,0.32845789194107056,2.7772579791474072E-9,1.0,3.7411407305398825E-9
-861430337086193908,0.31424885988235474,NaN,0.4778265953063965,NaN,1.0,1.8559109110638516E-11
-861429759085329076,0.2234368771314621,5.7660938926578095E-21,0.588055431842804,7.225842590941056E-9,1.0,NaN
-861429755086265896,0.5895017385482788,1.013027327694869E-23,0.5351297855377197,NaN,1.0,NaN
-861429636087010519,0.29787677526474,1.937705740081501E-18,0.673307478427887,7.627440345991943E-10,1.0,NaN
-861429056085360156,0.5188658237457275,NaN,0.358437716960907,NaN,1.0,NaN
-861428428086988275,0.9675832986831665,5.542086193415704E-20,0.2251034379005432,NaN,1.0,NaN
-861428409086242065,0.2534368336200714,NaN,0.7308986783027649,NaN,1.0,1.2309585295522396E-10
-861428322086653971,0.4023171067237854,NaN,0.8239410519599915,NaN,1.0,NaN
-861428032085771619,0.16584613919258118,NaN,0.7262145280838013,NaN,1.0,1.1131756849636076E-7
-861427922087268101,0.0038121396210044622,0.0,0.5891158580780029,7.83348725484149E-18,0.5439386367797852,NaN
-861427869086311040,4.790709495544434,NaN,0.2847498655319214,NaN,1.0,4.512578614409126E-15
-861427712086038028,0.26430588960647583,1.3227745087629856E-23,0.8632427453994751,NaN,1.0,NaN
-861427658087308850,0.2637055516242981,9.890046987508072E-23,0.9664778113365173,1.1980247523191156E-12,1.0,NaN
-861427506086251700,0.2915748953819275,2.130945495165352E-21,0.8907207250595093,NaN,1.0,NaN
-861427459087245021,0.42627301812171936,NaN,0.5688624382019043,5.743869269103641E-11,1.0,1.2146995909123603E-10
-861427431085919265,0.3241996169090271,9.06233714395095E-21,0.9395849704742432,NaN,1.0,1.7401548951800905E-12
-861427167086551256,0.5997740030288696,NaN,0.5067886710166931,1.4006303881736615E-16,1.0,3.713291855600366E-16
-861427041086672385,0.22689728438854218,1.8106846283879395E-21,0.9685551524162292,NaN,1.0,NaN
-861426599087384083,0.374671995639801,NaN,0.5991697311401367,NaN,1.0,NaN
-861426157086926897,0.03364945948123932,NaN,0.8888238072395325,NaN,0.9888721108436584,7.558121575162221E-16
-861425794086826141,0.46086132526397705,0.9216448068618774,0.5658852458000183,1.2994425296783447,1.0031620264053345,4.3825836181640625
-861425394087313927,0.3294050991535187,1.3364502540486967E-19,0.6309841871261597,NaN,1.0,5.331776264938526E-7
-861425244086599304,0.30263665318489075,NaN,0.7347567081451416,NaN,1.0,1.8083208812736534E-13
-861424952085191047,0.2515149414539337,8.587598505487283E-23,0.6857455372810364,9.542145719410033E-13,1.0,NaN
-861424913085662160,0.256300687789917,5.4000107338469755E-21,0.7229551076889038,9.565445679982076E-8,1.0,NaN
-861424490086342603,0.46009406447410583,3.5916993524716263E-22,0.6347438097000122,1.9826178476733958E-9,1.0,NaN
-861424400085469576,3.454904556274414,3.632333034963258E-21,0.5130765438079834,2.887053898073404E-17,1.0,1.0807575277170376E-16
-861424261085231027,0.33611708879470825,1.9744408094942584E-29,0.8673105835914612,NaN,1.0,NaN
-861423579085984103,0.46444129943847656,NaN,0.6595360040664673,NaN,1.0,4.9411124347597775E-17
-861423573085923355,0.7514902353286743,3.640314342366243E-19,0.5080488324165344,3.314084340289014E-9,1.0,1.6362969645911107E-8
-861423547085641342,0.6423090696334839,5.9128643292169865E-21,0.41140681505203247,8.155600327020007E-12,1.0,3.471776477415034E-10
-861423528086539384,1.144653558731079,NaN,0.4593583345413208,NaN,1.0,1.0643653493291882E-11
-861423452086097226,1.3550702333450317,2.3472560857083073E-26,0.4768839478492737,5.1932873780471836E-17,1.0,5.799384715130754E-16
-861423209086515188,0.29698696732521057,1.893856855244372E-27,0.6670863032341003,NaN,0.99908447265625,3.1061288981295903E-15
-861423089086835455,3.401993989944458,95.0936279296875,0.03775596618652344,8.38884079712443E-6,0.5941241383552551,12.487780570983887
-861423070086521772,0.477618545293808,3.0230674361768512E-24,0.3748471140861511,1.3178032714263998E-15,1.0,6.107252392337486E-15
-861423004087296059,0.18359115719795227,3.6880903926983266E-23,0.8732936978340149,1.6786311007876975E-8,1.0,NaN
-861422868086292314,0.26682597398757935,NaN,0.6033541560173035,6.186288148413155E-10,1.0,1.6324588347771396E-9
-861422849086060825,0.24088776111602783,7.465763451140317E-22,0.774711012840271,NaN,1.0,NaN
-861422716086084764,0.4349396228790283,8.518896096491997E-25,0.6905503273010254,6.1594175940205E-14,1.0,1.152534420982218E-13
-861422712085221239,0.3653986155986786,NaN,0.6033579111099243,NaN,1.0,4.578667513085695E-15
-861422532085820759,0.2710546851158142,1.529844289625899E-21,0.9388192296028137,NaN,1.0,NaN
-861422430087223386,0.2652853727340698,1.805292822306979E-28,0.9837967157363892,NaN,1.0,NaN
-861422008087427744,0.4553944170475006,NaN,0.7244197726249695,6.958072582717638E-17,1.0,NaN
-861421877086941621,0.70267254114151,NaN,0.7085077166557312,1.5079502566841695E-16,1.0,NaN
-861421444086560854,0.9971300959587097,NaN,0.8042134642601013,7.97446281945829E-18,1.0,6.646723785386148E-17
-861421425086441880,0.4047679305076599,5.765609867007414E-27,0.6126978397369385,1.6062770281629127E-14,1.0,9.217078462226899E-14
-861421339086970280,0.32678142189979553,NaN,0.8115915060043335,6.009801992909708E-17,1.0,9.255253728939882E-17
-861421265085609506,0.2836357057094574,NaN,0.6602450013160706,3.4976966527093534E-13,1.0,NaN
-861421141087087044,0.2331455945968628,NaN,0.7870277762413025,4.581198871048565E-15,1.0,4.238816718823589E-15
-861421098085956601,0.3211960196495056,3.47955619569451E-24,0.9447310566902161,NaN,1.0,NaN
-861421027085871081,0.3993019461631775,7.104670639037685E-25,0.9672815203666687,NaN,1.0,2.6867663402502243E-17
-861420705086041988,0.33383142948150635,NaN,0.5663197636604309,1.3478941168776088E-15,1.0,4.200129759507169E-15
-861420619085623533,1.5723868608474731,NaN,0.4218297600746155,NaN,1.0,NaN
-861420561087054930,0.6833266615867615,1.0629170286143919E-16,0.2985665798187256,NaN,1.0,9.332344319545882E-8
-861420460086481441,0.6931575536727905,NaN,0.36565375328063965,1.5586768099639634E-16,1.0,1.972836719427726E-15
-861420141086260043,2.2206344604492188,NaN,0.3182276487350464,NaN,1.0,NaN
-861419987085998168,0.9613021612167358,NaN,0.504448652267456,1.7894277422990215E-17,1.0,NaN
-861419930086327904,0.6848572492599487,NaN,0.30160659551620483,6.080983633305337E-11,1.0,4.4202477789134775E-10
-861419819086836564,4.236849784851074,17.756282806396484,0.42502105236053467,0.029915735125541687,2.4202218055725098,4.64839506149292
-861419645086160139,0.4015234410762787,NaN,0.43261706829071045,NaN,1.0,NaN
-861419631085823608,0.2944355309009552,4.7283102389734684E-26,0.5926380753517151,7.466281011416637E-14,1.0,5.867822503932696E-13
-861419601086155625,0.5880318284034729,1.0997330019399735E-23,0.6113319396972656,NaN,1.0,NaN
-861419317085449732,0.31472939252853394,NaN,0.45908552408218384,NaN,1.0,3.598029531197022E-17
-861419245087485897,0.23691502213478088,2.8384442206331804E-21,0.5375889539718628,NaN,1.0,1.3015702506891103E-6
-861418700085580182,0.5565634369850159,2.0166128950790933E-26,0.35383540391921997,3.63198622178461E-15,1.0,NaN
-861418356085400078,0.4668246805667877,6.193362181736724E-29,0.9183672070503235,8.726897737499801E-18,1.0,NaN
-861418172085257478,0.2386394739151001,NaN,0.8853523135185242,NaN,1.0,9.139978374150814E-7
-861417895086473831,0.6501730680465698,NaN,0.823589026927948,6.995554309441321E-14,1.0,4.3686592971631244E-13
-861417614085445053,0.5426895022392273,NaN,0.4590418338775635,3.469376252951406E-8,1.0,NaN
-861417482085361206,0.17424020171165466,7.389153520941479E-21,0.8209855556488037,NaN,1.0,NaN
-861417342086281794,2.8855795860290527,NaN,0.20779567956924438,NaN,1.0,NaN
-861417248086319917,1.2216312885284424,NaN,0.6621900200843811,1.2410581731129439E-13,1.0,6.155494447490639E-10
-861417185087416679,0.2388225793838501,NaN,0.6922939419746399,NaN,1.0,5.325073160200589E-10
-861417168087483490,0.4276537299156189,NaN,0.5547447204589844,NaN,1.0,5.4513465004004877E-14
-861416900087448630,26.336076736450195,0.0,0.9999999403953552,2.876179287371119E-23,5.5,-0.0
-861416151085973054,0.38581621646881104,NaN,0.5334926843643188,2.682825749750206E-12,1.0,NaN
-861416002085699240,0.210201233625412,1.7371326007367766E-21,0.7416133880615234,7.718133770984181E-11,1.0,3.4141069971127536E-9
-861415587086418502,0.1770613193511963,NaN,0.7279242277145386,4.837535705348728E-9,1.0,NaN
-861415484085436453,0.8780989646911621,1.1711584246737289E-22,0.33736473321914673,4.6795173733681604E-15,1.0,2.0421686531494482E-14
-861415170085992053,0.8634223937988281,3.5126943648338902E-22,0.5939441919326782,3.5320537605798563E-9,1.0,NaN
-861415137087198500,0.37348756194114685,3.963722731717527E-24,0.9087357521057129,NaN,1.0,NaN
-861415128086879836,8.155106544494629,32.499027252197266,0.48585519194602966,0.4537231922149658,0.7010772824287415,1.9244351387023926
-861415060085985955,0.6009775996208191,6.678768549058951E-22,0.4911379814147949,2.0960757001614594E-12,1.0,NaN
-861414871085879922,0.5361672043800354,NaN,0.8713611364364624,NaN,1.0,NaN
-861414693085348400,0.18503448367118835,0.0,0.9972027540206909,0.0,1.0,0.0
-861414563086256774,1.151739239692688,5.944943503078206E-23,0.314818799495697,1.4192019955061586E-11,1.0,NaN
-861413645087130038,0.25145894289016724,NaN,0.9646047949790955,NaN,1.0,2.50614764496504E-8
-861413640085640948,0.39057669043540955,1.3670823172315712E-22,0.8287999629974365,NaN,1.0,NaN
-861413194086635739,0.002654466312378645,0.022245462983846664,0.030100444331765175,0.0846610888838768,5.495755195617676,3.0184707641601562
-861413175086442554,0.4412404000759125,NaN,0.548775315284729,1.8974038106748387E-13,1.0,NaN
-861413050085422048,0.38650721311569214,NaN,0.464688777923584,2.1093862767607163E-11,1.0,1.887038485540171E-12
-861412642085227222,0.4463096559047699,NaN,0.540969967842102,8.209376091548491E-16,1.0,5.712473840786543E-16
-861412435086731869,0.09227825701236725,0.5269759893417358,0.9924498200416565,1.6272616386413574,0.3191705644130707,3.4850034713745117
-861412323086391247,3.4470551013946533,NaN,0.3278161883354187,2.79514887797927E-12,1.0,NaN
-861412307086605834,0.006430840585380793,0.0,0.9062654376029968,2.446299274261321E-10,0.5850266218185425,NaN
-861411744086276466,1.0705907344818115,7.601041105699961E-22,0.6724272966384888,2.1534989069760258E-11,1.0,NaN
-861411188087712890,0.18094101548194885,NaN,0.7542470693588257,1.4954422249136012E-12,1.0,NaN
-861410853086211904,0.765406608581543,1.7470324627316674E-24,0.6824471950531006,NaN,1.0,NaN
-861410813086758905,0.3625892400741577,1.4160101413726807,0.032854534685611725,0.34056025743484497,0.32374754548072815,3.000605344772339
-861410768086890565,0.4453319013118744,0.08403991907835007,0.9999691843986511,0.06180970370769501,0.30000635981559753,0.010636094026267529
-861410466085855853,0.2882891893386841,NaN,0.9365536570549011,8.498637449165514E-13,1.0,9.480167519060334E-12
-861410136087022552,0.8936827778816223,1.555208894536914E-19,0.6578199863433838,NaN,1.0,4.452835322688031E-11
-861409901085870021,0.0030154502019286156,0.0,0.07301165908575058,5.965019758035067E-17,0.5901516079902649,3.98047013466381E-16
-861409470086199089,0.8016489148139954,NaN,0.6216512322425842,NaN,1.0,1.3729030822826472E-15
-861409465085838259,0.23780496418476105,NaN,0.9803644418716431,1.389491733477799E-11,1.0,3.93232724160697E-10
-861409440087068906,0.28497904539108276,3.822773324895307E-19,0.7992105484008789,NaN,1.0,1.930356097190611E-9
-861409426086893144,7.629103183746338,134.79393005371094,0.5587212443351746,9.613091824576259E-4,0.3000085949897766,0.007691276725381613
-861409274087422373,0.8101192712783813,NaN,0.5429224371910095,6.160487036643879E-16,1.0,NaN
-861409219085345687,0.23647120594978333,NaN,0.9659667015075684,NaN,1.0,NaN
-861408884086603301,0.008019557222723961,0.6571669578552246,0.25622227787971497,14.794713973999023,0.4653480350971222,14.427681922912598
-861408180086416081,0.29180410504341125,2.5421508745793647E-27,0.8437362909317017,NaN,1.0,1.6206747247937518E-14
-861408126087120332,0.24553784728050232,NaN,0.9218748211860657,1.1726747350948585E-9,1.0,4.9452609118816326E-8
-861407776085247808,0.4066076874732971,1.2993553394787561E-19,0.661417543888092,4.567600626614876E-7,1.0,NaN
-861407102085888093,0.3562049865722656,NaN,0.9553024768829346,NaN,1.0,NaN
-861406778086311040,1.3342534303665161,NaN,0.6034572124481201,2.7149977144952375E-12,1.0,NaN
-861406435087712003,0.2890010476112366,9.672297219590712E-21,0.5713015198707581,2.3910573174190652E-11,1.0,NaN
-861406354085206685,0.29308828711509705,NaN,0.6410282254219055,2.787960140526735E-10,1.0,NaN
-861406301086104497,0.2959994673728943,5.838287144574799E-28,0.6742876768112183,NaN,1.0,4.166611395234896E-15
-861406237086315782,0.32736802101135254,NaN,0.66202712059021,NaN,1.0,NaN
-861406029087135515,0.15962164103984833,NaN,0.8647239208221436,NaN,1.0,NaN
-861406021086343488,0.29871541261672974,NaN,0.918282151222229,3.8902572135901536E-11,1.0,1.5404408304497963E-10
-861405913086576563,0.14843995869159698,0.5096638202667236,0.9971620440483093,1.265524983406067,0.30544501543045044,2.1884517669677734
-861405899086084780,0.32112619280815125,9.997815408850203E-21,0.5426540970802307,NaN,1.0,NaN
-861405749086300853,0.7537424564361572,2.9555742878403963E-21,0.19162994623184204,NaN,1.0,NaN
-861405378086627909,0.010873494669795036,0.16636212170124054,0.03985803946852684,0.43205010890960693,5.490459442138672,12.114495277404785
-861405171087329688,0.13462018966674805,0.0,0.9093864560127258,NaN,1.0,1.8604048857007172E-10
-861405026086340229,0.4962635934352875,NaN,0.729396402835846,9.690027138087144E-17,1.0,1.2134747527086796E-16
-861404613087336568,0.22540335357189178,2.331715568523246E-22,0.9428279399871826,NaN,1.0,NaN
-861404553086708127,14.068010330200195,502.73712158203125,0.752538800239563,25.4428653717041,0.564928412437439,8.575058937072754
-861404525085953742,0.2937377095222473,NaN,0.8355876803398132,7.009212461605912E-16,1.0,6.930224352285491E-14
-861403994085535248,0.17260035872459412,9.826925493315908E-23,0.8059943914413452,NaN,1.0,NaN
-861403858086089720,0.36917170882225037,NaN,0.7879725098609924,NaN,1.0,4.534454409177435E-11
-861403415085669110,0.2932993769645691,NaN,0.6812817454338074,3.640932160257036E-15,1.0,2.3431442773742556E-15
-861403408086228902,0.3205057978630066,1.2314539893870961E-20,0.5085459351539612,7.449147005900159E-7,1.0,NaN
-861403378086541321,0.2112615555524826,2.1569759845733643,0.22076651453971863,3.5477583408355713,0.3568718731403351,4.9016289710998535
-861403057086262844,0.5004609823226929,7.324427849699555E-22,0.582270622253418,3.00448471657333E-10,1.0,NaN
-861402729087044933,0.7996955513954163,1.3500614756872882E-22,0.6864341497421265,NaN,1.0,NaN
-861402511087012387,1.1886136531829834,7.491972818290869E-22,0.9170786142349243,7.735645457529472E-12,1.0,NaN
-861402487085694774,0.31095901131629944,1.6735628553221932E-29,0.6934330463409424,NaN,1.0,NaN
-861402226085326445,0.2959510385990143,NaN,0.8384983539581299,7.256809597677716E-10,1.0,2.4310223167844924E-8
-861402218086375849,0.4826563894748688,7.25410740021296E-22,0.5319808125495911,NaN,1.0,NaN
-861402187087219176,0.26792365312576294,NaN,0.5366613268852234,1.8483449437667332E-8,1.0,NaN
-861401824087373218,0.3484252691268921,NaN,0.4802953600883484,1.7671499089009514E-15,1.0,NaN
-861401803086062558,0.5039968490600586,6.057157527174742E-25,0.4155522584915161,NaN,1.0,2.0025942574141906E-15
-861401691085232120,0.2935289740562439,9.700077290845093E-23,0.7703282237052917,NaN,1.0,NaN
-861401551086714746,13.835198402404785,112.94905090332031,0.19164609909057617,0.007168072275817394,0.31536707282066345,1.9103755950927734
-861401517087466207,1.0648715496063232,1.606961124783315E-26,0.27740347385406494,NaN,1.0,2.19852229547653E-15
-861401178087712622,0.14653322100639343,0.0,0.9369176626205444,0.0,1.0,0.0
-861401166086272575,0.415022075176239,NaN,0.6388777494430542,1.3916436579497482E-11,1.0,6.149621784024006E-11
-861400969086798652,4.536357402801514,87.18719482421875,0.985297679901123,4.317218780517578,0.3011540174484253,0.504109263420105
-861400951086034478,0.3633827269077301,NaN,0.7015266418457031,NaN,1.0,2.5128230290989804E-16
-861400748086245450,0.46056002378463745,NaN,0.7385642528533936,9.891370361669871E-11,1.0,9.496025077382342E-10
-861400326086978452,0.328997939825058,3.3717906805159547E-22,0.8271081447601318,NaN,1.0,4.532045572158694E-10
-861400118086757120,0.006106901448220015,1.7095855474472046,0.9520286321640015,60.09960174560547,1.1727937459945679,196.56442260742188
-861399982085812044,1.0112544298171997,2.8833981345821347E-20,0.21465301513671875,1.943835023499041E-11,1.0,1.0433279934440876E-10
-861399189085544411,0.17101722955703735,NaN,0.7878530025482178,1.0132472638701984E-9,1.0,1.120262105303027E-8
-861399096087005456,0.3315041959285736,3.2971657515465932E-21,0.5875672698020935,8.7019786931819E-9,1.0,NaN
-861399044085287029,0.20827028155326843,3.001947697034867E-22,0.6995965242385864,3.085184191453649E-11,1.0,NaN
-861398904085852291,0.30762729048728943,NaN,0.9262763857841492,NaN,1.0,2.9872235796091218E-9
-861398892087092638,0.44410768151283264,NaN,0.6115114092826843,6.476137443152397E-14,1.0,NaN
-861398869086913770,0.23169858753681183,NaN,0.9156181812286377,NaN,1.0,2.1356258983473708E-8
-861398841086475948,0.06528531014919281,9.15114974975586,0.17610058188438416,12.665731430053711,0.9158308506011963,126.67356872558594
-861398277087582904,0.3356788754463196,NaN,0.7477651834487915,NaN,1.0,1.9336956480486833E-9
-861398067085756307,0.2548513412475586,1.0479570825973856E-18,0.6000185608863831,1.8786789901525935E-9,1.0,1.0548912854346781E-7
-861398046087630425,0.6301313042640686,NaN,0.9080336093902588,2.1925747883955182E-9,1.0,NaN
-861398046085906357,0.2215230017900467,1.237160460238526E-23,0.6391405463218689,NaN,1.0,5.474968894046695E-13
-861398018085838570,0.029405830428004265,NaN,0.7319883108139038,2.0702655195153495E-16,0.9859932065010071,NaN
-861398012085432246,0.23500902950763702,4.203062735931129E-25,0.8153300881385803,5.7565202604692445E-12,1.0,2.2243505648500417E-10
-861397893086472667,0.23564009368419647,1.5928897754921236E-22,0.7730937004089355,NaN,1.0,1.507726166138923E-10
-861397681087551526,0.24130940437316895,NaN,0.2514943480491638,6.134928676182483E-10,1.0,1.262848048355636E-9
-861397639086997983,4.448744773864746,NaN,0.3846477270126343,4.02423523649352E-14,1.0,3.8215383548617643E-13
-861397506085494265,0.35565367341041565,NaN,0.7198786735534668,4.969806999336997E-16,1.0,NaN
-861397320085628928,0.887627899646759,NaN,0.4621469974517822,NaN,1.0,NaN
-861397252087368849,0.24877521395683289,8.693795680383712E-27,0.7883678078651428,8.498738110560965E-15,1.0,3.570791055960802E-14
-861397240085290723,0.31595736742019653,2.3658559437908538E-20,0.7675637602806091,1.9260393280262633E-9,1.0,1.3982830182612815E-7
-861397152086263885,0.2928510308265686,1.784484399402113E-22,0.8596922159194946,NaN,1.0,NaN
-861397039085992622,0.425478458404541,NaN,0.629059374332428,1.1000328252463998E-11,1.0,1.3525387476676087E-9
-861397026086209140,0.5595201849937439,4.906890711368025E-19,0.3535643219947815,1.5402569497613428E-10,1.0,2.185671865717609E-9
-861396856086753083,0.20749244093894958,6.752439975738525,0.9348764419555664,20.735095977783203,3.094515323638916,127.71369171142578
-861396582086979780,0.17154359817504883,NaN,0.8117014169692993,8.981507378102993E-12,1.0,2.807832022444501E-10
-861396523085986135,0.7622133493423462,3.991417571284265E-22,0.3170245885848999,NaN,1.0,4.572388474788358E-13
-861396306086988983,0.33106428384780884,3.2025525261212225E-20,0.718002200126648,5.377189249422543E-10,1.0,NaN
-861396267087155979,1.0899701118469238,3.914543959594691E-23,0.17530399560928345,NaN,1.0,3.32511287655466E-14
-861396256087569809,0.7920719385147095,NaN,0.7262173295021057,NaN,1.0,NaN
-861395909086175409,0.02980133146047592,3.728644805960357E-4,0.9986582398414612,1.2986866931896657E-4,5.5,1.0404883993763975E-21
-861395761084849042,0.41165003180503845,4.145260871327284E-28,0.7071104645729065,5.265031399551868E-17,0.9999999403953552,NaN
-861395758087147351,0.4054814279079437,NaN,0.4432045817375183,1.885576443992772E-15,1.0,NaN
-861395587086546654,0.32420241832733154,0.20981386303901672,0.030284976586699486,0.04547661170363426,0.7726624011993408,0.8570635318756104
-861395443085663307,0.1818733513355255,0.0,0.8338684439659119,0.0,1.0,0.0
-861395278084844899,0.23541708290576935,3.9344979122023307E-22,0.7846601009368896,NaN,1.0,2.8175444199973754E-9
-861395265086047516,0.005449923686683178,0.0,0.030000198632478714,NaN,5.5,0.0
-861395153086005022,0.41876569390296936,NaN,0.7504122853279114,NaN,0.9998177289962769,NaN
-861395141087109018,0.5359800457954407,NaN,0.452212393283844,NaN,1.0,NaN
-861394828085737558,0.3001853823661804,1.5933044954472163E-23,0.9425350427627563,NaN,1.0,3.055441967145245E-12
-861394617087085160,0.2973225712776184,7.359443129140126E-25,0.3336212635040283,1.1593115356589578E-11,1.0,4.1472388023766626E-11
-861394616086227258,0.21145479381084442,NaN,0.8717116117477417,2.7057622808968063E-10,1.0,NaN
-861394519087070577,1.0336798429489136,NaN,0.18821150064468384,NaN,1.0,NaN
-861394503084836689,0.48431795835494995,NaN,0.5664061307907104,NaN,1.0,2.172169618179791E-15
-861394481087561992,0.4238651692867279,NaN,0.5931410789489746,1.838269770779166E-12,1.0,NaN
-861394412087285384,0.17538835108280182,0.0,0.7750310897827148,0.0,1.0,0.0
-861394153085805370,15.159344673156738,NaN,0.8120855689048767,NaN,1.0119448900222778,NaN
-861394132086213292,0.294415682554245,NaN,0.8539664149284363,NaN,1.0,NaN
-861394024085263137,0.2844661474227905,NaN,0.9710360169410706,NaN,1.0,1.9747128974058944E-15
-861393856087327464,0.30677783489227295,5.952307172529645E-22,0.9621303081512451,1.6167094459302992E-15,1.0,NaN
-861393391084819948,0.4633313715457916,NaN,0.3808583617210388,2.200416499374607E-16,1.0,NaN
-861393380085576360,0.21086379885673523,4.238934103003265E-22,0.6638709902763367,3.2231850521924343E-9,1.0,NaN
-861393228087081046,0.40321341156959534,1.3601948612729435E-19,0.6491843461990356,4.408886103424159E-11,1.0,NaN
-861393203087534049,0.4561000466346741,NaN,0.6648632884025574,NaN,0.9999995827674866,6.978799081890257E-17
-861393132086516399,0.06564533710479736,0.24621999263763428,0.9984718561172485,0.566776692867279,0.30907294154167175,2.583726644515991
-861393022087315572,0.16379383206367493,NaN,0.9613334536552429,3.5910356910306973E-9,1.0,1.9421859178692102E-6
-861392976087712083,0.2921124994754791,NaN,0.7476092576980591,9.335218154049585E-10,1.0,1.3187767322619948E-8
-861392536086375324,0.6750439405441284,NaN,0.32685190439224243,NaN,1.0,1.666176657093895E-14
-861391248085371656,0.2308776080608368,2.0612016083371658E-20,0.670324444770813,1.9210815160874972E-9,1.0,NaN
-861390615085244944,0.38157781958580017,5.615771789733161E-22,0.695888876914978,2.489786155024376E-9,1.0,NaN
-861390501085809206,0.3371020257472992,5.52257881887926E-19,0.6173350811004639,NaN,1.0,NaN
-861390438086530919,8.515007019042969,118.25731658935547,0.9116868376731873,1.2932993173599243,4.22503662109375,17.241933822631836
-861390364085621955,0.24828672409057617,NaN,0.7748885154724121,9.102958729682864E-14,1.0,1.4000039192177405E-12
-861390200086708224,0.2735132873058319,0.11440233886241913,0.999753475189209,0.17282593250274658,0.3004247844219208,0.24423904716968536
-861389878087267982,0.23667104542255402,NaN,0.8180137872695923,6.687903009172658E-10,1.0,5.514464884726067E-9
-861389831086252818,0.5433973073959351,NaN,0.7061461210250854,2.861876317525325E-13,1.0,1.2392686974272565E-13
-861389552086701216,0.44135454297065735,0.6999624371528625,0.9944049715995789,1.5577607154846191,0.3161715865135193,1.0065513849258423
-861389550086261447,0.5897861123085022,NaN,0.6005599498748779,1.745511558643581E-13,1.0,2.763848720201134E-13
-861389507084846667,0.37154409289360046,NaN,0.682470440864563,NaN,1.0,NaN
-861389245085506516,0.7753124237060547,NaN,0.5143250823020935,8.627140582806519E-18,1.0,3.63168850293854E-17
-861389208087514408,0.5231456160545349,NaN,0.5517228841781616,4.8330124489048484E-15,1.0,2.474551020635509E-14
-861389202086986304,1.6417410373687744,5.391421893989968E-23,0.4062034487724304,NaN,1.0,NaN
-861388859087633024,0.22136497497558594,NaN,0.7008629441261292,2.4807423910228055E-13,1.0,2.2622264575933998E-13
-861388617087060706,0.3750476539134979,1.1837223914301305E-22,0.5088765025138855,NaN,1.0,NaN
-861388525087036490,0.04086785763502121,NaN,0.5781775712966919,NaN,1.0092707872390747,NaN
-861388513086809471,0.01661314256489277,2.6832275390625,0.6297033429145813,64.13501739501953,0.567571222782135,69.91854095458984
-861388431086295343,0.5208427906036377,1.5507577558406642E-23,0.6513041853904724,2.4023985925603064E-11,1.0,5.474099472324578E-12
-861388334084899040,0.3257535994052887,NaN,0.6766835451126099,5.4768383804645795E-15,1.0,NaN
-861388077084891178,0.2696212828159332,1.5395153835359975E-23,0.5762978792190552,1.5237867552429503E-15,1.0,NaN
-861387932087670685,0.3461975157260895,4.712856885248496E-27,0.6417257785797119,NaN,1.0,2.140122973653372E-15
-861387882087331161,0.4723929464817047,8.743842189641529E-23,0.5518287420272827,NaN,1.0,NaN
-861387617086319743,0.29188889265060425,8.76387586453225E-25,0.886753499507904,1.0268347587147342E-12,1.0,NaN
-861386934087217506,0.22483821213245392,NaN,0.6250484585762024,NaN,1.0,NaN
-861386850086052746,1.2286932468414307,NaN,0.6340034604072571,8.499153408168026E-18,1.0,NaN
-861386433084791283,0.5535774827003479,NaN,0.729941725730896,NaN,1.0,1.2828880651208092E-14
-861386144087666936,0.3050067722797394,NaN,0.7090550661087036,9.611805573683796E-9,1.0,NaN
-861386017087078058,0.192032590508461,NaN,0.9225417375564575,6.614543912597526E-10,1.0,NaN
-861385867087063045,0.250484436750412,3.194190570233621E-20,0.790145754814148,NaN,1.0,NaN
-861385791085757207,0.41255199909210205,NaN,0.9139469861984253,1.2279918055462098E-18,1.0,1.0744555860458534E-17
-861385756087367941,0.2520849108695984,NaN,0.763309121131897,1.50920092395479E-11,1.0,NaN
-861385656085866386,12.91379451751709,2.2689972359907512E-33,0.8350309133529663,2.4344571819453478E-15,1.2314045429229736,NaN
-861385394086887976,1.1638481616973877,0.36399558186531067,0.9964703321456909,0.31164711713790894,0.30189090967178345,0.2873176038265228
-861385301084759712,0.38475626707077026,NaN,0.7533318996429443,6.003514344919508E-18,1.0,6.279056561485108E-17
-861385024087597513,0.21456293761730194,4.271462940202234E-22,0.8082205057144165,1.8151019576251315E-10,1.0,1.176770858535292E-8
-861384725085326591,0.17297562956809998,2.5280763006959636E-22,0.9530007839202881,NaN,1.0,NaN
-861384499085424886,0.3143400549888611,6.850676504614842E-30,0.9152493476867676,NaN,1.0,1.3552807735732583E-16
-861384165084958751,0.1776612251996994,NaN,0.7402665615081787,NaN,1.0,2.3755442057904474E-12
-861383786087641648,0.5229904055595398,NaN,0.5944222807884216,9.166248871039784E-10,1.0,NaN
-861383717087650266,0.26333457231521606,NaN,0.8531436324119568,NaN,1.0,1.1954792201069068E-15
-861383601085656109,0.35600796341896057,4.9096829196305875E-25,0.921977698802948,NaN,1.0,2.294967372675036E-15
-861383585084937991,0.307930052280426,NaN,0.7160351276397705,1.447045499917976E-12,1.0,2.206469815885237E-12
-861383519085205373,0.25582510232925415,2.6810436246297734E-21,0.8531409502029419,7.330671625283003E-9,1.0,1.0407917017118962E-7
-861383511085483092,3.521320343017578,NaN,0.34360480308532715,1.4018576542109383E-14,1.0,NaN
-861383382085244100,0.3652985990047455,NaN,0.9439331889152527,8.785994935062158E-13,1.0,9.106359329796865E-13
-861383310085447576,0.3507881462574005,2.47372441541496E-22,0.8842606544494629,NaN,1.0,4.1022745096708224E-12
-861383136085928958,0.4257158637046814,3.8244994000138025E-22,0.6283873319625854,NaN,1.0,NaN
-861382953085403953,0.2508539855480194,1.170108506029143E-24,0.7223109006881714,NaN,1.0,NaN
-861382862085783298,0.30183491110801697,NaN,0.9647887349128723,NaN,1.0,1.634419682927657E-11
-861382634086321471,0.23153698444366455,NaN,0.9148024320602417,NaN,1.0,5.937285862955832E-8
-861382609086131091,0.9546064138412476,NaN,0.20112597942352295,NaN,1.0,NaN
-861382488086067461,0.899743378162384,5.744735527825161E-22,0.5050703287124634,1.65429627461966E-13,1.0,NaN
-861382294087699183,0.4629184305667877,NaN,0.7409216165542603,NaN,1.0,NaN
-861381990086376395,43.98649215698242,462.74212646484375,0.9747710824012756,7.918215751647949,0.3846132457256317,4.608648777008057
-861381937084777666,0.486289918422699,NaN,0.7837633490562439,NaN,1.0,NaN
-861381824084818337,0.30281147360801697,3.466019244742165E-21,0.6158300638198853,NaN,1.0,NaN
-861381737087424873,0.3893548846244812,1.0073458006252623E-20,0.7740952372550964,NaN,1.0020453929901123,NaN
-861381690087561302,0.7557401061058044,7.234587825974172E-23,0.6339505910873413,7.306852605609704E-13,1.0,2.070432714162962E-11
-861381415087436883,0.6705495715141296,NaN,0.6936551928520203,NaN,1.0,NaN
-861381346085344071,0.5118916630744934,6.165656475780499E-29,0.5873526930809021,3.309523822789552E-17,1.0,NaN
-861381049085880827,0.6020423173904419,7.289438626334682E-25,0.2792190909385681,NaN,1.0,NaN
-861380936087639700,0.2199559211730957,NaN,0.7533579468727112,NaN,1.0,NaN
-861380923084705118,0.20781417191028595,NaN,0.886224627494812,NaN,1.0,NaN
-861380914087522347,2.2197234630584717,1.385340016944594E-21,0.1681126356124878,NaN,1.0,NaN
-861380861087162555,0.33290961384773254,1.686075705415347E-21,0.6268355250358582,1.2245136460364847E-8,1.0,NaN
-861380679087057278,0.30588775873184204,9.919799917844878E-22,0.6702771186828613,NaN,1.0,NaN
-861380190086687736,1.7819522619247437,23.30219268798828,0.9793620109558105,1.0491758584976196,2.771103858947754,18.662353515625
-861380093085651646,0.339420884847641,NaN,0.7786707878112793,9.742560924674848E-11,1.0,2.3305988250399423E-9
-861379995087383327,0.6221421360969543,NaN,0.536152720451355,4.8462827949754734E-17,1.0,1.3978477525930332E-16
-861379899086019679,0.4351986050605774,6.2965741156073974E-27,0.33049511909484863,4.0215176159855495E-14,1.0,1.6010196640658947E-14
-861379387086547751,9.007556915283203,130.87722778320312,0.03358326852321625,1.7697112343739718E-4,0.4008038341999054,7.4344892501831055
-861379192086729442,0.004313808865845203,0.14554467797279358,0.12272129952907562,0.9641737937927246,5.046899318695068,73.21318817138672
-861379161087715474,0.22156114876270294,NaN,0.8063892126083374,NaN,1.0,NaN
-861379155085510036,0.43536391854286194,6.901589443041209E-24,0.6089690327644348,NaN,1.0,1.2270756633014912E-10
-861379036086524202,1.0413782596588135,0.47708895802497864,0.030002005398273468,0.003031987464055419,0.30005303025245667,0.06930594146251678
-861378942086775649,0.9973306059837341,4.606110095977783,0.04118715971708298,0.07074194401502609,4.993407249450684,26.09642219543457
-861378536086452799,218.45603942871094,991.916259765625,0.9059125185012817,0.06787138432264328,0.30000001192092896,NaN
-861378492087541775,0.2072487324476242,5.50026336811159E-22,0.6477665901184082,5.162216254461782E-8,1.0,NaN
-861378432085434795,0.24113483726978302,NaN,0.9599143266677856,NaN,1.0,1.3932266451632813E-10
-861378332086079412,0.23247964680194855,NaN,0.5587239861488342,NaN,1.0,4.4577103608389734E-7
-861378072085461701,0.5798395872116089,3.482320922819925E-21,0.6886294484138489,1.378295588772005E-9,1.0,1.6166406879847273E-8
-861378030087232725,0.47192370891571045,NaN,0.9481516480445862,NaN,0.9999967813491821,NaN
-861377812086919868,0.32178154587745667,0.12366032600402832,0.9895884394645691,0.23257167637348175,0.30137085914611816,0.25478267669677734
-861377713086702688,13.637765884399414,34.37496566772461,0.9945686459541321,1.5325924158096313,1.0578577518463135,1.4829764366149902
-861377533087475606,0.02272985689342022,0.0,0.029999999329447746,8.289194468774094E-26,5.5,0.0
-861377514084694559,0.320311576128006,5.097839261730735E-24,0.9711881875991821,3.4411683334930557E-15,1.0,NaN
-861377421085408217,0.15123307704925537,NaN,0.9307271242141724,3.8757682501756874E-13,1.0,8.222363345744554E-10
-861377285086061577,0.34649351239204407,1.6215321916227695E-21,0.9080314636230469,NaN,1.0,NaN
-861376987085427857,0.25076979398727417,1.7479109903005413E-21,0.824250340461731,7.933626022804674E-8,1.0,2.426430455670925E-6
-861376869085226137,0.4399257302284241,4.412199129628469E-25,0.8638492226600647,NaN,1.0,NaN
-861376733086419802,149.45851135253906,0.0,0.11538287252187729,0.9091131091117859,0.30000001192092896,-0.0
-861376674087608857,0.26475387811660767,1.8101812909541978E-23,0.6587621569633484,NaN,1.0,1.165914864653672E-10
-861376502085242091,0.7434932589530945,NaN,0.6387898921966553,NaN,1.0,NaN
-861376440087556122,0.6603673696517944,2.0226114668650657E-22,0.5967077612876892,7.0476508167523124E-15,1.0,NaN
-861376429087548272,0.21228468418121338,NaN,0.7576199769973755,2.4263833608983987E-8,1.0,NaN
-861376395084876318,0.18455912172794342,NaN,0.7887730002403259,NaN,1.0,NaN
-861376284086902628,0.3579947352409363,0.60102778673172,0.07107402384281158,0.12094428390264511,0.3393362760543823,1.1513913869857788
-861376041086333962,0.08093304187059402,0.17020441591739655,0.9680584669113159,0.8804664611816406,0.30724191665649414,1.4813750982284546
-861375992085267543,0.2702123522758484,1.872558188582388E-27,0.5907790660858154,NaN,1.0,8.493267802381008E-14
-861375707086634837,0.8739606142044067,0.15060147643089294,0.9999987483024597,0.002687627449631691,0.3000199794769287,0.021021677181124687
-861375155085410535,0.20737779140472412,0.0,0.8250226974487305,0.0,1.0,0.0
-861375103086257757,0.2523382306098938,NaN,0.9641312956809998,7.140140800658556E-13,1.0,NaN
-861375090087510212,0.3448861837387085,3.1084850298738093E-19,0.5238029360771179,NaN,1.0,NaN
-861375045086366261,4.003636837005615,2.851569652557373,0.9146786332130432,0.2578875720500946,1.068512201309204,0.7123323082923889
-861374834086991087,0.34206250309944153,NaN,0.6222991943359375,NaN,1.0,2.696673179897191E-13
-861374653086960138,1.6607240438461304,502.90533447265625,0.27084511518478394,99.31103515625,0.4125235080718994,84.54463195800781
-861374605085742171,0.7481533885002136,4.876072514687515E-25,0.426715612411499,NaN,1.0,NaN
-861374557086621738,5.462121486663818,23.696718215942383,0.07644893229007721,0.05930483341217041,5.081960201263428,8.453861236572266
-861374550087536973,1.687847375869751,6.826383191426738E-27,0.30093318223953247,NaN,1.0,NaN
-861374474085376081,0.46728283166885376,NaN,0.2741205096244812,NaN,1.0,NaN
-861374270084848921,0.2230781614780426,NaN,0.8789771795272827,NaN,1.0,5.376590337091139E-16
-861374226086052287,0.21948020160198212,NaN,0.6167742013931274,1.0997024624259666E-8,1.0,NaN
-861374072085380345,0.30791372060775757,NaN,0.48432308435440063,NaN,1.0,NaN
-861374031086743703,0.01953132450580597,0.029876427724957466,0.4649759829044342,0.34579238295555115,5.222916603088379,7.23710298538208
-861373894085499865,0.3734290897846222,NaN,0.6400595903396606,NaN,1.0,1.2485418948715576E-11
-861373804084575338,1.0331639051437378,1.0320356474918713E-21,0.7534956336021423,NaN,1.0,NaN
-861373691086204075,1.0917906761169434,1.549892544746399,0.4917754530906677,0.24180343747138977,2.4078192710876465,3.5422182083129883
-861373501086785594,0.3004220426082611,0.3433452546596527,0.9998180866241455,0.24288290739059448,0.30282410979270935,0.7409127354621887
-861373373085363312,0.39747896790504456,NaN,0.6474310755729675,NaN,1.0,NaN
-861373277084710297,0.628704309463501,NaN,0.3927130699157715,4.457846058509962E-17,1.0,3.2540890898120043E-16
-861373201085565708,0.37450748682022095,2.264198286180991E-30,0.8244800567626953,NaN,1.0,8.093849797268069E-17
-861373023086029810,0.15565985441207886,1.5032592984667163E-21,0.8684918284416199,NaN,1.0,2.832303493960353E-7
-861373016086218782,1.2820041179656982,9.65391731262207,0.9827683568000793,4.4083638191223145,0.566358745098114,7.632843017578125
-861372845087203409,0.3118453621864319,NaN,0.9361910820007324,3.995669982083611E-15,1.0,3.015255349548239E-14
-861372813086018485,0.30751484632492065,7.27571426254164E-21,0.4098317623138428,NaN,1.0,NaN
-861372808087089305,0.23045864701271057,NaN,0.6847070455551147,9.401747230134566E-14,1.0,NaN
-861372797087404869,0.16248390078544617,1.52476147579783E-23,0.7739030718803406,3.3292996137745945E-10,1.0,NaN
-861372108087599237,0.4019118845462799,4.2629409687191775E-28,0.8198829889297485,NaN,1.0,NaN
-861372084086149993,122.25111389160156,4.819090366363525,0.04307582974433899,0.03791506588459015,5.386750221252441,0.6020395755767822
-861372083085716849,0.5635354518890381,9.293713613596602E-28,0.943470299243927,NaN,1.0,4.201338475522901E-15
-861372040087430059,0.16345994174480438,4.451330294786336E-22,0.9475218653678894,5.594666440192353E-13,1.0,3.617215682538699E-8
-861371988085623252,0.30008965730667114,2.5000519223746785E-22,0.836767315864563,8.421182079844467E-15,1.0,4.137378102880146E-13
-861371920086709773,0.2075738161802292,1.1492552757263184,0.048110105097293854,1.4134528636932373,0.3482256531715393,4.389577865600586
-861371545086024660,0.3309693932533264,NaN,0.9755890965461731,NaN,1.0,3.315367078093878E-11
-861371539084771031,0.30592867732048035,NaN,0.6940901279449463,7.639431973538305E-16,1.0,NaN
-861371363084553031,0.42398110032081604,NaN,0.8751341104507446,NaN,1.0,7.11145105887518E-17
-861371292087618994,0.725531816482544,5.505457278798663E-21,0.5587224960327148,NaN,1.0,5.892457077827373E-10
-861371262086093854,0.23347754776477814,NaN,0.6453870534896851,NaN,1.0,8.826948894036235E-11
-861371256086389662,8.972285270690918,681.71240234375,0.9560402631759644,32.971561431884766,0.32126373052597046,11.874053001403809
-861371249084896928,0.8366198539733887,5.785231144984334E-29,0.49735796451568604,NaN,1.0,7.73119065566767E-17
-861371208086382140,0.5310196876525879,2.3310227394104004,0.03151755779981613,0.24029070138931274,0.3037492334842682,1.0046422481536865
-861370831084661341,0.3397337794303894,NaN,0.836951494216919,NaN,1.0,NaN
-861370777087076225,0.22407761216163635,6.258634673128065E-24,0.9163251519203186,NaN,1.0,2.1716701770202462E-9
-861370251085319107,0.3460991084575653,1.2875749484567258E-25,0.45087993144989014,NaN,1.0,NaN
-861370051087636590,0.6022434830665588,9.003866087346981E-26,0.33022576570510864,NaN,1.0,8.715640378463216E-14
-861369949085262780,0.24663987755775452,NaN,0.9116484522819519,NaN,1.0,4.034584610845826E-10
-861369932085469402,0.18093016743659973,NaN,0.7923290729522705,NaN,1.0,NaN
-861369784085312781,0.31143903732299805,NaN,0.5943366885185242,NaN,1.0,1.1846669478732252E-10
-861369678086688450,0.9478800892829895,0.4249354600906372,0.2880670130252838,0.1700468361377716,0.3002275228500366,0.14952878654003143
-861369647084664626,0.4031224250793457,1.0439358474470356E-17,0.4615899920463562,1.1805761914729374E-6,1.0,1.071105657501903E-6
-861369567085626943,0.19034907221794128,NaN,0.8988034129142761,7.378523605439113E-7,1.0,NaN
-861369502084804387,0.22635698318481445,NaN,0.6986574530601501,NaN,1.0,7.694916703826493E-9
-861369016086807529,0.009874132461845875,1.37654709815979,0.8623087406158447,38.27149963378906,0.403438538312912,25.396278381347656
-861369012085302459,0.2625017762184143,NaN,0.7707870006561279,9.564007363849214E-9,1.0,7.157854753359061E-8
-861368987085871578,0.19871370494365692,0.0,0.09021694958209991,5.827827262692153E-4,5.5,-0.0
-861368785086064581,0.372211754322052,1.225717989439878E-18,0.5936161279678345,NaN,1.0,1.9628423331141676E-9
-861368648086072657,0.8200114369392395,NaN,0.441284716129303,4.737518139719856E-17,1.0,NaN
-861368642086059459,1.0977427959442139,NaN,0.7242754697799683,NaN,1.0000096559524536,8.060143663612962E-10
-861368588086358434,32.52595138549805,140.6943359375,0.8562976121902466,5.999024724587798E-4,0.3000006675720215,4.002293280791491E-4
-861368447085297534,0.4575488567352295,NaN,0.3070984482765198,NaN,1.0,4.011767654188425E-11
-861368415084656359,0.5198236703872681,NaN,0.3984854817390442,5.901233015499796E-16,1.0,NaN
-861368339085483354,0.9426918029785156,NaN,0.6946403384208679,8.874997091401493E-13,1.0,NaN
-861368157087067596,0.23307976126670837,NaN,0.9548977017402649,NaN,1.0,NaN
-861367974085700796,0.8188084363937378,NaN,0.3843281865119934,3.3694079563115556E-14,1.0,1.1931209872081266E-13
-861367912085292105,0.47342604398727417,NaN,0.3762737512588501,NaN,1.0,4.288431673709009E-15
-861367869086646021,2.78603196144104,7.32078218460083,0.09196585416793823,0.0015039211139082909,0.30420982837677,0.5283817648887634
-861367846086053158,0.7036529779434204,1.1080231806359864E-25,0.4637836813926697,NaN,1.0,NaN
-861367601084811215,0.28870975971221924,1.1942883565293373E-21,0.9011495113372803,NaN,1.0,NaN
-861367449086126552,0.2402583658695221,NaN,0.749090313911438,2.367722337637268E-12,1.0,NaN
-861367311086030399,0.3558823764324188,2.5449033879045048E-20,0.4497809410095215,NaN,1.0,NaN
-861367297085731411,2.204225778579712,9.77520236520143E-20,0.43293261528015137,1.0860581184379825E-10,1.0,NaN
-861367216084551154,0.5806888341903687,NaN,0.5602066516876221,NaN,1.0,NaN
-861366823085475480,0.49983900785446167,7.146427548386736E-20,0.3320304751396179,NaN,1.0,2.589241709927137E-9
-861366770084748503,0.4440997540950775,NaN,0.8961765170097351,5.470649970986829E-19,1.0,NaN
-861366727086301428,0.5492671728134155,0.32765206694602966,0.5165202021598816,0.2849922180175781,1.0459675788879395,1.2096750736236572
-861366565084701386,0.31528863310813904,NaN,0.7605886459350586,NaN,1.0,4.036395040429852E-8
-861366436085267900,0.27175697684288025,2.261785798297886E-19,0.44515931606292725,NaN,1.0,NaN
-861366404086634510,0.002325307345017791,0.0,0.9426031708717346,2.46680564863766E-10,0.9591909050941467,NaN
-861366388085263361,0.3163168430328369,NaN,0.6762051582336426,3.4096989419201904E-14,1.0,1.850223533411688E-13
-861366229084864735,0.3430178761482239,1.421285592833463E-29,0.788469672203064,5.682873910485272E-18,1.0,3.937242817361034E-18
-861366090086308055,0.12766970694065094,0.1530163288116455,0.49528998136520386,1.072380542755127,0.3990058898925781,3.9711976051330566
-861366020084921732,0.31362399458885193,NaN,0.964099645614624,NaN,1.0,NaN
-861365846086511945,0.0110717061907053,0.022142257541418076,0.8870732188224792,0.6225966811180115,5.184399127960205,7.276867389678955
-861365648086269464,0.29604119062423706,0.1696416586637497,0.7788140773773193,0.6715189814567566,0.38639163970947266,1.1324548721313477
-861365296085539641,0.2697843015193939,1.0719894738781652E-23,0.8571252822875977,1.823007439449853E-10,1.0,1.3021267619706123E-8
-861365156084770952,0.27671462297439575,2.405242302138344E-21,0.6132840514183044,NaN,1.0,5.8544933345672234E-9
-861364933086636917,9.695792198181152,16.38616943359375,0.9994575381278992,0.36714988946914673,0.3015081286430359,0.96358722448349
-861364905084837701,0.511346697807312,1.0025739267359501E-22,0.5069940090179443,NaN,1.0,4.879922577138984E-10
-861364599084726863,0.3339933753013611,NaN,0.829102098941803,2.5582742545658296E-17,1.0000005960464478,1.7909619638119603E-16
-861364378085499231,0.2311035394668579,5.091467947743627E-23,0.9528648853302002,1.8258907719115314E-9,1.0,3.750401234015044E-8
-861364336085600497,0.35493817925453186,1.2667479208528928E-29,0.8902145028114319,4.141167240183426E-18,1.0,NaN
-861364202086477819,0.006693435832858086,0.2777877449989319,0.7127840518951416,37.967506408691406,2.0357890129089355,67.83026885986328
-861363939086335543,0.07611841708421707,0.1256406605243683,0.2662847936153412,4.668424129486084,0.43240663409233093,6.543631553649902
-861363935086179889,0.009045959450304508,0.46740925312042236,0.09421644359827042,3.0795974731445312,0.786678671836853,14.125194549560547
-861363904086036815,1.5775009393692017,1.6922225095888292E-20,0.5584248900413513,7.684839093205498E-13,1.0,1.336734195556133E-11
-861363852085242069,1.2775346040725708,NaN,0.2619297504425049,NaN,1.0,1.7994985926708673E-13
-861363734086047387,0.5440014600753784,NaN,0.8047582507133484,3.484093724637205E-8,1.0,1.3818345578897606E-8
-861363635086349827,0.6178501844406128,0.7204083800315857,0.03032834827899933,0.024709710851311684,0.3057546019554138,0.7752260565757751
-861363451086597869,0.3909236192703247,0.4180178642272949,0.5830403566360474,0.5675843954086304,0.3015707731246948,0.6319069862365723
-861363034085318341,0.3085891604423523,NaN,0.833437979221344,NaN,1.0,NaN
-861362925086848534,1.89728581905365,22.63287353515625,0.9695119261741638,2.2947089672088623,0.3872748613357544,4.368807792663574
-861362763085352071,0.26053160429000854,7.12469279162881E-28,0.9271702170372009,5.234520888979964E-15,1.0,1.7461462234902997E-14
-861362726085542496,0.37277743220329285,NaN,0.8253805041313171,NaN,1.0,1.4708300303874848E-17
-861362723087185480,0.20722539722919464,1.0291461699029043E-22,0.8447161316871643,6.5214500466481695E-9,1.0,NaN
-861362576085478276,0.5992840528488159,2.861726454897643E-18,0.4879879951477051,8.862702238765507E-10,1.0,5.753181486767289E-9
-861362235084566452,0.27453452348709106,3.583455869608037E-21,0.8045678734779358,NaN,1.0,NaN
-861362061086746076,0.00585144804790616,0.0,0.9199537038803101,NaN,0.9200330972671509,NaN
-861361788086484023,0.2772733271121979,0.7222014665603638,0.048269037157297134,0.3559775948524475,0.3338850736618042,1.5668553113937378
-861361765084768404,0.2668569087982178,NaN,0.5948401689529419,2.5884399875233943E-13,1.0,1.4673642075718751E-12
-861361713085336492,0.4327431321144104,NaN,0.606929361820221,1.0837645939414639E-17,1.0,6.722627863627484E-17
-861361527087651594,0.45254960656166077,3.5450932608645517E-23,0.8550792336463928,NaN,1.0,NaN
-861361524084513661,0.4509860873222351,NaN,0.8775253891944885,NaN,1.0,NaN
-861361519084986196,0.1570110321044922,9.779454461290864E-19,0.5973657965660095,NaN,1.0,NaN
-861361296084529266,0.2925110459327698,NaN,0.9516274333000183,NaN,1.0,NaN
-861361088085442773,0.20808124542236328,NaN,0.7708877921104431,8.963962350172494E-10,1.0,NaN
-861361070085472984,0.7849254608154297,6.861247338686277E-20,0.35305100679397583,NaN,1.0,NaN
-861360821085342801,0.3721204102039337,NaN,0.5535763502120972,1.3873024727217853E-5,1.0,7.396249566227198E-5
-861360673086601947,0.1106177270412445,0.1059926301240921,0.9999995827674866,0.006184534169733524,0.3000001609325409,2.4617083371758497E-10
-861360595085717013,0.4092831611633301,5.0533427735108386E-24,0.6347957849502563,NaN,1.0,7.189596682756483E-14
-861360536087093038,1.4088855981826782,NaN,0.6927911043167114,NaN,1.0,NaN
-861360524086008226,0.17925430834293365,NaN,0.8754517436027527,NaN,1.0,NaN
-861360397086546072,7.1013641357421875,181.78797912597656,0.9363753199577332,12.755118370056152,0.33018460869789124,7.554119110107422
-861360163084553143,0.3158360421657562,NaN,0.810247004032135,NaN,1.0,NaN
-861359885085424764,0.2923177182674408,NaN,0.8769915103912354,NaN,1.0,1.365284838308889E-13
-861359746084443919,0.19879527390003204,3.692718541021645E-25,0.7930460572242737,NaN,1.0,NaN
-861359628084861059,0.3447965383529663,NaN,0.6052294373512268,5.519459023162199E-7,1.0,7.973366336955223E-6
-861359273085618716,0.22150854766368866,NaN,0.6185470819473267,2.2293005486062611E-7,1.0,NaN
-861359265085724580,0.7055128812789917,NaN,0.6281392574310303,NaN,1.0,1.1068554926774166E-11
-861359160087459729,0.31182432174682617,NaN,0.7899429798126221,NaN,1.0,NaN
-861359036087049693,0.19694314897060394,0.0,0.9712429642677307,0.0,1.0,0.0
-861358826086794697,8.470195770263672,343.56988525390625,0.09539209306240082,2.9300925731658936,0.3579180836677551,9.61369800567627
-861358732085360179,0.21687312424182892,1.4091589982905293E-24,0.7634502649307251,1.0173048167749776E-11,1.0,NaN
-861358249087011025,0.3986869752407074,2.741176330587596E-28,0.8386715650558472,1.0116827849618375E-16,1.0,NaN
-861357773085233798,0.4707815647125244,5.063901866053839E-22,0.3386910557746887,NaN,1.0,5.678323367064309E-10
-861357388086994495,0.52242112159729,0.23399971425533295,0.9252512454986572,0.5277287364006042,0.46084219217300415,0.6899026036262512
-861357190085901511,0.43973904848098755,2.762589943450897E-23,0.4413415193557739,NaN,1.0,1.2064790864214827E-14
-861357112087640156,0.1773475706577301,0.0,0.8261327743530273,0.0,1.0,0.0
-861356856087523956,0.6466037034988403,1.810146689414978,0.23858368396759033,0.3070754408836365,1.0453259944915771,2.5093085765838623
-861356664084839894,0.528253972530365,NaN,0.5255107283592224,NaN,1.0,1.6910835398675772E-8
-861356511085678766,0.21931850910186768,NaN,0.7812853455543518,NaN,1.0,5.621618726081579E-10
-861356496087652970,0.3037256598472595,2.2465009836304913E-27,0.806091845035553,NaN,1.0,NaN
-861356318085489622,0.1870051771402359,NaN,0.7716110348701477,NaN,1.0,NaN
-861355991086123507,23.714082717895508,137.46994018554688,0.6726534366607666,0.8486642241477966,1.104613184928894,3.7380588054656982
-861355952086908616,3.5762436389923096,6.668858528137207,0.6351373195648193,0.2589598000049591,3.1219100952148438,2.9172353744506836
-861355888087648985,0.35567134618759155,NaN,0.8419093489646912,1.0804875050229867E-10,1.0,2.2650752801167684E-11
-861355803086191483,0.005427168682217598,0.006446549668908119,0.8694568276405334,1.2703461647033691,5.471633434295654,1.5355967283248901
-861355701086588787,0.2434825599193573,0.3927634656429291,0.9589243531227112,1.2850719690322876,0.30185559391975403,1.0071227550506592
-861355615087192682,0.47326451539993286,NaN,0.4591990113258362,2.329101538370293E-12,1.0,6.678551808803057E-12
-861355603085580935,0.18926118314266205,1.5610928628785508E-19,0.7377308011054993,1.3814623400776327E-7,1.0,NaN
-861355512086386855,5.539411544799805,24.163291931152344,0.21650898456573486,0.28686848282814026,0.8004063367843628,2.6173906326293945
-861355495084629270,0.4044879078865051,NaN,0.7375063896179199,NaN,1.0,NaN
-861355471086901958,0.02800448052585125,1.3450541496276855,0.10462865978479385,5.8854660987854,1.6600993871688843,32.215919494628906
-861355386086020664,0.27764976024627686,1.7756258069808431E-22,0.7615659236907959,NaN,1.0,1.2836204632549197E-7
-861355204085026334,0.20849506556987762,0.0,0.6758489012718201,0.0,1.0,0.0
-861355035085017140,0.5555126667022705,NaN,0.406990647315979,5.1267626588469284E-8,1.0,NaN
-861354966087182193,0.33827099204063416,NaN,0.6265991926193237,5.359210796494762E-13,1.0,2.1152088761078325E-11
-861354964086828068,12.498369216918945,223.5691680908203,0.03196334466338158,0.13060006499290466,0.3181317448616028,4.117727756500244
-861354905087061312,0.27374929189682007,NaN,0.8371442556381226,7.838133697646299E-9,1.0,NaN
-861354691085470562,0.4709821343421936,1.237615879105441E-21,0.322773814201355,5.172047252283152E-12,1.0,NaN
-861354607087080535,0.6282445788383484,NaN,0.6792119741439819,NaN,1.0,NaN
-861354363086346326,14.112969398498535,23.912927627563477,0.7285953760147095,0.16591808199882507,0.9133357405662537,0.7318415641784668
-861354220085227917,0.6056333780288696,NaN,0.36057209968566895,1.3968119239427698E-17,1.0,8.155092926332515E-16
-861354058085527531,0.23310120403766632,NaN,0.892510712146759,NaN,1.0,4.191223812455291E-9
-861353817084660041,1.1332377195358276,4.605469496739793E-26,0.46423256397247314,NaN,1.0,1.7034837150359423E-14
-861353737085203861,0.2122666835784912,NaN,0.7983613014221191,2.0813639169375148E-14,1.0,NaN
-861353518086350568,5.885768890380859,33.70970916748047,0.9972631335258484,0.3103613555431366,0.30033957958221436,0.0909774899482727
-861353484086821143,11.784436225891113,108.72552490234375,0.38451245427131653,0.19406236708164215,1.3419761657714844,7.185625076293945
-861353447087064687,0.27431395649909973,NaN,0.5785409808158875,NaN,1.0,1.1972162816675791E-8
-861353126084377231,0.18783526122570038,4.649680975924128E-22,0.8192309737205505,NaN,1.0,NaN
-861353092085289477,0.22420530021190643,1.213121760620103E-21,0.8973315358161926,5.72229031737051E-14,1.0,NaN
-861352873087002618,1.1469950675964355,0.3225138187408447,0.3901500403881073,0.15442225337028503,0.3000105023384094,0.0077744959853589535
-861352861085621534,0.23937013745307922,2.992922017562984E-21,0.937875509262085,NaN,1.0,NaN
-861352806085907712,0.8573018908500671,NaN,0.5616462826728821,NaN,1.0,NaN
-861352799085891866,0.6301494836807251,9.713256651937962E-27,0.5721675157546997,NaN,1.0,NaN
-861352673087023672,0.24740472435951233,9.778758107125556E-28,0.8212828040122986,4.556367570804213E-17,1.0,NaN
-861352508084860433,0.6049329042434692,4.6047898625439553E-29,0.8021779656410217,1.8578575819614508E-18,1.0,3.70085445062808E-18
-861352465084565275,0.6709984540939331,4.019207184600156E-23,0.8075976371765137,NaN,1.0,3.701575938125368E-12
-861352393084787277,0.3290415406227112,NaN,0.8524937033653259,1.2142133132275745E-10,1.0,1.5077177006883602E-10
-861352371086957367,0.1734474003314972,0.22376973927021027,0.9993746280670166,0.5366573929786682,0.3012582063674927,0.8399774432182312
-861352356086174707,2.636276960372925,5.425535678863525,0.6132136583328247,0.38673606514930725,1.6815853118896484,2.5978951454162598
-861352168084969564,0.4668042063713074,1.1825011999328498E-29,0.6343907713890076,NaN,1.0,1.1435757079294582E-17
-861351873085223119,0.2859364449977875,NaN,0.627646803855896,4.484815629979266E-9,1.0,2.7835100890882813E-9
-861351662085434232,0.3127018213272095,1.0550172103884257E-22,0.9176074266433716,NaN,1.0,NaN
-861351559085748998,0.7982648611068726,NaN,0.5263785719871521,NaN,1.0,1.176948574440706E-16
-861351251085466195,0.3296680152416229,NaN,0.5556829571723938,NaN,1.0,1.5956521856857336E-14
-861351238086389169,0.1531616896390915,0.6706830859184265,0.2219805270433426,1.0062472820281982,0.3069186806678772,2.810342311859131
-861351144087539294,0.028105976060032845,0.0,0.030004890635609627,NaN,0.30036377906799316,NaN
-861350775086571678,0.5613264441490173,1.7054389715194702,0.033354777842760086,0.20145413279533386,0.32734373211860657,1.8614104986190796
-861350678085712669,1.3285424709320068,NaN,0.441361665725708,3.012873694070885E-17,1.0,2.6795770819359544E-16
-861350535086799455,2.7308859825134277,82.6689453125,0.6958997845649719,13.08537769317627,1.9467041492462158,34.15330505371094
-861350435084686704,0.4197097420692444,NaN,0.9879162907600403,6.710321401346165E-17,1.0,NaN
-861350371084951747,0.5318185091018677,NaN,0.8888904452323914,2.8965852934766994E-18,1.0,4.34907122893281E-18
-861350306087579693,0.6208555698394775,9.117127263666924E-29,0.5859386324882507,NaN,1.0,4.7533017384241027E-17
-861350221086948502,0.32306787371635437,1.0251684188842773,0.05315250903367996,0.25485658645629883,0.510182797908783,2.0881175994873047
-861350196085755842,0.29111185669898987,NaN,0.784388542175293,NaN,1.0,1.81276858351705E-14
-861349815087314173,0.2965214252471924,NaN,0.9796086549758911,1.2121716983984473E-15,1.0,NaN
-861349460084921419,0.16843849420547485,2.7414039794359195E-22,0.7499322891235352,NaN,1.0,NaN
-861349444086306611,0.009430005215108395,0.2524279057979584,0.9005072712898254,4.405871868133545,2.5064892768859863,56.233394622802734
-861349246084962796,0.18689896166324615,NaN,0.7856903672218323,NaN,1.0,NaN
-861349204086813751,3.7207884788513184,102.97322082519531,0.15161165595054626,1.2470756769180298,0.43832215666770935,10.134811401367188
-861349075084314233,1.288079857826233,NaN,0.24554365873336792,NaN,1.0,1.3178152357667798E-15
-861348946084798882,0.48192477226257324,3.5497046261721117E-23,0.9836533069610596,5.954031056508091E-19,1.0,6.588423434068921E-17
-861348549086060632,156.43678283691406,55.04256820678711,0.23571912944316864,0.002753281267359853,0.6739868521690369,3.408076047897339
-861348543087055522,0.2152937352657318,NaN,0.736977756023407,8.100186320303404E-12,1.0,NaN
-861348280086987043,4.246916770935059,5.988829135894775,0.8028311729431152,0.12814953923225403,0.36008474230766296,0.6195791363716125
-861348140084714087,0.3646933436393738,NaN,0.6170181632041931,NaN,1.0,9.034056368720342E-16
-861348090086015629,0.013255126774311066,0.13632406294345856,0.5336641669273376,9.291661262512207,0.810652494430542,8.703309059143066
-861348029086149555,0.6146816611289978,0.6702303886413574,0.4623832404613495,0.35178202390670776,0.3144073784351349,0.7178499698638916
-861347877086971448,3.6392643451690674,17.704566955566406,0.6728950142860413,0.8275938034057617,0.745326817035675,2.5231587886810303
-861347835087257999,0.35264167189598083,NaN,0.8758653998374939,5.667641106866378E-14,1.0,5.760864875414828E-14
-861347780085762267,0.21706342697143555,1.3378624549183036E-21,0.6670051217079163,NaN,1.0,NaN
-861347739085677767,0.4294349253177643,NaN,0.4070141911506653,2.0117348759063347E-11,1.0,2.9980692928255337E-10
-861347559084873045,0.6048868894577026,2.861228210706002E-28,0.49643224477767944,NaN,1.0,NaN
-861347549087430240,0.03423120826482773,0.01720280386507511,0.5406817197799683,0.15748432278633118,1.8889449834823608,0.2666141986846924
-861347402087186741,0.24068960547447205,NaN,0.5396182537078857,NaN,1.0,9.109602849832754E-9
-861347174087201372,0.33313602209091187,1.0439161502086992E-20,0.6521508693695068,NaN,1.0,NaN
-861347174085410179,1.0331746339797974,NaN,0.5794054269790649,NaN,1.0,NaN
-861346985086131724,0.32559582591056824,0.3794262707233429,0.9999982714653015,0.0033013480715453625,0.3053898215293884,0.8006019592285156
-861346859086028537,0.1165756955742836,0.20165251195430756,0.22087587416172028,0.341487318277359,1.1708781719207764,2.13722825050354
-861346668086144559,5.373231410980225,109.59888458251953,0.5033712387084961,22.239185333251953,0.35815557837486267,11.446510314941406
-861346606087575654,0.29282495379447937,NaN,0.9505556225776672,NaN,1.0,1.7739865132426758E-10
-861346365086623292,5.993771553039551,33.14840316772461,0.999623715877533,0.2993525564670563,4.654036998748779,7.951608180999756
-861346243086020772,1.283553123474121,0.49613213539123535,0.03001064620912075,0.003224099986255169,0.3008198142051697,0.23033840954303741
-861346047084990459,0.1996280550956726,8.078108840209075E-22,0.6729108691215515,NaN,1.0,1.0010206885624484E-8
-861346041084731947,0.2702510952949524,9.315548438563369E-20,0.7614769339561462,NaN,1.0,NaN
-861345806087020949,0.2596692740917206,NaN,0.8609037399291992,NaN,1.0,NaN
-861345747085761810,0.277418315410614,NaN,0.6892231702804565,NaN,1.0,NaN
-861345658084319417,0.407575786113739,NaN,0.8809251189231873,9.00052825695173E-18,1.0,7.239796402718908E-17
-861345609086322642,8.662014961242676,190.28504943847656,0.2197568118572235,3.6126797199249268,0.5126204490661621,6.313232421875
-861345508085628306,0.15432347357273102,NaN,0.9491695761680603,5.320849982837217E-9,1.0,NaN
-861345500085751072,0.7962575554847717,6.54083505100474E-19,0.4326019883155823,NaN,1.0,NaN
-861345487084286616,0.32289445400238037,NaN,0.6284874081611633,NaN,1.0,2.2074510749143295E-17
-861345482084697641,0.2317182570695877,3.11259421112538E-21,0.6162890791893005,1.2673605276347644E-8,1.0,NaN
-861345459085353300,0.4832400381565094,NaN,0.8485105633735657,NaN,1.0,NaN
-861345009085399455,0.294961154460907,1.824977450082449E-22,0.41861283779144287,NaN,1.0,NaN
-861344738085664349,0.7694884538650513,NaN,0.46977806091308594,2.1286252293133338E-18,1.0,NaN
-861344737084266842,0.38276877999305725,NaN,0.8960644006729126,1.6475448432683121E-18,1.0,NaN
-861344646085608902,0.1861145794391632,NaN,0.849001944065094,7.608695791472275E-12,1.0,NaN
-861344635085222294,0.32191580533981323,NaN,0.45197147130966187,1.5710697716733724E-12,1.0,2.8393938675957964E-12
-861344612087192568,0.24229338765144348,NaN,0.9277722239494324,NaN,1.0,3.0155395958075815E-9
-861344225085602370,0.6573593616485596,2.321824585237962E-28,0.3495546579360962,6.175871801943978E-16,1.0,1.0183968604396756E-14
-861344194085732230,0.6352514028549194,2.066174129155493E-25,0.5583324432373047,1.0927370458686282E-14,1.0,NaN
-861344082084449726,0.2944956421852112,1.0819326741239556E-28,0.849112868309021,NaN,1.0,4.1280108332790964E-16
-861344049084617238,0.3857106864452362,1.6990341963015917E-25,0.9692026376724243,NaN,1.0,3.5416321585098097E-16
-861343896084335402,0.185405895113945,NaN,0.7177228331565857,3.638559176177836E-10,1.0,NaN
-861343838085864386,0.26780450344085693,NaN,0.5571932792663574,NaN,1.0,6.484999204303676E-9
-861343757086854891,0.4087895154953003,0.4153808653354645,0.3845036029815674,0.700864315032959,0.41949382424354553,1.8475209474563599
-861343609084909727,0.28463974595069885,1.5761322557180033E-23,0.8975270390510559,3.3247021672191956E-13,1.0,NaN
-861343385084257713,0.08052638173103333,NaN,0.8897461295127869,7.952041261774428E-17,0.9921819567680359,NaN
-861343374085747336,0.5610552430152893,2.067329126439237E-21,0.41700172424316406,NaN,1.0,NaN
-861343245086249915,0.9497376680374146,0.6044071316719055,0.4460213780403137,0.2824336290359497,0.30152153968811035,0.3978484272956848
-861343203085309731,0.5441319346427917,7.413093129532786E-20,0.4139551520347595,7.989250434548012E-7,1.0,NaN
-861343164084500434,0.904731273651123,3.763486878120092E-23,0.31391745805740356,NaN,1.0,NaN
-861343107084231134,0.5488336682319641,NaN,0.5857118964195251,2.2984951442150958E-10,1.0,4.014397841922701E-11
-861342897084225341,0.6512228846549988,NaN,0.7965248823165894,2.6681714855161547E-17,1.0,NaN
-861342608085214574,1.06369149684906,1.2487296039736842E-21,0.8474090099334717,NaN,1.0,1.6525845580872556E-8
-861342401085254100,0.24224147200584412,NaN,0.7857508063316345,NaN,1.0,NaN
-861341876085502254,0.23283877968788147,2.8529940973868216E-22,0.649379551410675,1.9246128128702633E-12,1.0,1.947677262525982E-12
-861341849085295717,0.7453323602676392,7.509065982602943E-23,0.2991101145744324,7.293153575635078E-15,1.0,8.393458691480834E-15
-861341714084776168,0.1748436540365219,NaN,0.9093524813652039,3.586848873471382E-10,1.0,NaN
-861341451084996613,0.25857779383659363,1.6979866215599705E-22,0.9500985741615295,1.0108134815278724E-11,1.0,2.3976896024180405E-9
-861341030087087564,0.2692195475101471,0.0,0.8279713988304138,0.0,1.0,0.0
-861340938084584497,0.25357168912887573,7.190776384564369E-21,0.9120394587516785,3.766142508965231E-9,1.0,NaN
-861340583084439258,0.32226210832595825,6.130067902465347E-21,0.4833498001098633,1.2465960555485545E-11,1.0,4.989898771956547E-11
-861340307085202839,0.944611668586731,NaN,0.3233717083930969,8.957787669264993E-17,1.0,8.198012615165482E-16
-861340272084329990,0.4666120409965515,NaN,0.7070278525352478,9.219608696547625E-18,1.0,5.057617184443176E-17
-861340272084245311,2.2354843616485596,NaN,0.11466896533966064,NaN,1.0,NaN
-861340178085330047,0.4879952073097229,NaN,0.6104828119277954,1.3252177133438181E-11,1.0,6.289680581916812E-11
-861340157087177258,0.9376940727233887,1.5911734918414013E-21,0.3123261332511902,2.2360806511533687E-13,1.0,9.718128211877453E-12
-861340071085279780,0.4030384421348572,1.4019463089277397E-22,0.7839884161949158,NaN,1.0,NaN
-861339965086595853,7.2579474449157715,118.70460510253906,0.03796590492129326,0.16883763670921326,2.1958889961242676,15.27446460723877
-861339870086123121,0.2309809774160385,0.07434634864330292,0.6259901523590088,0.3472433090209961,0.4140892028808594,0.7968743443489075
-861339825085730805,0.408564031124115,NaN,0.3992609977722168,1.0294275333425432E-13,1.0,2.820784784137581E-13
-861339353086138284,0.1590758115053177,0.12417715787887573,0.995560348033905,1.1389961242675781,0.4614780843257904,1.9958518743515015
-861339235085502079,0.35399821400642395,8.451385041259512E-27,0.7423529028892517,NaN,1.0,3.5900752856643514E-14
-861339138086109969,0.2851729393005371,0.23357948660850525,0.25131046772003174,0.6113986968994141,0.30033499002456665,0.3492726981639862
-861339098087009706,0.01360216923058033,0.039812080562114716,0.8974889516830444,0.8917561173439026,5.175090789794922,12.578468322753906
-861338964084314871,0.1523260921239853,NaN,0.8741333484649658,1.5054485436039045E-11,1.0,NaN
-861338847085352784,0.5639892220497131,7.853685321934194E-29,0.9262300729751587,3.307535032442791E-18,1.0,NaN
-861338638085465976,3.80186128616333,NaN,0.5179791450500488,NaN,1.0,NaN
-861338504084232537,0.43758922815322876,1.6945682821538125E-24,0.6406317949295044,7.442582249279905E-13,1.0,1.2579340780832782E-12
-861338474084510737,0.42146268486976624,7.314009079734375E-24,0.9054096341133118,1.321385763395494E-13,1.0,NaN
-861338430085285247,0.35143613815307617,NaN,0.5504580736160278,2.1426114354961E-11,1.0,NaN
-861338379086928101,4.725790977478027,12.702536582946777,0.6560336947441101,0.04160100594162941,1.617375373840332,1.8522135019302368
-861338336084866922,0.1540067195892334,0.0,0.7357097864151001,0.0,1.0,0.0
-861338279087506866,3.929957389831543,157.43788146972656,0.36436325311660767,4.908726692199707,0.4897793233394623,9.588947296142578
-861338200085524148,0.2122398167848587,8.124946099615816E-23,0.9108574986457825,1.3733443715580052E-8,1.0,NaN
-861337776084440450,0.3343201279640198,9.867683096389419E-20,0.42404335737228394,3.60766798379597E-11,1.0,2.9813043700421815E-10
-861337767084334961,0.22483320534229279,9.709094639945817E-21,0.7696605920791626,1.1517203120092745E-6,1.0,NaN
-861337660085290284,0.2526092827320099,3.629031178758365E-21,0.5995223522186279,6.468567348427712E-10,1.0,NaN
-861337142086175394,0.36749351024627686,0.8618823289871216,0.1506621539592743,0.40024447441101074,4.1863226890563965,14.736672401428223
-861337043084485843,0.4628089964389801,NaN,0.7205901741981506,1.6947704869543733E-17,1.0,NaN
-861337035084216113,2.049241542816162,NaN,0.15943139791488647,1.1048693071558091E-9,1.0,NaN
-861336680084763056,0.18619157373905182,NaN,0.6272925734519958,2.899248896515161E-10,1.0,NaN
-861336472084523871,0.31416550278663635,7.854667989907735E-21,0.7993248105049133,NaN,1.0,NaN
-861336409086345831,1.216092586517334,1.26988685131073,0.03028924949467182,0.048324309289455414,0.32089948654174805,0.8349992036819458
-861336299086155034,1.5367331504821777,0.917187511920929,0.0379580520093441,0.04335421696305275,0.3015245795249939,0.5833249688148499
-861336163086620479,3.5429654121398926,99.16130828857422,0.5650691986083984,5.3511528968811035,0.6241127848625183,11.364052772521973
-861335995084793207,0.6700294017791748,NaN,0.5809324979782104,7.045161964924773E-7,1.0,1.38441544095258E-6
-861335818087316705,0.4579407274723053,NaN,0.6025309562683105,3.3013754981858637E-16,1.0,6.685095304339054E-16
-861335502084680644,0.36364221572875977,5.106773210860348E-28,0.7712400555610657,NaN,1.0,1.3925757401199836E-15
-861335189085998624,0.24127183854579926,0.24704515933990479,0.6606869697570801,0.9365936517715454,0.9324506521224976,3.030191659927368
-861335026086455341,0.24978429079055786,0.17999941110610962,0.7384364604949951,0.6183494329452515,1.2090543508529663,2.0923256874084473
-861334943084298073,0.6000773906707764,1.2295552043612372E-29,0.49034684896469116,1.1965084015337677E-17,1.0,NaN
-861334863084259330,0.27958419919013977,NaN,0.8546783924102783,3.2119594095547654E-8,1.0,1.0401887351463301E-7
-861334826086624300,14.856849670410156,424.4833068847656,0.06793482601642609,0.02665047161281109,0.8783901333808899,10.808754920959473
-861334774086158457,0.16706480085849762,0.9037637114524841,0.49755537509918213,1.4513124227523804,0.3189946413040161,3.193404197692871
-861334633086429311,3.1078708171844482,61.830413818359375,0.11366793513298035,0.7511790990829468,3.9852335453033447,42.24674987792969
-861334412087189244,0.2114245891571045,1.313196534360722E-24,0.8380171060562134,3.2879442026203707E-16,1.0,NaN
-861333969084909864,0.2880273759365082,2.921225098882366E-24,0.9505764842033386,NaN,1.0,NaN
-861333944085695240,0.32834744453430176,9.690552142513348E-22,0.8011488318443298,2.768797191521344E-9,1.0,4.675817066868149E-9
-861333917085383482,0.6717913746833801,1.4796836412669964E-21,0.7047985196113586,NaN,1.0,NaN
-861333838085025659,0.2664136290550232,7.915950971185078E-24,0.9598163366317749,NaN,1.0,NaN
-861333592087449308,0.2983139455318451,0.2839422821998596,0.9976693987846375,0.49063700437545776,0.30539774894714355,0.6462333798408508
-861333450084884402,0.597752571105957,7.765392260475962E-21,0.46832674741744995,1.76205958268838E-7,1.0,2.5626818001001084E-7
-861333198087107470,0.3160572052001953,2.4060569209298422E-24,0.920372724533081,2.8473382505944667E-13,1.0,4.177012468548069E-12
-861333134085426278,1.8057777881622314,NaN,0.7059741616249084,2.9458834464593184E-16,1.0,NaN
-861333125084278720,0.33353254199028015,3.0973506524505905E-29,0.7810351252555847,NaN,1.0,1.4597329061617184E-16
-861333018084445235,0.7907949090003967,NaN,0.47945713996887207,NaN,1.0,NaN
-861333010086205142,0.6438602805137634,0.3578217029571533,0.6207900643348694,0.3426208794116974,0.3007771670818329,0.3118818998336792
-861332976086619466,6.525275707244873,100.02650451660156,0.9783325791358948,13.931330680847168,0.3266754448413849,9.596756935119629
-861332939084575125,0.1600707769393921,0.0,0.8585430383682251,0.0,1.0,0.0
-861332917086038592,0.0070869955234229565,1.014298677444458,0.8158512115478516,42.82990264892578,1.2316148281097412,96.28068542480469
-861332890084356522,0.17861957848072052,NaN,0.8982084393501282,5.336176108188678E-14,1.0,2.643203211860623E-9
-861332769084835841,0.29174375534057617,NaN,0.7223173975944519,4.1392643111842476E-18,0.9989702105522156,2.673135230935963E-17
-861332721086130830,3.1778807640075684,107.57037353515625,0.13834211230278015,1.4356896877288818,0.4917164742946625,13.524569511413574
-861332569084896955,0.7043754458427429,NaN,0.4895467162132263,9.275076946883593E-18,1.0,NaN
-861332482086362400,5.857229709625244,130.02755737304688,0.17082075774669647,9.839822450885549E-5,0.3332393765449524,7.074160099029541
-861332445085930852,0.6709387898445129,0.18450455367565155,0.41744884848594666,0.17189212143421173,0.39866507053375244,0.31022822856903076
-861332363085312042,0.5983935594558716,NaN,0.4224233627319336,2.154733737782498E-18,1.0,NaN
-861332307084548960,0.5231421589851379,8.622388962874763E-29,0.5082384943962097,NaN,1.0,NaN
-861332294086120182,0.49115169048309326,0.4274478554725647,0.9579498171806335,1.2280995845794678,0.30357104539871216,0.2429691106081009
-861332280087533168,0.012209880165755749,0.0,0.03585641086101532,2.4027116576316775E-16,0.30177363753318787,NaN
-861332266086106594,5.049530029296875,231.1262664794922,0.2638607323169708,3.6310770511627197,0.5575963258743286,13.457244873046875
-861332210086498738,0.2523808479309082,0.6944754123687744,0.9742103219032288,1.3108656406402588,0.31361499428749084,1.755316972732544
-861332043086354765,85.61701202392578,120.28313446044922,0.45011264085769653,0.3609956204891205,4.870668411254883,2.1116955280303955
-861331963086235312,0.28740373253822327,0.6115819215774536,0.13542580604553223,0.3806869387626648,0.32409387826919556,1.3501607179641724
-861331904085501857,0.6655892729759216,NaN,0.7109923362731934,3.306887101868978E-17,1.0,NaN
-861331855085725200,0.2827163338661194,NaN,0.7925997972488403,2.362509568130857E-15,1.0,NaN
-861331531087022122,0.26997023820877075,0.0,0.7632632255554199,0.0,1.0,0.0
-861331443086099343,4.832903861999512,364.8420715332031,0.6609159111976624,40.752620697021484,1.1813795566558838,113.65030670166016
-861331231085028234,0.18417754769325256,0.0,0.7871397733688354,0.0,1.0,0.0
-861331227087346525,0.04083055257797241,0.04265131428837776,0.9546467661857605,0.11270824819803238,0.9619147777557373,0.8251457810401917
-861331169084458152,0.31334441900253296,4.696406090864582E-24,0.8902618288993835,NaN,1.0,1.2689996276016302E-10
-861331127085309150,0.2503281831741333,NaN,0.8085099458694458,NaN,1.0,NaN
-861331051084875629,0.43612128496170044,NaN,0.6252678632736206,NaN,1.0,NaN
-861330964084935299,0.3432277739048004,2.1222849178753453E-24,0.9235039353370667,4.852651225424295E-16,1.0,9.72404834876251E-16
-861330771085442224,4.535335063934326,NaN,0.8905404806137085,1.3492458127165817E-17,1.0,1.379911327009111E-15
-861330763086159491,10.314262390136719,236.87710571289062,0.8956297039985657,4.838660717010498,0.6393091678619385,7.334066390991211
-861330624086105283,0.0030497778207063675,0.0,0.06479585915803909,NaN,0.37609073519706726,2.190917136601911E-8
-861330542085290884,0.17739544808864594,NaN,0.9077978730201721,9.978019105405522E-11,1.0,2.6701896249647916E-9
-861330536084521045,0.49394840002059937,1.28286086692596E-18,0.46313250064849854,4.7890952314944E-10,1.0,NaN
-861330454085904720,0.25187617540359497,0.6871294379234314,0.5323904156684875,0.4626540541648865,5.171073913574219,14.551680564880371
-861330443086387834,0.002872645854949951,0.0,0.959686815738678,0.0,0.8521592617034912,NaN
-861330210085728649,0.1735110878944397,6.04243675995652E-20,0.745669960975647,1.3017324995701074E-9,1.0,NaN
-861330126087683244,0.3572053611278534,NaN,0.84674072265625,7.580115979344271E-10,1.0,NaN
-861329992086923528,7.853872299194336,5.032928466796875,0.5304937362670898,0.03651709482073784,2.1067211627960205,0.5007361173629761
-861329918086047959,3.112355947494507,5.151068687438965,0.9158664345741272,0.8785274028778076,0.43427926301956177,1.1021138429641724
-861329520086152210,0.8639569878578186,0.5563240051269531,0.5313239097595215,0.49762046337127686,0.4223731756210327,0.9053349494934082
-861329255086713988,0.19300152361392975,0.042221322655677795,0.9999985098838806,0.001960897818207741,0.30010271072387695,0.08985920250415802
-861329026086865923,6.998455047607422,24.435285568237305,0.7362604141235352,0.578697919845581,0.6396581530570984,1.5610355138778687
-861328886085281077,0.5901329517364502,3.1533657119558885E-25,0.4269179105758667,NaN,1.0,NaN
-861328779086927125,2.148686647415161,4.117640018463135,0.29708173871040344,0.04199935123324394,0.3703172504901886,0.7266959547996521
-861328736086627024,9.726357460021973,126.09095764160156,0.3832768201828003,0.11230075359344482,0.3639080822467804,3.2831735610961914
-861328637085552311,0.23668523132801056,NaN,0.928351640701294,2.551167055386827E-10,1.0,NaN
-861328569085240023,0.22821810841560364,NaN,0.7295876741409302,2.9550364932795503E-10,1.0,1.1310988590196303E-8
-861328532084892744,0.286678284406662,1.3119961444427699E-23,0.9782425165176392,NaN,1.0,1.299355067985175E-10
-861328467086924880,1.814621090888977,0.29576563835144043,0.5048508048057556,0.0708572119474411,0.3093634247779846,0.12173265963792801
-861328454087687713,0.7859132289886475,NaN,0.3429112434387207,3.559731346768503E-15,1.0,NaN
-861328189087011897,0.06623794138431549,2.4841413497924805,0.41227084398269653,5.516368865966797,0.34559282660484314,19.875385284423828
-861328083087421568,0.003350467886775732,0.3759419918060303,0.7194947004318237,68.30844116210938,0.5827523469924927,72.48900604248047
-861327980084235020,0.23861908912658691,1.5784018716511965E-21,0.5504973530769348,NaN,1.0,NaN
-861327811085709882,0.4084813892841339,NaN,0.7445665001869202,NaN,1.0,NaN
-861327740084310285,0.35161954164505005,NaN,0.43240225315093994,1.362113455004972E-18,1.0,4.269751225633875E-18
-861327506087694479,0.48224201798439026,NaN,0.7515419721603394,8.063922793399847E-12,1.0,1.1728442869674005E-11
-861327247087369961,3.785200357437134,84.81380462646484,0.0751592144370079,0.22915279865264893,1.8114265203475952,17.799453735351562
-861327210085698090,1.1135245561599731,1.6046360380642544E-19,0.3378666639328003,4.791376184698493E-10,1.0,NaN
-861327125084772130,0.8076399564743042,1.5271962555387493E-25,0.9145658016204834,NaN,1.0,NaN
-861327074084295805,0.24406512081623077,4.17771413904117E-27,0.6382743120193481,NaN,1.0,7.53555238228263E-15
-861327067086002614,0.8019182682037354,0.2954309284687042,0.9133726358413696,0.42546162009239197,0.30000582337379456,0.0074683865532279015
-861327009085481701,0.1767973154783249,NaN,0.30887046456336975,3.36221191908673E-17,1.0242356061935425,NaN
-861326914084563412,0.23516051471233368,1.6022740648206327E-22,0.9326530694961548,NaN,1.0,2.158466827495431E-8
-861326811085233810,0.38114070892333984,NaN,0.8164682388305664,6.640937528622909E-14,1.0,NaN
-861326685084554165,0.2180187702178955,NaN,0.8427673578262329,7.3758781304889E-9,1.0,NaN
-861326677086927293,1.92109215259552,0.11450299620628357,0.7225491404533386,0.05038847401738167,0.3000386953353882,0.005242122802883387
-861326634085347127,0.4284541606903076,2.216811982334926E-22,0.4826754331588745,1.3911923913215163E-13,1.0,NaN
-861326532086422782,3.4831933975219727,10.454716682434082,0.9860315918922424,0.6311352252960205,3.8546130657196045,5.240915775299072
-861326526087698381,0.2809217572212219,NaN,0.8265699148178101,3.815551119414756E-13,1.0,NaN
-861326098084860275,0.38831275701522827,NaN,0.8012944459915161,9.395041296760933E-18,1.0,NaN
-861325988085396802,0.6299862861633301,NaN,0.3143206238746643,NaN,1.0,NaN
-861325956084936203,0.3208674192428589,1.4816350564594434E-18,0.7567747831344604,NaN,1.0,1.0259941340962087E-8
-861325947087430061,1.1399480104446411,2.6865720748901367,0.5675637722015381,1.550525188446045,0.30108410120010376,0.5891481637954712
-861325893086323908,8.857004165649414,175.3395538330078,0.41120633482933044,10.909510612487793,0.30845019221305847,2.64658784866333
-861325807087229238,0.2758294641971588,NaN,0.9082909226417542,NaN,1.0,NaN
-861325742087339646,6.921840667724609,201.650146484375,0.9963973164558411,1.637726902961731,0.32551661133766174,7.785191535949707
-861325733087272584,0.29693493247032166,NaN,0.9571081399917603,NaN,1.0,NaN
-861325726087690399,0.2590356469154358,1.2060689343741403E-18,0.5161460638046265,NaN,1.0,5.047754575437935E-11
-861325202084484899,0.31538864970207214,5.4099151917455E-22,0.6790527105331421,3.627061826339158E-14,1.0,6.33969873126139E-13
-861325193086954602,35.97900390625,84.54653930664062,0.43203645944595337,0.10793434828519821,1.1889039278030396,1.0769797563552856
-861325015084748625,0.26101887226104736,1.3022910884929798E-22,0.7790601849555969,6.065958046974629E-8,1.0,7.23143642744617E-8
-861324986084544477,0.20756058394908905,0.0,0.9171924591064453,0.0,1.0,0.0
-861324621086150594,0.5818262696266174,0.7673336863517761,0.9997572898864746,0.2485734224319458,0.8323719501495361,2.1803362369537354
-861324457084649730,0.31013306975364685,2.311423541686065E-22,0.9209427237510681,8.090866171484024E-11,1.0,2.567875023729016E-9
-861324345085769846,0.2708585262298584,3.9914409373442775E-24,0.7395651340484619,NaN,1.0,4.133295702229978E-12
-861324255084786397,0.25771453976631165,4.358876834709167E-19,0.7250866293907166,4.3377094698371366E-6,1.0,1.1750233170459978E-5
-861324034087708649,0.2952427268028259,3.425680608850861E-22,0.48542141914367676,1.3689957154006116E-11,1.0,9.724121681486952E-12
-861323960085751133,0.63469398021698,1.6626884469845442E-26,0.43983548879623413,1.4594237920755298E-15,1.0,5.591926017557442E-15
-861323875084301153,0.36799004673957825,NaN,0.7881014347076416,9.541186905642312E-17,1.0,NaN
-861323846085369922,2.599245548248291,NaN,0.08243471384048462,2.117849183514136E-14,1.0,1.431910010485024E-13
-861323775084656408,0.9181682467460632,NaN,0.7991335391998291,1.032531976856866E-14,1.0,NaN
-861323733085954854,5.2508864402771,85.39617156982422,0.13864710927009583,0.3788248598575592,0.8683899641036987,8.294620513916016
-861323477087691748,0.42192643880844116,6.11488299899389E-21,0.5253856182098389,3.510006285623035E-9,1.0,7.12202052000066E-7
-861323420084896737,0.5477643013000488,9.154205327141578E-30,0.6786472797393799,1.0839314362710158E-17,1.0,1.1469540789872472E-17
-861323403087174167,3.712235450744629,5.486324034044812E-30,0.9524811506271362,1.9642122258228798E-19,1.0020744800567627,4.254765194476252E-18
-861323321084570813,0.3339805603027344,NaN,0.9777966737747192,3.2374965084686807E-16,1.0,2.4084500940910886E-15
-861323314086626121,0.4102694094181061,1.7861876487731934,0.03274328634142876,0.12342563271522522,0.33318793773651123,2.0604472160339355
-861323262084016511,0.3788110613822937,NaN,0.7750470638275146,NaN,1.0,1.4439876754030042E-15
-861323144084964670,0.46716412901878357,NaN,0.6218677759170532,NaN,1.0,NaN
-861323053084789619,0.38340359926223755,6.589837747480264E-20,0.6057461500167847,4.474041137569884E-10,1.0,1.5009907761154295E-9
-861323028084423795,0.29020071029663086,NaN,0.7510929107666016,7.133399773651128E-15,1.0,NaN
-861323017085893891,0.00609478959813714,0.0,0.6963061690330505,1.7862527457168653E-8,0.8489391803741455,NaN
-861322952086340148,1.6122790575027466,4.5022125244140625,0.5631264448165894,1.2748291492462158,0.848602831363678,3.679295539855957
-861322943087696547,0.5651339292526245,5.618804610290583E-20,0.398151159286499,NaN,1.0,NaN
-861322898086126706,2.344831943511963,82.5053939819336,0.9838336706161499,6.6429548263549805,0.537499189376831,13.992525100708008
-861322788085973062,7.072951316833496,221.3605194091797,0.8790131211280823,43.62440490722656,0.3037550151348114,2.677469253540039
-861322705087290184,0.25696563720703125,2.8225425855438303E-27,0.8391860723495483,NaN,1.0,NaN
-861322335084956034,0.2881830036640167,2.0880193639504865E-24,0.9915975332260132,2.484310229321912E-13,1.0,NaN
-861322323084304796,0.003468989860266447,0.0,0.029999999329447746,-0.0,5.499621391296387,4.694445914646031E-19
-861321667087543347,0.5877725481987,2.987861214926323E-26,0.7314668297767639,8.812858584984328E-15,1.0,NaN
-861321510084371957,0.18025794625282288,4.97724954720492E-21,0.7989120483398438,NaN,1.0,2.6656775844458025E-6
-861321371084937451,0.41946107149124146,NaN,0.673092246055603,NaN,1.0,NaN
-861321335085888399,0.8557221293449402,0.9344276189804077,0.4720359742641449,0.4799242615699768,0.30313578248023987,0.7088136672973633
-861321298084798431,0.5539251565933228,NaN,0.703557014465332,8.128416020705435E-18,1.0,NaN
-861321234086969773,0.019832920283079147,0.010320019908249378,0.9956502318382263,0.345643013715744,5.48760461807251,1.9740270376205444
-861321116084507987,0.6562162637710571,NaN,0.4061053395271301,NaN,1.0,NaN
-861320990084121379,0.2158581018447876,NaN,0.7868332266807556,2.3258066583764503E-9,1.0,1.4981564788740798E-7
-861320899087762156,0.49643391370773315,5.124384395754311E-28,0.46249115467071533,NaN,1.0,NaN
-861320855086233199,0.31995889544487,0.4277801811695099,0.1378624588251114,0.5549073219299316,0.3000873029232025,0.03744833916425705
-861320691084218010,18.178958892822266,8.09924717797775E-33,0.8420944213867188,NaN,1.0128010511398315,NaN
-861320677086632577,0.2680228650569916,0.21837706863880157,0.9246820211410522,1.1024502515792847,0.36988309025764465,1.2482526302337646
-861320656084263183,0.18250709772109985,NaN,0.8091016411781311,2.9749884333796217E-7,1.0,NaN
-861320642087420014,4.1572651863098145,6.264021396636963,0.6396469473838806,0.18724635243415833,0.5649791955947876,0.9326753616333008
-861320530086904972,0.003005765378475189,0.0,0.96735018491745,NaN,0.30000001192092896,0.0
-861320501087020414,7.641298770904541,27.76728630065918,0.9835501909255981,4.5947065353393555,0.3708164691925049,2.0778121948242188
-861320495084498043,0.6170230507850647,NaN,0.6643025875091553,NaN,1.0,NaN
-861320312085973597,0.017554504796862602,0.0,0.9845514893531799,3.1894406278369647E-13,0.32500219345092773,6.086239512370639E-9
-861320288084406234,0.4668729305267334,NaN,0.596576988697052,1.4101258922101783E-16,1.0,NaN
-861320104083965881,0.6782134771347046,5.715338405311047E-22,0.3638784885406494,NaN,1.0,NaN
-861320080085968745,13.463765144348145,27.40371322631836,0.9944524765014648,0.33548083901405334,1.9447752237319946,1.3860331773757935
-861319977087694008,0.3320484757423401,NaN,0.7430186867713928,3.1349453588624954E-10,1.0,NaN
-861319942086134150,3.9449307918548584,58.068382263183594,0.4749930202960968,2.7260138988494873,0.5410193204879761,5.045992851257324
-861319893086070533,0.3169553577899933,0.938481867313385,0.9993410706520081,0.7558271288871765,0.306115061044693,2.0319979190826416
-861319834084635531,0.4808386266231537,7.36572509084006E-29,0.5598280429840088,4.3831159811684103E-16,1.0,NaN
-861319777085300355,3.5910122394561768,NaN,0.17886072397232056,8.044221607492847E-16,1.0,5.68124818294425E-15
-861319663084118863,0.3139268159866333,NaN,0.6612809300422668,9.534717548831395E-8,1.0000001192092896,5.5044306463969406E-6
-861319587084503510,0.1506381332874298,1.576254444417395E-27,0.9778136610984802,NaN,1.0,NaN
-861319525086682345,8.254422187805176,391.21441650390625,0.2630806863307953,8.712284088134766,0.42593085765838623,9.43236255645752
-861319381084966893,0.28599828481674194,NaN,0.7805505990982056,NaN,1.0,NaN
-861319147087771408,0.27290958166122437,3.323379897209753E-29,0.8580707311630249,7.196861096715976E-17,0.9991925954818726,1.0085623784498792E-17
-861319113084491253,0.28974196314811707,1.575814532282281E-18,0.526190459728241,3.9230210191476544E-9,1.0,NaN
-861318979084459064,0.4370792806148529,NaN,0.7610524892807007,NaN,1.0,6.536993168992922E-10
-861318519087438067,0.2706122398376465,0.3917456269264221,0.05289171263575554,0.16044162213802338,0.3838793635368347,1.9317196607589722
-861318406087267169,0.002753869630396366,0.0,0.7624896168708801,NaN,0.39249706268310547,NaN
-861318376085380702,7.297555446624756,354.41302490234375,0.23458869755268097,4.63315486907959,1.0701696872711182,26.316232681274414
-861318101084697873,0.5483181476593018,2.583876664418187E-29,0.7438547015190125,6.362295250217952E-18,1.0,1.3002615830482328E-17
-861318007086744500,0.35102105140686035,0.19814062118530273,0.9985665678977966,0.632492184638977,0.3005025088787079,0.3578997254371643
-861317939086942840,0.07858367264270782,0.05560888722538948,0.3154061734676361,0.42807716131210327,5.467230796813965,10.531789779663086
-861317463085783923,0.06852857768535614,0.6743660569190979,0.031057115644216537,0.07586459815502167,1.3197880983352661,23.363903045654297
-861317376084836917,0.2836299538612366,1.153799207407127E-27,0.9193904399871826,3.0344574170559045E-15,1.0,5.2781142866433536E-15
-861317163087085061,0.23297736048698425,4.201569737781908E-23,0.9832059741020203,NaN,1.0,NaN
-861317054086988119,12.206120491027832,17.306011199951172,0.6720543503761292,0.46597084403038025,1.006941318511963,0.6141769886016846
-861316968085780436,0.550382673740387,0.9974991083145142,0.08548922091722488,0.15682275593280792,1.3933285474777222,4.1295576095581055
-861316752084708787,0.262513130903244,5.877251033256828E-22,0.9003587365150452,5.269310765498858E-9,1.0,NaN
-861316745084491997,0.35871660709381104,1.6612395873286032E-21,0.4485433101654053,NaN,1.0,6.070149938253167E-10
-861316690084432873,0.4782116413116455,2.109716785933364E-25,0.7098693251609802,1.3211856129511291E-17,1.0,7.030213320044103E-17
-861316593085247282,0.2176494598388672,0.4781438708305359,0.2588863670825958,0.290903776884079,0.5603228211402893,0.9258057475090027
-861316547086153309,7.811364650726318,255.28009033203125,0.42152202129364014,4.608551025390625,0.592819333076477,8.64400863647461
-861316511086897014,0.03680206090211868,0.07916827499866486,0.9849112629890442,1.1620652675628662,1.1345484256744385,8.705690383911133
-861316241084737485,0.7386471033096313,NaN,0.6514434218406677,NaN,1.0,1.7760485921993438E-17
-861316165087695612,0.44510096311569214,1.3178428018329574E-25,0.7009464502334595,NaN,1.0,NaN
-861315877087720977,0.1751779019832611,3.0082987212729736E-27,0.7492095232009888,NaN,1.0,NaN
-861315756086335692,1.0003345012664795,5.6386542320251465,0.1871054470539093,0.6081652641296387,3.505626916885376,16.8088321685791
-861315583086413860,0.0248991958796978,0.217018723487854,0.9638537168502808,5.409647464752197,3.390188694000244,47.9559326171875
-861315171084346745,0.5773447751998901,7.948479330486199E-31,0.5967650413513184,NaN,1.0,4.1981589917715944E-17
-861315162084029609,0.3252185583114624,2.0224767925313263E-21,0.9688854217529297,8.37687473928566E-16,1.0,NaN
-861315037084794085,0.25972017645835876,NaN,0.868141233921051,NaN,1.0,NaN
-861314996085304713,5.874216556549072,1851.4141845703125,0.030000053346157074,2.6895295377471484E-6,0.3000063896179199,2.0625021716114134E-4
-861314872085712733,0.2700156569480896,NaN,0.6409226655960083,1.4748915454286353E-14,1.0,NaN
-861314745086341343,0.014104422181844711,8.990199089050293,0.9908091425895691,14.205453872680664,0.32926809787750244,50.167694091796875
-861314685087527045,10.504230499267578,27.823026657104492,0.17058636248111725,0.1074131578207016,2.3832645416259766,3.4471964836120605
-861314630085804274,9.557723999023438,97.70716094970703,0.3990826904773712,2.484127998352051,0.3090977966785431,1.9856089353561401
-861314544085555337,0.19399002194404602,2.3762585679821143E-22,0.7207392454147339,5.46792477962299E-8,1.0,2.8041870336892316E-7
-861314460086737545,0.2241906225681305,0.46877947449684143,0.2615543007850647,1.3042901754379272,1.029384732246399,8.320230484008789
-861314457084777745,0.5442368388175964,6.7708881157431585E-21,0.47883933782577515,1.9560304487242774E-9,1.0,NaN
-861314122087684599,0.1964734047651291,1.8166137416614604E-24,0.8761391639709473,3.56835160107271E-15,1.0,NaN
-861314058084454188,0.8343380689620972,NaN,0.35140538215637207,1.6858975153410949E-12,1.0,4.6660036945311845E-11
-861313791085522984,0.25540482997894287,NaN,0.8689740896224976,NaN,1.0,NaN
-861313755085795032,11.81933307647705,366.7224426269531,0.9999615550041199,0.03063514083623886,0.30003318190574646,0.036891255527734756
-861313548086965273,2.8336944580078125,25.8605899810791,0.3263210654258728,7.746200572000816E-5,0.48496493697166443,3.439085006713867
-861313215085890164,0.0010628156596794724,0.04436815530061722,0.09015713632106781,4.8055219650268555,5.499998569488525,5.988200386941589E-14
-861313183085416517,0.1775025874376297,1.8937635794972112E-19,0.8465030193328857,6.966293861210282E-12,1.0,NaN
-861313177084856419,0.25481778383255005,3.439774650219029E-23,0.8674811124801636,5.695682814277347E-10,1.0,NaN
-861312887086210500,4.269883632659912,13.366028785705566,0.24170532822608948,0.04179364815354347,3.4662582874298096,5.685690879821777
-861312827085624806,0.429161012172699,NaN,0.9522897005081177,1.2090449854614989E-17,1.0,NaN
-861312631084075989,0.21650032699108124,NaN,0.9580438733100891,NaN,1.0,NaN
-861312536084658895,0.500061571598053,NaN,0.9395025372505188,NaN,1.0,NaN
-861312346086165836,0.8259370923042297,0.43418365716934204,0.4555492699146271,0.24663521349430084,0.5139352679252625,0.6250124573707581
-861312163084807803,0.3256303668022156,NaN,0.8848822116851807,1.0117555106812931E-16,1.0,NaN
-861311881085840991,0.6940573453903198,0.875299870967865,0.9934821724891663,1.0020703077316284,0.30680352449417114,0.909710168838501
-861311769083929723,0.39741432666778564,NaN,0.6833974123001099,NaN,1.0,NaN
-861311706084384532,0.3786560893058777,NaN,0.7369933128356934,2.124120933092962E-16,1.0,NaN
-861311676084270892,0.8174149394035339,NaN,0.4128892421722412,NaN,1.0,NaN
-861311631087368889,6.157907485961914,7.067675590515137,0.2912931442260742,0.2262580692768097,5.498165607452393,1.039536714553833
-861311469085409259,0.767944872379303,6.229479320704183E-23,0.42993688583374023,2.4843582222087036E-15,1.0,NaN
-861311423084748560,0.4492557644844055,NaN,0.5118352174758911,NaN,1.0,1.2592937929684512E-14
-861311409084479796,0.4955237805843353,1.369672935458241E-25,0.4664304852485657,2.845669866738919E-15,1.0,NaN
-861311234085871400,2.6313140392303467,5.873319149017334,0.9680246114730835,0.9318718314170837,1.0304319858551025,2.396219491958618
-861311015085850833,5.9897613525390625,195.03897094726562,0.7693977952003479,46.97168731689453,0.3011448085308075,1.3729956150054932
-861311005086033158,0.008821910247206688,1.3170826435089111,0.8848322629928589,41.989044189453125,0.5324661731719971,62.32061767578125
-861310913084868276,23.629858016967773,0.0,0.9008822441101074,7.785162329480377E-19,0.30000001192092896,NaN
-861310838086380551,8.562000274658203,145.87643432617188,0.9965693354606628,2.2444944381713867,0.3543834686279297,9.076040267944336
-861310828084776578,0.21663370728492737,NaN,0.8882685899734497,NaN,1.0,3.980765228561722E-8
-861310820083843348,0.31123554706573486,NaN,0.7110192775726318,NaN,1.0,NaN
-861310761087777756,0.20555560290813446,NaN,0.8548703789710999,NaN,1.0,NaN
-861310537084562509,0.269191175699234,NaN,0.7188802361488342,3.377525689685079E-12,1.0,3.3828825157788955E-11
-861310263087215728,6.080374717712402,0.06325096637010574,0.4338776171207428,0.2308715581893921,0.3366824686527252,0.7301107048988342
-861310241087003575,13.338139533996582,29.376888275146484,0.739302933216095,0.1789293885231018,1.25545072555542,0.9811959862709045
-861310235084814972,0.2890658378601074,1.4540190803902511E-22,0.8383814096450806,NaN,1.0,NaN
-861310193087054115,0.023518400266766548,0.08138471841812134,0.4708114266395569,0.8722648024559021,1.003010869026184,4.222007751464844
-861310181087292464,1.688947081565857,1.116205096244812,0.5554779171943665,0.43582239747047424,0.3000997304916382,0.07734531909227371
-861310082084219225,0.5108222961425781,3.578987965259335E-30,0.6836555600166321,NaN,0.9999997019767761,NaN
-861310048087490303,3.4233555793762207,39.36481475830078,0.3442321717739105,0.0015514936530962586,0.554155170917511,4.965584754943848
-861310039086331662,9.245309829711914,202.7101593017578,0.957222580909729,3.1743640899658203,0.6433985829353333,6.032507419586182
-861309874086728576,17.382566452026367,152.93206787109375,0.7189702987670898,1.1654235124588013,0.8687785267829895,2.7877988815307617
-861309679084258554,0.29234617948532104,NaN,0.5730352401733398,1.3474016011000983E-13,1.0,4.219586648406687E-13
-861309631084848867,0.3038415312767029,1.88818676658147E-21,0.6871916055679321,1.50260799358648E-8,1.0,NaN
-861309592087454998,0.8317006826400757,0.3754676282405853,0.5728423595428467,0.33404749631881714,0.30007627606391907,0.07352566719055176
-861309472084315313,0.2838119566440582,NaN,0.852497398853302,NaN,1.0,5.332079179229399E-15
-861309288084829215,0.36932235956192017,4.1600610410967925E-29,0.961836040019989,6.260830277752477E-19,1.0,3.8259175418011975E-18
-861309196084769967,0.4160401225090027,NaN,0.805404782295227,1.7593445589270118E-9,1.0,NaN
-861309152085786408,26.563907623291016,1934.18408203125,0.04282771050930023,1.4432634115219116,0.5043158531188965,18.231929779052734
-861309077087196982,23.63646125793457,26.23580551147461,0.9985958337783813,0.1473354995250702,0.30127018690109253,0.13310906291007996
-861308984087759220,30.23941993713379,8.81807640279918E-38,0.9049137234687805,1.1877154509428137E-18,0.9295310378074646,NaN
-861308919087745468,0.4849141538143158,7.973473951503326E-29,0.656583845615387,1.7935193084809538E-17,0.9999999403953552,NaN
-861308695085008485,0.5034496784210205,NaN,0.679021954536438,NaN,1.0,NaN
-861308694086019500,6.727309703826904,146.71536254882812,0.7954242825508118,40.75734329223633,0.3581053614616394,12.17704963684082
-861308645083986439,0.21781399846076965,NaN,0.68463134765625,9.429913347958063E-7,1.0,4.638665814127307E-6
-861308207085495218,0.23392698168754578,NaN,0.9069613218307495,NaN,1.0,2.9258558242872823E-6
-861308181085752874,0.2610653340816498,0.13371329009532928,0.9949088096618652,0.6674984693527222,0.6273460984230042,1.11493718624115
-861307971087424724,31.021745681762695,118.17343139648438,0.8625441789627075,0.4534284472465515,5.260929107666016,5.331562042236328
-861307881087117642,0.23609086871147156,0.0,0.9856414198875427,0.0,1.0,0.0
-861307845085648323,0.2041333168745041,1.473308534436656E-21,0.7939656972885132,3.899959348518944E-12,1.0,4.093849703679098E-9
-861307702085901657,8.280337206088006E-4,0.0,0.8841173648834229,NaN,0.5374584794044495,3.4885856425859174E-9
-861307655086723284,15.90036678314209,58.63038635253906,0.622613787651062,0.1938558965921402,2.875607490539551,3.2625670433044434
-861307579085565534,0.15793561935424805,NaN,0.7810918688774109,2.2255388179050206E-13,1.0,7.152561209977648E-8
-861307417087711667,0.5884725451469421,NaN,0.3999403119087219,1.272367365344495E-16,1.0,NaN
-861307399086892318,0.20663699507713318,0.6209752559661865,0.08926115185022354,1.1156138181686401,0.39049971103668213,7.530662536621094
-861307399083970482,0.3428000509738922,NaN,0.7701000571250916,4.218016561030602E-11,1.0,2.738402393731576E-9
-861307313087338799,0.0019276492530480027,0.048486433923244476,0.9805735945701599,4.398697853088379,3.8915436267852783,38.720394134521484
-861307288084248949,0.46887803077697754,NaN,0.3959695100784302,3.381198294948333E-16,1.0,4.5729809573943035E-15
-861307177084518183,0.3167453110218048,2.1953891140223873E-26,0.5675502419471741,NaN,1.0,7.432758157869743E-15
-861307138085776277,0.16695009171962738,0.062104616314172745,0.987490177154541,0.3561222553253174,1.5828098058700562,1.2539492845535278
-861307038085536950,0.3120102882385254,NaN,0.9339587092399597,9.665079609040561E-14,1.0,1.2350298735086529E-11
-861306930086760885,2.0989766120910645,0.8420640230178833,0.7963398098945618,0.4035426080226898,0.300661563873291,0.18747438490390778
-861306901084941857,0.24191704392433167,2.6300947099264163E-28,0.8378784656524658,5.398548276585277E-17,1.0,NaN
-861306674083976367,0.31726333498954773,2.459369012965757E-27,0.7427124381065369,NaN,1.0,4.31900088101718E-16
-861306659086612416,9.100808143615723,50.8574333190918,0.609308660030365,0.438484787940979,1.4289319515228271,3.37733793258667
-861306623083794949,0.40096861124038696,1.9752609547240136E-28,0.5945494174957275,3.42562854792872E-17,1.0,NaN
-861306578084911756,0.21290752291679382,4.7007558822219224E-27,0.8715528845787048,4.5812844213762374E-14,1.0,NaN
-861306442084504554,0.4516115188598633,2.0739063268117205E-23,0.6360571384429932,9.565719527246386E-13,1.0,1.0501629947590185E-12
-861306129084470345,0.21133719384670258,NaN,0.7630019187927246,NaN,1.0,8.45361920655957E-14
-861306096086523752,0.42151564359664917,0.12311825156211853,0.17623282968997955,0.1434943974018097,0.3001576066017151,0.138583242893219
-861305906086441171,0.5367998480796814,0.5387483239173889,0.27030423283576965,0.18702073395252228,0.3183184564113617,0.6894112825393677
-861305520084642219,0.35820120573043823,NaN,0.8146187663078308,4.6656337647499324E-12,1.0,NaN
-861305424087349506,0.01854637823998928,3.3167216777801514,0.7808977365493774,107.12516784667969,0.8532800078392029,225.6629180908203
-861305401083939996,1.4372793436050415,NaN,0.4510781168937683,1.256411774619437E-8,1.0,NaN
-861305351085794847,21.581220626831055,282.9338073730469,0.8913895487785339,15.28862476348877,0.39219751954078674,10.32186508178711
-861305312086045295,0.002988383872434497,0.0496087372303009,0.33183443546295166,18.886911392211914,2.993619680404663,47.03076171875
-861305298086559078,2.1062488555908203,98.18321228027344,0.8986030220985413,0.8492723107337952,0.42419177293777466,12.102252960205078
-861305253084627492,0.26244592666625977,NaN,0.9074645638465881,1.1143213406008873E-16,1.0,NaN
-861305113087264854,0.11866255104541779,0.38207417726516724,0.9966582655906677,0.8267051577568054,0.3119042217731476,1.9386261701583862
-861304943084774214,0.34810927510261536,2.3395837046628134E-25,0.9736113548278809,1.707910330394117E-15,1.0,9.846871514246174E-15
-861304806084595050,0.42953282594680786,1.1495504133568144E-27,0.9436995983123779,2.9031318076395972E-18,1.0,NaN
-861304724087120894,0.16611351072788239,NaN,0.8392831683158875,2.1576206099549466E-11,1.0,NaN
-861304717085474168,1.477558970451355,1724.8602294921875,0.5659726858139038,193.45361328125,1.0052202939987183,978.1538696289062
-861304498085930343,5.962458610534668,269.7801513671875,0.7379944324493408,66.17398834228516,0.37512925267219543,18.233930587768555
-861304427085282037,0.5348128080368042,NaN,0.80522221326828,NaN,1.0,2.5384333307218454E-13
-861304325084693167,0.325554221868515,NaN,0.8879467248916626,NaN,1.0,NaN
-861304222087356454,0.005586790852248669,0.0,0.9126242399215698,1.560930829036522E-10,0.8678860664367676,1.2808385463358718E-9
-861304073086460812,0.16459663212299347,0.6937239170074463,0.04860466346144676,2.2918455600738525,0.30801060795783997,2.79211163520813
-861303997083816597,0.42982783913612366,3.438137877393525E-28,0.5812989473342896,4.871296008780138E-16,1.0,3.6407630713049407E-16
-861303817084537482,1.3793498277664185,3.9743088064589295E-20,0.24582135677337646,NaN,1.0,NaN
-861303797085482761,0.2750454246997833,NaN,0.8551549315452576,NaN,1.0,NaN
-861303549084874207,0.28209203481674194,NaN,0.868089497089386,6.567974164539692E-9,1.0,7.187687600662684E-8
-861303528087500179,0.02139146625995636,0.08773180097341537,0.9862020015716553,3.1358439922332764,5.499884605407715,0.07447850704193115
-861303471086722596,1.2361689805984497,0.9004554748535156,0.8023701906204224,0.34309783577919006,0.42963895201683044,0.5445053577423096
-861303447087792163,0.2638286352157593,NaN,0.7894163131713867,1.6058816331831344E-13,1.0,5.5357983821946455E-12
-861303426086480787,0.010690869763493538,5.114852428436279,0.36677125096321106,53.99916458129883,0.7527640461921692,345.9529113769531
-861303418087399814,1.3143153190612793,1.078561544418335,0.04425971955060959,0.03721928969025612,0.31518736481666565,0.5520188212394714
-861303130083861588,0.3089672923088074,1.6971792145348677E-24,0.9592350125312805,2.4676872416133644E-13,1.0,NaN
-861303001086727067,2.069993734359741,17.839900970458984,0.05368673428893089,0.18339376151561737,0.6134570837020874,6.000953197479248
-861302756087200046,5.184311866760254,1.2675141096115112,0.6003766059875488,0.09779620170593262,1.4008663892745972,0.2739429473876953
-861302580084859146,0.36354881525039673,2.17395282225547E-23,0.46329057216644287,1.227425929992143E-12,1.0,NaN
-861302382085732023,0.5469675064086914,NaN,0.6278342008590698,2.7002961612984785E-18,1.0,NaN
-861302282084673011,0.21832963824272156,2.812696220554902E-28,0.6818005442619324,1.3176285285293812E-14,1.0,7.115465036839144E-14
-861302228087172593,21.159879684448242,52.69074249267578,0.9988178014755249,0.19684088230133057,2.9866859912872314,2.3203723430633545
-861302189085677004,0.3931274116039276,NaN,0.7019021511077881,NaN,1.0,NaN
-861301933085371143,0.17134857177734375,8.456706286471943E-23,0.7595146894454956,NaN,1.0,NaN
-861301864083960484,1.160133957862854,3.7529561530152434E-22,0.5074367523193359,NaN,1.0,1.4558317051882597E-10
-861301854086685489,0.9095080494880676,1.3080006837844849,0.18810123205184937,0.35835766792297363,0.6585326790809631,2.655207395553589
-861301776084568530,0.3876309394836426,NaN,0.8892479538917542,NaN,1.0,4.691884372035428E-16
-861301475084689013,0.3463062644004822,5.988680160474193E-24,0.5390743017196655,NaN,1.0,NaN
-861301357083969700,0.695658266544342,2.2659461522621805E-23,0.7175899744033813,5.457590109003707E-12,1.0,7.688019491858267E-12
-861301338086963645,13.653119087219238,114.32935333251953,0.8275235295295715,7.527702808380127,0.3197159767150879,1.4572622776031494
-861301231083901794,0.17837326228618622,NaN,0.747898519039154,7.892440867518502E-11,1.0,3.2108302683298007E-9
-861301228085903949,1.020456075668335,2.538933277130127,0.03136178106069565,2.2572431771550328E-4,0.3165285885334015,2.0665669441223145
-861300910084993845,0.29745835065841675,NaN,0.8164596557617188,1.1539353510082968E-16,1.0,NaN
-861300834087236352,0.7819086313247681,1.4765158891677856,0.9880332946777344,1.69887113571167,0.30836930871009827,1.769547939300537
-861300832086897605,0.2773750126361847,1.964787244796753,0.0400693379342556,0.2750079333782196,0.31002700328826904,3.208251714706421
-861300829084281514,0.23452036082744598,3.1243841486709143E-27,0.862583339214325,3.972665160159247E-14,1.0,NaN
-861300709087781093,0.370393306016922,1.9650613501091603E-28,0.9500328302383423,1.8184341539671735E-18,1.0,NaN
-861300586085638101,0.49645888805389404,6.264941023215922E-30,0.6811396479606628,2.3735242505736928E-18,1.000022530555725,2.183467138489477E-17
-861300550085569856,0.20698611438274384,NaN,0.8278513550758362,1.304694963177866E-10,1.0,2.572294761193916E-6
-861300419086735371,3.5675864219665527,5.404516696929932,0.6676262617111206,0.26597344875335693,5.48867654800415,2.9081175327301025
-861300374084559241,0.27081263065338135,1.2557232585330745E-20,0.6860672235488892,NaN,1.0,7.294909210031619E-7
-861300237084406562,0.5157414674758911,NaN,0.6657578349113464,3.060495108210548E-13,1.0,6.734149370947462E-13
-861300233084573957,0.3140588402748108,NaN,0.9138862490653992,1.3631632092408477E-16,1.0,1.5787011717628674E-15
-861300227084957923,0.5551689267158508,9.396924409964902E-30,0.870080292224884,NaN,1.0,3.6763727996286545E-18
-861300094083777415,0.23412449657917023,NaN,0.8270944356918335,1.978479602371408E-9,1.0,NaN
-861299946087207910,6.490354537963867,23.626056671142578,0.3438382148742676,1.073016881942749,0.5418227314949036,1.2761799097061157
-861299925085590263,0.021266264840960503,2.3685644555371255E-4,1.0,-0.0,5.124426364898682,0.007726343348622322
-861299715087596432,0.35302242636680603,6.320069112777961E-29,0.8168103694915771,NaN,1.0,1.0824806441946591E-16
-861299686085538766,0.4203824996948242,2.475565072684833E-29,0.9005738496780396,NaN,1.0,2.4742770478287197E-15
-861299632087274619,20.46333885192871,260.1890563964844,0.9710997939109802,11.744510650634766,0.5265944004058838,8.537714958190918
-861299576087654964,0.3020053505897522,1.7344899801320926E-28,0.7535606026649475,6.104353369135949E-17,1.0,3.594983852181602E-16
-861299550084578982,0.34196287393569946,NaN,0.9230478405952454,NaN,1.0,3.131303571990429E-8
-861299483087746785,0.46278634667396545,NaN,0.3620476722717285,NaN,1.0,NaN
-861299249084338580,0.30308833718299866,1.4534763382403358E-28,0.8695456981658936,NaN,1.0,1.6445460190715093E-15
-861299174084313309,0.26543498039245605,6.736627899251184E-23,0.9656620025634766,2.371554688740396E-11,1.0,NaN
-861298949084413173,0.35676929354667664,2.461835461157938E-22,0.5645241737365723,1.0302110218780944E-14,1.0,4.900198085841523E-14
-861298857087458476,0.22996346652507782,0.19412514567375183,0.030143026262521744,0.07742150872945786,0.30067071318626404,0.4633057713508606
-861298792085508338,0.4003356397151947,NaN,0.49457794427871704,NaN,1.0,NaN
-861298740084301655,0.31574562191963196,1.0605441079410625E-25,0.9702804684638977,NaN,1.0,1.783006556255965E-14
-861298700086446397,2.197626829147339,14.379199981689453,0.08326108008623123,0.13255538046360016,4.81619119644165,14.324893951416016
-861298520085755382,0.8796120882034302,5.708427429199219,0.8001196980476379,2.0284862518310547,0.66571444272995,4.876743316650391
-861298477086771981,0.47717830538749695,0.3985453248023987,0.25915905833244324,0.005494324024766684,5.497519016265869,1.6976704597473145
-861298477084719529,0.3210664689540863,1.5322903895208082E-21,0.924144446849823,6.121439770687522E-15,1.0,NaN
-861298420087470647,0.5780664682388306,0.12786710262298584,0.9998308420181274,0.11597927659749985,0.30015072226524353,0.08134793490171432
-861298260084725743,0.2669795751571655,8.109953291823626E-28,0.8007706999778748,4.292323048947814E-16,1.0,NaN
-861298230086490708,0.6666693687438965,1.0276628732681274,0.34318575263023376,0.8723554015159607,0.42613211274147034,2.6976308822631836
-861298202084850637,1.1305204629898071,NaN,0.5052477717399597,6.996506206390934E-18,1.0,NaN
-861298187085780268,3.1123244762420654,11.900819778442383,0.03724415972828865,0.1436280608177185,0.32929378747940063,3.793593168258667
-861298176085935585,0.0029434652533382177,0.0,0.8580440282821655,NaN,1.1143380403518677,NaN
-861298142084961813,0.5018287301063538,2.0027301625015995E-30,0.663948118686676,NaN,1.0,3.069079954949373E-17
-861298118087232614,2.5240790843963623,35.01370620727539,0.205267071723938,1.0365114212036133,0.43945518136024475,5.856083869934082
-861298048086497863,3.4460608959198,24.53571319580078,0.27915158867836,0.5136480331420898,1.0181323289871216,5.261272430419922
-861297993086999567,15.045825004577637,15.208487510681152,0.8178234696388245,0.11998149752616882,1.1453262567520142,0.4415147006511688
-861297853084760649,0.3315650522708893,3.707416538243155E-22,0.9447400569915771,NaN,1.0,1.854725617533859E-8
-861297620084645675,0.22758980095386505,4.293778742360106E-22,0.8627768158912659,2.5782318988087916E-12,1.0,NaN
-861297490085033647,0.1738397181034088,1.7614811144316724E-18,0.7752188444137573,2.7690161275018E-10,1.0,NaN
-861297209087371786,4.244295120239258,5.6513991355896,0.9980568289756775,0.29277393221855164,5.49838924407959,1.1562241315841675
-861297136087076097,8.38912296295166,4.699929714202881,0.7893739342689514,0.059829819947481155,0.37631192803382874,1.0055713653564453
-861297105084672527,0.2351607382297516,1.6838902451635228E-22,0.4790463447570801,NaN,1.0,NaN
-861296730086937304,0.5856637358665466,0.2705272436141968,0.5299850106239319,0.1089915782213211,1.2909860610961914,0.7716072797775269
-861296634085713267,0.5027437210083008,NaN,0.4433886408805847,NaN,1.0,3.6685271487257864E-10
-861296586085869690,5.334734916687012,11.334297180175781,0.9011973142623901,0.3259994387626648,2.1709721088409424,2.2176265716552734
-861296567087268920,9.592121124267578,340.46246337890625,0.2194557934999466,4.69916296005249,0.709221601486206,14.840851783752441
-861296377086043636,0.0022360419388860464,0.0686698630452156,0.8564346432685852,7.319999694824219,4.522729396820068,49.00550079345703
-861296199085643919,0.7067891955375671,NaN,0.6596077680587769,6.742126661334952E-18,1.0,NaN
-861296103085979489,2.3080358505249023,0.3193976581096649,0.9960577487945557,0.11205510050058365,0.3270556926727295,0.09945844113826752
-861296037083741892,0.36887675523757935,NaN,0.5832505226135254,NaN,1.0,NaN
-861296021084957064,0.4352221190929413,5.457287405172721E-29,0.7914518713951111,NaN,1.0,NaN
-861295997084584206,0.2794540524482727,NaN,0.8517709374427795,3.4471670208255107E-15,1.0,2.1018893887219704E-14
-861295976084405659,0.2776055634021759,7.190230492817956E-23,0.6351617574691772,1.4849006746420201E-10,1.0,NaN
-861295957084985156,0.6002563238143921,NaN,0.7682321071624756,NaN,1.0,NaN
-861295766086938062,0.3979211747646332,0.8621319532394409,0.03007698617875576,0.07426957786083221,0.30153822898864746,1.4984852075576782
-861295671083657620,0.35254567861557007,NaN,0.7551392316818237,3.918544498214202E-14,1.0,NaN
-861295553086568592,15.37545394897461,15.643407821655273,0.9996835589408875,0.1556313931941986,1.9521654844284058,0.8214357495307922
-861295430087614469,0.2625425457954407,6.749308943573943E-29,0.7709588408470154,1.940737108872324E-16,1.0,NaN
-861295307085346303,0.31868603825569153,NaN,0.9198808670043945,2.4460828795456192E-18,1.0,NaN
-861295264084825409,1.1440083980560303,NaN,0.6753565669059753,NaN,1.0,8.45920422417641E-16
-861295068087109294,3.4403626918792725,16.2985782623291,0.34868836402893066,0.2601759135723114,1.6354568004608154,3.5512242317199707
-861295024087211064,10.33777141571045,10.578361511230469,0.6805645227432251,0.3027387857437134,1.0154272317886353,0.46835947036743164
-861295005085945284,4.246781349182129,51.90521240234375,0.24561919271945953,0.7258707880973816,0.5737926959991455,5.507638454437256
-861294893087560601,0.3697662353515625,1.100220593710047E-21,0.5762097239494324,NaN,1.0,5.010171531122376E-12
-861294702084921165,0.3361812233924866,NaN,0.8769242763519287,1.4779404542534753E-18,1.0,3.538127344623586E-18
-861294696084057581,0.3067084550857544,9.524350635598061E-21,0.549354612827301,NaN,1.0,8.212164743781614E-7
-861294612084083911,0.19055844843387604,NaN,0.7889390587806702,NaN,1.0,NaN
-861294462084309571,0.5172900557518005,2.1932606070627296E-25,0.6629040837287903,6.50111063266507E-18,1.0,NaN
-861294457086939178,0.16778495907783508,0.024309281259775162,0.9693825244903564,0.2024468034505844,0.36990365386009216,0.36463022232055664
-861294356087112378,2.7593748569488525,5.035919666290283,0.32087334990501404,0.10957574844360352,1.4594427347183228,1.4204082489013672
-861294240084523650,0.25676238536834717,2.443364920313888E-27,0.8963310122489929,NaN,1.0072158575057983,NaN
-861294205085016351,1.2423871755599976,NaN,0.11793243885040283,5.729484161415277E-12,1.0,7.257970613405718E-11
-861294053087110577,0.006048180162906647,1.0132770538330078,0.8700452446937561,45.814537048339844,0.32281848788261414,18.32123565673828
-861293920085852400,0.20982477068901062,0.13202159106731415,0.9999785423278809,0.033322177827358246,0.30018526315689087,0.2444634586572647
-861293738086988351,6.51259708404541,16.573043823242188,0.7261981964111328,0.20002415776252747,1.218037724494934,1.2255510091781616
-861293680087571666,0.39739522337913513,7.332801559182003E-28,0.737299919128418,NaN,1.0,NaN
-861293151084648694,0.3709436058998108,7.612743510130116E-22,0.747418224811554,7.644721522481746E-10,1.0,NaN
-861293035084495504,0.4317309856414795,2.800917512936726E-18,0.6086890697479248,2.393595321947828E-9,1.0,NaN
-861292949086940603,0.49351757764816284,0.22219513356685638,0.9973687529563904,0.034086208790540695,1.2947297096252441,0.7487218379974365
-861292849084671397,0.28906816244125366,NaN,0.7531677484512329,4.422423206830236E-17,0.99904865026474,NaN
-861292637085675576,0.39564624428749084,NaN,0.5224124193191528,NaN,1.0,NaN
-861292608087113815,0.9593536257743835,0.07799263298511505,0.9071424007415771,0.059955522418022156,0.36219683289527893,0.08030853420495987
-861292572087261925,0.3414352834224701,1.0378867387771606,0.1738767772912979,0.7358754873275757,0.3058711290359497,2.0147716999053955
-861292493084960880,0.32486215233802795,2.0588862574041314E-23,0.5091196298599243,NaN,1.0,NaN
-861292434084975029,0.5985963940620422,2.240566471248105E-28,0.8526707887649536,NaN,1.0,NaN
-861292234087110488,6.893404006958008,18.221454620361328,0.3281829357147217,0.11672715097665787,0.9044992923736572,1.1020348072052002
-861292222083967389,1.210920810699463,NaN,0.5708288550376892,1.27243200123756E-17,1.0,8.933275329864841E-17
-861292172084529850,0.21105773746967316,NaN,0.8548319339752197,NaN,1.0,NaN
-861292122087232206,0.5403937101364136,0.3997654616832733,0.5782600045204163,0.33287230134010315,0.3028133511543274,0.4803280234336853
-861292061086941575,0.0037256674841046333,0.0,0.8225570917129517,NaN,0.7301672697067261,NaN
-861292049084558800,0.27105027437210083,NaN,0.7094581127166748,3.4371949730882534E-12,1.0,NaN
-861291791084111491,0.6645084023475647,9.429319905798988E-29,0.5255554914474487,2.4134913430255705E-18,1.0,NaN
-861291757086585673,16.373456954956055,1.48322594165802,0.9999768733978271,0.007218440528959036,3.493671417236328,0.22972099483013153
-861291718084987627,0.7529014348983765,NaN,0.6901146769523621,NaN,1.0,NaN
-861291694086014518,0.8580061197280884,0.25595417618751526,0.9994459748268127,0.32767757773399353,0.30010274052619934,0.08416194468736649
-861291599083726653,0.20702798664569855,5.077580335497137E-22,0.9797597527503967,NaN,1.0,NaN
-861291445084712363,0.41899484395980835,2.2890719548253805E-25,0.9596803784370422,1.5394785435166486E-16,1.0,NaN
-861291416085854279,3.4716808795928955,40.928165435791016,0.4277280569076538,0.5413281321525574,2.634215831756592,12.894942283630371
-861291373085259799,0.48676952719688416,NaN,0.7863078713417053,7.110099611190391E-18,1.0,NaN
-861291341085687868,0.30099114775657654,4.8638633608424304E-20,0.9615122675895691,4.2281095616845954E-13,1.0,3.931833678083585E-11
-861291259085393431,14.82673168182373,68.9784164428711,0.08752439171075821,0.16239604353904724,0.9745646119117737,2.7217023372650146
-861291133084917265,0.22966058552265167,NaN,0.8706288933753967,3.2076318490226186E-8,1.0,NaN
-861291044084938512,0.30193060636520386,NaN,0.9227383732795715,2.8850561939464114E-9,1.0,1.7995867906961394E-8
-861290896083909057,0.43370795249938965,NaN,0.43687522411346436,NaN,1.0,NaN
-861290671086593783,3.239959716796875,14.742289543151855,0.0728469267487526,2.5616182028898038E-5,0.34254464507102966,5.338965892791748
-861290536087563158,0.014563927426934242,2.245575189590454,0.4280529022216797,23.352821350097656,0.8504689931869507,42.184207916259766
-861290440087117665,13.709085464477539,8.271029472351074,0.5928786396980286,0.04337219148874283,1.8560614585876465,0.4216131865978241
-861290415087557829,0.19619077444076538,NaN,0.8662217855453491,NaN,1.0,5.433689942435649E-9
-861290414087317725,0.009536285884678364,4.199376106262207,0.9606131315231323,41.080352783203125,0.9156242609024048,278.25439453125
-861290341085864081,14.667867660522461,40.409080505371094,0.950067400932312,0.29550039768218994,3.3950343132019043,2.915574550628662
-861290322085760946,14.271090507507324,98.7623291015625,0.24949847161769867,4.457700729370117,0.5210744142532349,4.108953475952148
-861290304084048718,0.5758025646209717,1.5428481844373086E-30,0.5806841254234314,NaN,1.0,NaN
-861290299086198715,2.3488001823425293,10.758600234985352,0.47947773337364197,0.7761082649230957,0.7629413604736328,2.5445594787597656
-861290105084660164,0.3291618227958679,NaN,0.5589513778686523,NaN,1.0,1.0139756872681871E-13
-861290016087112342,0.002718832343816757,0.10519720613956451,0.97124844789505,10.462674140930176,0.5212896466255188,37.26710510253906
-861289930087305194,17.889541625976562,27.398571014404297,0.9998987913131714,0.07118421792984009,3.2989823818206787,1.7205697298049927
-861289884087109129,1.7249051332473755,1.80864417552948,0.2653103768825531,0.1450338363647461,0.42705029249191284,0.3977384865283966
-861289849084645933,0.22788822650909424,NaN,0.7885528206825256,2.5795967584230084E-9,1.0,NaN
-861289820083769611,0.9924149513244629,4.725857008669607E-28,0.7571560740470886,NaN,1.0,NaN
-861289729086039913,17.44563102722168,261.68817138671875,0.9267210364341736,1.5746580362319946,1.058582067489624,6.041214942932129
-861289634086003418,0.008662240579724312,14.90147876739502,0.4186040163040161,276.8280334472656,1.465362548828125,1192.078857421875
-861289551083614083,0.27004799246788025,7.554757437322068E-23,0.7421494126319885,NaN,1.0,NaN
-861289539087547250,0.0910029336810112,0.30500054359436035,0.6707650423049927,1.2803651094436646,1.2423183917999268,2.90582013130188
-861289493083751969,0.320626825094223,1.7661149414491033E-20,0.8059759736061096,NaN,1.0,NaN
-861289475084995712,1.065162181854248,NaN,0.19568300247192383,NaN,1.0,NaN
-861289473084435629,0.8971659541130066,NaN,0.6258490681648254,1.2935437395972683E-14,1.0,NaN
-861289334083636333,0.4014875292778015,2.981468011934099E-30,0.9207447171211243,NaN,1.0,NaN
-861289241087753195,0.22553153336048126,1.5376219280368498E-21,0.7626425623893738,NaN,1.0,NaN
-861288992087587603,2.16357421875,14.426578521728516,0.35501736402511597,1.0466554164886475,0.41940802335739136,2.463958740234375
-861288955084765663,0.5471192002296448,NaN,0.765733003616333,NaN,1.0,8.791834990064251E-13
-861288955084085951,0.27312517166137695,2.253284590377109E-28,0.9458259344100952,NaN,1.0,NaN
-861288910083801506,0.3650721311569214,1.0120817709723312E-27,0.6149519681930542,3.978706453248949E-15,1.0,1.4769630492044404E-14
-861288831087107567,1.7189222574234009,2.0017054080963135,0.2707558870315552,0.33234432339668274,0.3006371557712555,0.11940360814332962
-861288644087755730,0.2634754478931427,NaN,0.7745146155357361,2.3627142464732742E-9,1.0,1.5622420690419858E-8
-861288541084299425,0.36022454500198364,3.2409444678686076E-23,0.615902841091156,NaN,1.0,2.1166948131323E-13
-861288448085317893,1.7304184436798096,1.9540901698103369E-28,0.30950623750686646,NaN,1.0,NaN
-861288031086033323,15.761918067932129,253.6394805908203,0.9879065155982971,2.3055872917175293,0.3005153238773346,0.25818759202957153
-861287855084582275,0.24130697548389435,NaN,0.850702166557312,NaN,1.0,NaN
-861287826083695756,0.2615642845630646,3.055421409734404E-21,0.7378300428390503,NaN,1.0,NaN
-861287676085102512,3.547473192214966,1.1832453820318853E-25,0.5845741033554077,NaN,1.0,7.646307022333813E-15
-861287676084171984,3.4494290351867676,1.6917511329619476E-18,0.9330716133117676,2.0971080571413094E-14,1.0,NaN
-861287646085303644,0.916898250579834,NaN,0.32786691188812256,NaN,1.0,3.928241331394369E-14
-861287585087281095,13.041234016418457,250.18264770507812,0.3210380971431732,1.658500075340271,0.5350955724716187,5.201535224914551
-861287286087124327,9.040670394897461,9.110995292663574,0.5213382840156555,0.0825369656085968,1.2521586418151855,0.5348526239395142
-861287198087110100,12.086018562316895,6.653159141540527,0.5295385718345642,0.022139141336083412,1.598950982093811,0.3438381254673004
-861287161084774881,0.33252936601638794,1.8538942825230287E-23,0.5628217458724976,3.968260588833525E-14,1.0,4.0085176931242694E-13
-861287155085660288,0.14975255727767944,1.1037235844056007E-27,0.7953258156776428,4.530668462621179E-8,1.0,NaN
-861287041085883450,6.2879791259765625,176.92123413085938,0.8730073571205139,28.435937881469727,0.31906452775001526,5.629332542419434
-861287001084057301,0.39824825525283813,NaN,0.9028380513191223,1.3182120847646388E-18,1.0,4.5233916848125414E-18
-861286973084461767,0.3138194680213928,NaN,0.9478279948234558,NaN,1.0,7.157763270981832E-9
-861286968084406353,0.28381043672561646,1.7680171337405485E-20,0.7877306938171387,NaN,1.0,9.051092514367198E-11
-861286961086448346,0.05662267655134201,0.018676258623600006,0.9874821305274963,0.42512160539627075,0.7258158326148987,2.0004360675811768
-861286861084838612,0.701056718826294,NaN,0.8403778076171875,2.3433716560897567E-18,1.0,6.334525969873934E-17
-861286814083565190,0.3157513737678528,3.7160311517636582E-22,0.884238064289093,NaN,1.0,NaN
-861286807085462703,0.2730172276496887,NaN,0.6620020270347595,NaN,1.0,NaN
-861286770084415614,0.7547403573989868,NaN,0.5156962871551514,NaN,1.0,NaN
-861286755084700079,0.3928850591182709,NaN,0.6491872072219849,NaN,1.0,5.621413034396377E-16
-861286752085504898,0.3271465599536896,1.9329702854156494,0.03786595165729523,0.9099158644676208,0.33453208208084106,6.481761932373047
-861286724084633870,0.1867412030696869,4.006948759449565E-24,0.8280648589134216,NaN,1.0,6.585947898152256E-10
-861286717085071445,0.331501841545105,2.6060907616939244E-29,0.8784406781196594,9.331976219679278E-18,1.0,3.734147394948543E-17
-861286635085283706,0.79555743932724,NaN,0.2730657458305359,2.290014453395085E-16,1.0,NaN
-861286634085294426,0.7757356762886047,3.505217427578235E-21,0.5581622123718262,NaN,1.0,NaN
-861286470084784318,1.4273560047149658,NaN,0.4615049362182617,5.427943793219481E-13,1.0,1.3480364827872515E-12
-861286421084906568,0.4767836928367615,NaN,0.6797419786453247,NaN,1.0,NaN
-861286349087427466,0.7533400654792786,2.646855354309082,0.36411288380622864,0.8772876262664795,0.335063636302948,2.300058126449585
-861286338084914371,0.44974589347839355,NaN,0.6930883526802063,1.05778606036195E-16,1.0,3.876706216344994E-16
-861286329084397650,0.32486894726753235,3.0944069328360396E-19,0.804327666759491,4.650331855704515E-11,1.0,NaN
-861286274084848120,0.5119593143463135,NaN,0.2419331669807434,1.5060898017550846E-15,1.0,NaN
-861286172086442438,2.669515371322632,7.820319175720215,0.2798246443271637,0.8328835964202881,0.3070126175880432,0.895150899887085
-861286171085275212,1.0021955966949463,2.6084062512215E-24,0.341924250125885,8.859605757360889E-13,1.0,6.702670645071518E-13
-861286096083861641,0.4038691520690918,NaN,0.7661362290382385,NaN,1.0,NaN
-861286021084690791,0.188979834318161,5.2484181735899124E-21,0.9687566757202148,NaN,1.0,NaN
-861285891087439664,2.2634289264678955,4.706908226013184,0.5200466513633728,0.4895770251750946,1.2932748794555664,2.5689802169799805
-861285792084076346,0.6254971027374268,2.231601925239244E-22,0.5764517784118652,NaN,1.0,NaN
-861285758083887781,1.3032138347625732,1.3140859010740712E-18,0.6541479229927063,7.587176442669374E-10,1.0,2.1906627623025088E-9
-861285680085246002,1.296411156654358,9.903479337397651E-20,0.09458625316619873,4.78305058320555E-13,1.0,NaN
-861285663083957350,1.469377875328064,4.4861688157415966E-20,0.3744521141052246,NaN,1.0,NaN
-861285642083705278,0.2311355322599411,NaN,0.5530895590782166,NaN,1.0,NaN
-861285620084676917,0.27361413836479187,1.470283347528442E-21,0.8218506574630737,NaN,1.0,6.042393690432191E-13
-861285494087295588,17.230512619018555,253.0179443359375,0.9024137258529663,10.702938079833984,0.41798898577690125,3.398817539215088
-861285388084428716,1.1483160257339478,1.6705271130852118E-20,0.5814260244369507,NaN,1.0,1.8141824043027555E-8
-861285351086910738,6.025285720825195,131.3582000732422,0.929963231086731,14.374811172485352,0.4784163534641266,7.696915626525879
-861285156086549309,0.1681836098432541,0.926206648349762,0.6581243872642517,4.109020233154297,2.030442476272583,24.090099334716797
-861285111086106772,0.01420518010854721,0.021476175636053085,0.030000001192092896,NaN,4.777131080627441,4.5721330642700195
-861284923083874353,0.6098374724388123,7.505947235266033E-29,0.6984298229217529,9.871256620033224E-18,1.0,NaN
-861284896084693781,0.33105307817459106,NaN,0.4479365944862366,1.1631492007079837E-14,1.0,4.895709404144138E-15
-861284884085781177,0.006558374501764774,0.0019332771189510822,0.9990509152412415,0.025138836354017258,5.5,-0.0
-861284881087587938,9.582642555236816,27.365236282348633,0.9627658128738403,11.776939392089844,0.30118975043296814,0.7172348499298096
-861284763086721998,0.026723340153694153,0.019250554963946342,0.9191697239875793,0.3841058611869812,3.257962465286255,3.810060977935791
-861284692087619208,0.506649374961853,3.47799183521565E-25,0.8342511653900146,NaN,1.0,NaN
-861284655085816906,1.9826560020446777,3.8758411407470703,0.14173685014247894,0.09415842592716217,2.525284767150879,3.5918986797332764
-861284375085230774,0.38279256224632263,NaN,0.3451421856880188,NaN,1.0,NaN
-861284361087288540,10.71754264831543,474.8052978515625,0.3309256434440613,8.334685325622559,0.7664080858230591,13.65623950958252
-861284278085711904,0.6785803437232971,NaN,0.2763257622718811,NaN,1.0,6.688143927569001E-10
-861284008084697028,0.2507675290107727,5.037943459839362E-27,0.96247398853302,NaN,1.0,NaN
-861283994083935673,1.8294851779937744,NaN,0.4836612939834595,1.1912240941922003E-12,1.0,NaN
-861283974087562030,1.398002028465271,3.02152681350708,0.10900120437145233,0.12930837273597717,0.8114590644836426,2.5719337463378906
-861283931085064696,0.2706373333930969,NaN,0.9442718625068665,NaN,1.0,1.1399593942418296E-11
-861283652085287649,0.3961007297039032,4.652425454567828E-22,0.29202330112457275,1.355853762596837E-10,1.0,NaN
-861283619087450300,8.446532249450684,155.9306640625,0.8805372714996338,13.446019172668457,0.33321401476860046,5.844546794891357
-861283516084386157,0.4489842355251312,5.737504481669107E-24,0.5218480825424194,6.470103966482732E-12,1.0,NaN
-861283441085283907,0.3640368580818176,NaN,0.38488346338272095,NaN,1.0,1.2653030978526658E-7
-861283409084579162,0.22251629829406738,NaN,0.8879765272140503,5.378643277292872E-12,1.0,NaN
-861283316084400976,0.6357008218765259,6.655828423448026E-21,0.6065855622291565,1.5573081019182311E-12,1.0,NaN
-861283244084263079,0.2964051067829132,NaN,0.933821439743042,8.364772623702867E-17,1.000236988067627,7.32843244494866E-17
-861283117086770419,1.1966968774795532,0.8235991597175598,0.037094004452228546,0.08673745393753052,0.3011663854122162,0.5492829084396362
-861283007087632966,0.49292653799057007,9.671859943341325E-27,0.9193989038467407,NaN,1.0,2.5969357830414965E-16
-861282902087169968,0.038880400359630585,0.013127108104526997,0.8298950791358948,0.9144589900970459,0.30000001192092896,0.0
-861282858084084892,0.19346246123313904,3.569900204981754E-20,0.7876169085502625,1.9762604747119994E-11,1.0,2.5175317830417043E-8
-861282638084973097,1.2701470851898193,3.578068593335876E-23,0.2578355073928833,NaN,1.0,NaN
-861282572087354798,0.19867658615112305,0.8545529246330261,0.9819086790084839,2.115772008895874,0.3059418201446533,2.7944183349609375
-861282555086913552,11.147636413574219,576.4580078125,0.9989616870880127,0.3847532272338867,0.310777485370636,3.3619940280914307
-861282444087244400,4.012211799621582,10.324009895324707,0.44846731424331665,0.1444772481918335,5.251821517944336,5.036370277404785
-861282337085086957,0.27698418498039246,NaN,0.7062761783599854,1.471689436982615E-10,1.0,NaN
-861282324083927033,0.29995036125183105,3.182123843331708E-23,0.5822538733482361,2.4406815110622482E-11,1.0,1.5420081878048109E-10
-861282313085417446,0.32859036326408386,NaN,0.42592453956604004,NaN,1.0,1.3872014431245971E-12
-861282113084683352,0.5690906643867493,8.644452897800149E-29,0.7737120389938354,NaN,1.0,NaN
-861282085085781911,0.10641725361347198,0.15880630910396576,0.5463300943374634,1.5073323249816895,0.9986546635627747,6.488882064819336
-861282055087549353,0.00953962653875351,1.0425719022750854,0.8945605754852295,36.46720886230469,1.1960704326629639,143.7486572265625
-861282004083982853,0.16114234924316406,8.830206681545125E-23,0.822257399559021,4.931444141931252E-10,1.0,5.022770110940655E-8
-861281925087522426,0.9112237095832825,0.4149805009365082,0.03091583400964737,0.013749649748206139,1.257339358329773,1.2113173007965088
-861281921083582918,0.6402899622917175,NaN,0.6602016687393188,1.3401685808286086E-17,1.0,NaN
-861281851087530157,1.2712695598602295,0.3591926395893097,0.5013557076454163,0.19405342638492584,0.30024898052215576,0.020527437329292297
-861281801087744230,0.7309210896492004,NaN,0.5636642575263977,4.2318333556899505E-15,1.0,1.1101457074577312E-13
-861281752083819161,0.5745660066604614,1.7157890318532224E-27,0.4731181859970093,NaN,1.0,NaN
-861281685083884479,0.2504740357398987,1.5634658317072316E-23,0.8935322761535645,NaN,1.0,NaN
-861281641087274582,1.2800796031951904,2.676072120666504,0.56448894739151,0.7043342590332031,1.8028870820999146,4.039451599121094
-861281628086918466,21.031679153442383,0.0,0.9979987740516663,0.07066179066896439,1.8937569856643677,0.163109689950943
-861281603085489191,0.1453719139099121,0.12477853149175644,0.5946109890937805,0.8965741395950317,0.6504778265953064,2.8192338943481445
-861281324084487327,0.6051536798477173,1.3321966190415195E-25,0.4522828459739685,6.023152185070501E-15,1.0,9.90810860820087E-15
-861281074084500399,1.8639659881591797,1.4414405670387573E-23,0.5696209669113159,4.6370733994141947E-14,1.0,3.729145898329067E-12
-861280955087220142,15.331070899963379,0.6962026357650757,0.15686877071857452,4.967183922417462E-4,0.8593189716339111,0.04381113499403
-861280917085398416,0.3347392678260803,1.0584529205117167E-22,0.5154047012329102,5.49215339873399E-10,1.0,3.236684809060364E-10
-861280869083444257,0.16145861148834229,NaN,0.7546764612197876,NaN,1.0,3.0971246075574277E-13
-861280842083892736,0.4506660997867584,3.7530528560026264E-20,0.4195517301559448,NaN,1.0,NaN
-861280614085766168,2.338531970977783,16.799896240234375,0.4502893388271332,0.013004470616579056,2.1648008823394775,11.170157432556152
-861280595086222050,2.2146828174591064,3.8331727981567383,0.4814295470714569,0.37371718883514404,0.6592473387718201,1.3080404996871948
-861280491084956391,0.48150086402893066,NaN,0.480665385723114,NaN,1.0,NaN
-861280338087419382,0.6529970169067383,2.5731360912323,0.3321457803249359,1.24750554561615,1.6085221767425537,9.369926452636719
-861280211087514281,0.0025303098373115063,0.0,0.997972846031189,2.2443838779660774E-13,0.5468610525131226,1.328461118887958E-9
-861280051084449255,0.7865980863571167,5.676384327593488E-23,0.5060473680496216,1.4905578644804009E-15,1.0,NaN
-861279810084867618,0.16165605187416077,NaN,0.8370267152786255,1.453564629771975E-10,1.0,NaN
-861279741084293456,0.30191245675086975,2.0099688743422407E-24,0.8736797571182251,NaN,1.0,6.345181324807214E-11
-861279723086981309,211.99215698242188,0.0,0.4646305739879608,0.01746544800698757,0.30000001192092896,0.0
-861279644084886798,0.3033215403556824,3.7132029476143015E-27,0.7230211496353149,NaN,1.0,NaN
-861279631084935660,0.24637596309185028,NaN,0.7528155446052551,NaN,1.0,3.1401858890944823E-10
-861279547086748494,0.6953698992729187,0.14220570027828217,0.030006136745214462,0.0050475336611270905,0.300095796585083,0.07657908648252487
-861279394085429397,0.8240419626235962,0.3680887222290039,0.0640043169260025,0.1731310486793518,0.5149734616279602,0.9087249636650085
-861279373084889883,0.1647309809923172,2.3862921516823153E-20,0.6605902910232544,1.99224636787676E-10,1.0,5.80598769062135E-9
-861279348084427094,1.666542410850525,2.112305783008275E-17,0.4115833044052124,NaN,1.0,5.595109264788789E-9
-861279305087445872,3.95843505859375,163.0729522705078,0.9981343746185303,2.29373836517334,0.3032382130622864,2.1669113636016846
-861279204084612062,0.3463793396949768,NaN,0.9170466661453247,NaN,1.0,NaN
-861278840085461551,4.000662326812744,19.19145965576172,0.4306023418903351,0.696479082107544,1.1255074739456177,4.41896915435791
-861278773085438408,0.6949213743209839,0.7616298794746399,0.032346829771995544,0.02974702976644039,0.3104186952114105,0.9014134407043457
-861278661084010499,0.23758582770824432,NaN,0.8563725352287292,1.2145025263254894E-10,1.0,NaN
-861278482083400508,0.33012136816978455,2.363942038492688E-21,0.7741804718971252,NaN,1.0,NaN
-861278367085014594,0.975884735584259,NaN,0.2973291873931885,4.550623099235053E-16,1.0,3.4636867043958113E-15
-861278203086913466,3.6693923473358154,14.39136028289795,0.2838692367076874,1.1842454671859741,0.30000001192092896,NaN
-861278106083739818,0.5732232332229614,9.708932091803638E-26,0.7537412643432617,NaN,1.0,1.2288661883932375E-15
-861278038084436799,0.6246641278266907,NaN,0.6156257390975952,2.2436867359691692E-13,1.0,1.1654943676830953E-10
-861278035085364706,0.2736460268497467,NaN,0.7840843200683594,NaN,1.0,2.9415437552415824E-7
-861278029087135317,6.03528356552124,12.066746711730957,0.4768410921096802,0.2526276707649231,1.4779305458068848,1.1430282592773438
-861277827087187562,71.61768341064453,107.86895751953125,0.6930229067802429,0.1330121010541916,2.6946873664855957,1.2419577836990356
-861277759084901518,0.2728857100009918,3.1263197082650234E-28,0.7634674906730652,7.122260125724431E-16,0.9995335936546326,1.1356019104940846E-14
-861277702087694823,0.2892257869243622,NaN,0.9048179388046265,NaN,1.0,2.6249337159591586E-15
-861277690085435094,0.2600404620170593,0.043389808386564255,0.999965250492096,0.032002151012420654,0.3000001311302185,NaN
-861277588084365458,0.5340524911880493,6.204179889493104E-29,0.8282971978187561,NaN,1.0,1.736132578150291E-18
-861277556083865956,0.17642894387245178,7.066652440654532E-21,0.8486915230751038,1.0483882206813178E-8,1.0,NaN
-861277281085032318,0.7603582143783569,6.619898187446719E-30,0.5056818723678589,NaN,1.0,NaN
-861277230083882833,0.5679405927658081,1.578354571298884E-19,0.7413612008094788,2.698670176215501E-10,1.0,2.4570887546815356E-9
-861277199087134230,0.36731159687042236,0.23693569004535675,0.031796667724847794,0.12773442268371582,0.8937310576438904,1.7470659017562866
-861277083085747154,0.2834567725658417,NaN,0.858826220035553,1.1896305634852343E-15,1.0,6.940781093313711E-14
-861277062083558084,0.2835342288017273,1.8646834462257774E-27,0.921293318271637,NaN,1.0,NaN
-861276942084409944,1.204284429550171,8.62908740407695E-20,0.7536227107048035,NaN,1.0,2.73776348813648E-11
-861276786084072635,0.3772125244140625,NaN,0.7293341159820557,3.24354362812862E-11,1.0,4.9414319858165356E-11
-861276760085453611,4.978333473205566,184.78988647460938,0.9815660119056702,8.998703002929688,0.3428094983100891,17.73154067993164
-861276690085958226,0.14015264809131622,0.5204563736915588,0.06355492770671844,4.141188621520996,0.3051876723766327,2.4552688598632812
-861276653084776428,0.33315226435661316,NaN,0.5807633996009827,7.646226765962061E-16,1.0,NaN
-861276612083833161,0.292014479637146,1.3256531410922276E-24,0.6416703462600708,NaN,1.0,NaN
-861276496084285238,0.3504686653614044,6.542278576418985E-28,0.8354219794273376,3.9499335381241085E-16,1.0,2.8827171820276906E-15
-861276287083753475,0.5983936190605164,NaN,0.5687867403030396,NaN,1.0,NaN
-861275992084531953,0.4661385118961334,6.987244748991012E-24,0.3414452075958252,NaN,1.0,1.277951959444861E-15
-861275869083562075,0.43234872817993164,1.4245438157231E-17,0.5578216910362244,1.868284371653317E-8,1.0,NaN
-861275858087337527,0.7361146807670593,2.319641590118408,0.9004497528076172,2.089303493499756,0.3435487151145935,1.9792166948318481
-861275856084914482,0.27175095677375793,NaN,0.9477104544639587,3.425042801458167E-12,1.0,1.5971528266600643E-10
-861275838086897109,2.205770492553711,49.22764587402344,0.17495852708816528,1.1322077512741089,0.6035111546516418,9.23318862915039
-861275725085524929,0.014509998261928558,2.1185483932495117,0.6078280210494995,59.81895446777344,0.9681234359741211,155.9678497314453
-861275601086013699,0.10062066465616226,1.3925244808197021,0.0735146552324295,6.839580535888672,0.3166030943393707,10.642444610595703
-861275564084640601,0.28491249680519104,2.5594370202766135E-26,0.5991265773773193,NaN,1.0,NaN
-861275471085422675,1.036175012588501,0.3237781822681427,0.43671876192092896,0.12973494827747345,1.022057056427002,0.5457231998443604
-861275445083905152,3.2659168243408203,6.293195787170146E-19,0.6957098841667175,3.0844882203950874E-11,1.0,NaN
-861275299086574215,0.030139900743961334,0.5692487359046936,0.2738628685474396,2.945145606994629,0.7092480063438416,9.655679702758789
-861274747087132921,4.08960485458374,17.98121452331543,0.3614037036895752,0.3591216802597046,0.979637861251831,2.111161947250366
-861274671085429016,4.259342670440674,294.0283203125,0.05765923112630844,2.4517602920532227,0.36280837655067444,18.31365394592285
-861274667087134959,5.2439446449279785,12.597872734069824,0.43587738275527954,0.12889815866947174,5.481363296508789,4.321360111236572
-861274510083609111,0.5218579173088074,2.6837359514787326E-28,0.8337439298629761,6.428156859514527E-17,1.0,2.4649047870860285E-16
-861274430086169266,0.2843780219554901,0.7071510553359985,0.482170045375824,0.6341614723205566,0.305684894323349,1.5835939645767212
-861274416083516334,0.3335370123386383,NaN,0.7581745982170105,NaN,1.0,6.77535067980517E-13
-861274381084763267,0.6275762915611267,NaN,0.8186158537864685,2.0461534610854187E-18,1.0,NaN
-861274361087766818,0.34200841188430786,1.6946573761044482E-22,0.7976921796798706,NaN,1.0,9.173238916789037E-15
-861274325085735182,0.6173760294914246,NaN,0.44759631156921387,NaN,1.0,1.14396920755655E-11
-861274313087327758,0.10699384659528732,0.053817443549633026,0.05535149946808815,0.9945574402809143,0.9402977228164673,3.642214298248291
-861274246084514083,0.8907963037490845,NaN,0.6971914172172546,NaN,1.0,NaN
-861274189083342718,0.22833609580993652,0.0,0.8122275471687317,0.0,1.0,0.0
-861274182085348379,0.0029473041649907827,0.0,0.9193815588951111,NaN,0.4051152765750885,NaN
-861274109083636937,0.38995230197906494,NaN,0.8480959534645081,2.0273158702005954E-18,1.0,3.40273966628599E-16
-861273987087234758,1.5308606624603271,7.640180587768555,0.20464880764484406,0.46151724457740784,0.4565880000591278,2.109245777130127
-861273923083921921,0.3009893000125885,NaN,0.6331347823143005,NaN,1.0,NaN
-861273886083874218,0.530929684638977,NaN,0.8145750164985657,1.3170602846182544E-12,1.0,5.620699218555902E-12
-861273763085979451,0.07224006205797195,0.06581788510084152,0.9575762748718262,0.9167345762252808,4.562333106994629,11.0205717086792
-861273715084953092,0.5735689997673035,NaN,0.7313956618309021,NaN,1.0,1.7481630102612012E-17
-861273582083809407,0.6065660119056702,NaN,0.3289494514465332,NaN,1.0,3.33162520466633E-14
-861273401083692504,0.2561405301094055,1.4282114066360558E-26,0.7312009334564209,NaN,1.0,1.3161547759044535E-14
-861273383085777237,0.02789958380162716,0.13246822357177734,0.06807325035333633,1.5827831029891968,3.6726839542388916,38.961814880371094
-861273358086614042,0.008751217275857925,0.0018518029246479273,0.5181350708007812,0.1883208006620407,5.495845794677734,0.09868382662534714
-861273210085829068,3.851871967315674,6.5637054443359375,0.5741544961929321,0.33538737893104553,0.7279526591300964,1.1406540870666504
-861273205085381635,0.011612622067332268,0.0,0.9996909499168396,1.0181496499035525E-17,0.30038800835609436,1.8214214340313475E-17
-861273196084840765,0.1955123245716095,8.038444090767512E-27,0.8648137450218201,3.2220963906964134E-14,1.0,5.696408514159479E-13
-861273118083391697,0.3537873923778534,8.407341106517204E-24,0.8386681079864502,2.954789462151358E-13,1.0,NaN
-861272992085164811,10.97850513458252,4.125675367499081E-29,0.8031829595565796,1.3240371940358138E-18,1.0138394832611084,1.2802405365892238E-15
-861272890087650107,0.5414519309997559,NaN,0.7227522134780884,NaN,1.0,NaN
-861272876084815909,2.0454094409942627,1.477987239382439E-27,0.8742551803588867,3.6550675221814324E-18,1.0,NaN
-861272802085381102,0.003199417144060135,0.0,1.0,0.0,0.30000001192092896,0.0
-861272313083893467,0.25445806980133057,NaN,0.7412376403808594,2.9384843083096746E-12,1.0,1.7532382490248466E-10
-861272283084671486,0.24390633404254913,NaN,0.8935621380805969,2.5159993497116248E-15,1.0,NaN
-861272255083417101,0.41691431403160095,2.8313535601638195E-22,0.5262433886528015,NaN,1.0,6.89454215940799E-10
-861271957083891214,0.16513916850090027,0.0,0.8562130928039551,0.0,1.0,0.0
-861271898085445399,0.4414696991443634,1.9382920265197754,0.044041212648153305,0.19580687582492828,0.3186439871788025,2.3242475986480713
-861271808083715956,1.464570164680481,NaN,0.9395978450775146,5.437853583188082E-16,1.0183788537979126,1.2063996982585013E-15
-861271357084396662,0.25244924426078796,3.264481212137595E-19,0.5759372711181641,NaN,1.0,NaN
-861271274083764583,0.31152939796447754,4.8002231864398975E-19,0.5276815891265869,NaN,1.0,9.054873517655437E-10
-861271242084258651,0.3763723075389862,NaN,0.8676851391792297,4.55197646184296E-19,1.0,5.301984866237062E-17
-861271039085551065,0.7246686220169067,0.21594083309173584,0.650433361530304,0.10993294417858124,1.8432183265686035,0.6130653619766235
-861270858085679503,0.6071099638938904,NaN,0.7873309850692749,NaN,1.0,NaN
-861270847087764514,0.2711334526538849,7.983426346485339E-23,0.8197535276412964,3.2825309137507475E-9,1.0,NaN
-861270817083498944,0.3043992817401886,NaN,0.931814968585968,NaN,1.0,NaN
-861270801084038321,0.22968383133411407,NaN,0.7698004841804504,6.459896506605389E-11,1.0,3.269781112535952E-9
-861270747085113150,0.09453127533197403,NaN,0.5564488768577576,1.5418629706331899E-9,1.0,NaN
-861270702083885910,0.9732950925827026,2.1848213375999345E-22,0.6175330877304077,3.2776652919563887E-11,1.0,NaN
-861270608084832104,0.7726770639419556,NaN,0.8578901290893555,1.0159811360266335E-12,1.0,1.1660822047537822E-12
-861270576084428388,1.0166049003601074,1.0447775812684907E-19,0.586362361907959,6.366672467006396E-11,1.0,4.718237800460656E-9
-861270539084300397,0.2823707163333893,NaN,0.9293128848075867,1.3246780025845525E-16,1.0,3.130496341956202E-15
-861270502084419881,0.44232386350631714,7.651161364380516E-21,0.3341250419616699,NaN,1.0,4.1762443503401414E-10
-861270403085404111,0.30822399258613586,0.3957964777946472,0.9932284951210022,0.6915541887283325,0.31880030035972595,0.8170108795166016
-861270224084447155,0.6746410727500916,NaN,0.575761616230011,NaN,1.0,6.990891562473275E-15
-861270163085509808,0.5972152948379517,1.6898870468139648,0.7138811349868774,2.3989758491516113,0.7371352314949036,5.065664291381836
-861270070083660622,0.01978461444377899,NaN,0.7810527682304382,2.203555798691756E-18,1.0019901990890503,5.072936155797352E-18
-861270053084944272,1.1042289733886719,NaN,0.3594970107078552,NaN,1.0,NaN
-861270027083552091,1.0431209802627563,1.1555970358837512E-19,0.5916210412979126,NaN,1.0,NaN
-861269981087224605,9.611550331115723,16.179882049560547,0.9996919631958008,0.0914779007434845,0.3017466068267822,0.449298232793808
-861269978083772419,0.20477113127708435,NaN,0.46512627601623535,NaN,1.0,NaN
-861269965087830866,0.17845715582370758,2.2199312267065913E-21,0.9125000834465027,1.402084080837085E-6,1.0,1.2306899407121819E-5
-861269961086566419,3.2743172645568848,11.094759941101074,0.5455155372619629,0.18131287395954132,4.359921455383301,20.85731315612793
-861269850084972169,0.2982636094093323,NaN,0.858026385307312,1.1334007047982312E-15,1.0,4.98886185251843E-15
-861269839087498633,0.41392603516578674,1.649308681488037,0.04083972051739693,0.3626784682273865,0.37118497490882874,2.7511398792266846
-861269819084465110,0.22827091813087463,NaN,0.5810787081718445,NaN,1.0,NaN
-861269734083374866,0.29685157537460327,NaN,0.8334346413612366,NaN,1.0,NaN
-861269324085524455,5.2262163162231445,126.87773132324219,0.05319545418024063,0.3059322237968445,0.3930024206638336,8.457438468933105
-861269293084235821,0.46747151017189026,NaN,0.834501326084137,2.714941327308651E-10,1.0,8.094406256375919E-10
-861269274085313956,0.15124312043190002,4.200449819071859E-26,0.8549736738204956,NaN,1.0,NaN
-861269258084841603,0.378429114818573,NaN,0.7659803032875061,NaN,1.0,1.0357555301442316E-14
-861269243085410768,0.2786063253879547,0.12294948101043701,0.9997749924659729,0.16211378574371338,0.3003959655761719,0.25532329082489014
-861269196083583914,0.5122442245483398,NaN,0.43643832206726074,8.851264339526654E-12,1.0,2.1005971267973322E-11
-861269178083816874,0.16606388986110687,NaN,0.9429382085800171,NaN,1.0,1.1296324942122737E-7
-861269153083619038,0.2738921046257019,NaN,0.9462883472442627,1.6794337188291708E-12,1.0,NaN
-861268974087672840,0.5078182816505432,NaN,0.3854045867919922,1.118517722886736E-9,1.0,NaN
-861268973084010464,0.2002234160900116,NaN,0.6890215277671814,2.0675956780014104E-10,1.0,NaN
-861268963087550894,133.89801025390625,302.0614013671875,0.9983512163162231,4.847347259521484,0.33738094568252563,4.743900775909424
-861268872083702852,0.2843361496925354,NaN,0.9142131805419922,9.768685860223059E-10,1.0,NaN
-861268855085033696,0.14619728922843933,2.7615085606031682E-18,0.6043202877044678,5.969239685876815E-11,1.0,2.6624951487974613E-7
-861268753085567905,0.013241589069366455,3.786806583404541,0.7839402556419373,111.58660125732422,1.1519242525100708,393.0500183105469
-861268724085274220,0.19445249438285828,4.999456095282862E-22,0.7975170016288757,NaN,1.0,NaN
-861268344084908563,0.34817904233932495,NaN,0.8273811340332031,NaN,1.0,NaN
-861268315083762072,0.48283451795578003,NaN,0.6478474140167236,2.1248051929045886E-10,1.0,NaN
-861268272083769736,0.36066576838493347,NaN,0.629410982131958,4.3839605556872385E-11,1.0,NaN
-861268248087520103,4.403111934661865,470.9456787109375,0.29677465558052063,19.461484909057617,0.4512007236480713,23.75029754638672
-861268237083589458,0.3762015700340271,NaN,0.9003804326057434,2.138616540803273E-12,1.0,7.259539497317391E-11
-861268138084782642,0.9588603973388672,NaN,0.9291300177574158,NaN,1.0,NaN
-861267923085144931,0.06803835183382034,0.007015699055045843,0.030001509934663773,1.8545695184002398E-6,5.49701452255249,0.002566809765994549
-861267906084700369,0.37650564312934875,NaN,0.6489338874816895,NaN,1.0,NaN
-861267894087260399,1.2611942291259766,6.9319305419921875,0.3433256149291992,0.003968501929193735,4.9833149909973145,14.943411827087402
-861267859084850497,0.2469235211610794,1.2009681529957101E-24,0.9316441416740417,6.706688589531955E-18,1.0,NaN
-861267722084352713,0.5198370814323425,3.944412205618622E-24,0.47865504026412964,1.9388552398915413E-16,1.0,2.6363839073401422E-15
-861267667083565055,1.585941195487976,3.483994721577736E-23,0.45488399267196655,NaN,1.0,NaN
-861267486085242169,0.9771076440811157,6.42626407381761E-20,0.19710278511047363,4.095789679636752E-12,1.0,NaN
-861267156085253861,0.3016710579395294,NaN,0.5842779874801636,NaN,1.0,NaN
-861267065086169642,5.70229959487915,0.0,1.0,4.021293946347915E-16,0.34695568680763245,18.434650421142578
-861267029083574609,1.165747046470642,NaN,0.5212683081626892,NaN,1.0,NaN
-861266856085234486,0.37152189016342163,3.2454366264326274E-25,0.5043954849243164,NaN,1.0,3.9557178604758547E-13
-861266799086022709,6.152462005615234,34.90345764160156,0.30777546763420105,0.277912437915802,1.706287145614624,4.8359456062316895
-861266674083871647,0.4399881958961487,NaN,0.964137613773346,NaN,1.0,NaN
-861266622084978796,0.3102012574672699,4.294896084946261E-23,0.40463757514953613,3.847578939480956E-12,1.0,3.54822117867859E-12
-861266620087626948,0.8444412350654602,NaN,0.27901893854141235,NaN,1.0,NaN
-861266476084016542,0.3050505220890045,4.658216545581928E-24,0.91875821352005,8.220946492998316E-12,1.0,NaN
-861266449087597281,11.454721450805664,40.146888732910156,0.7402538657188416,67.36151885986328,3.6211578845977783,350.7086486816406
-861266419084419700,0.21940450370311737,1.4681042915981103E-15,0.6916313767433167,3.38515769726655E-6,1.0,NaN
-861266362087402693,2.077726125717163,19.83306121826172,0.05247856304049492,0.5910985469818115,0.30482879281044006,3.888861894607544
-861266257085452737,0.012632777914404869,0.0132726626470685,0.6608900427818298,0.40730053186416626,5.442145347595215,3.393216371536255
-861266256084374389,0.33273595571517944,NaN,0.8635421395301819,6.80923650797638E-11,1.0,1.6793380019919368E-9
-861266154084369001,0.35873931646347046,1.4810519425952075E-21,0.5359454154968262,3.7862901702823137E-10,1.0,NaN
-861266135083498552,0.3920100927352905,NaN,0.7117825746536255,1.4087869759649152E-9,1.0,1.5041711209917707E-9
-861265978083504623,0.3606836497783661,5.318728121760136E-21,0.9226564168930054,NaN,1.0,NaN
-861265882085224486,1.2206952571868896,NaN,0.23031002283096313,7.586147777804498E-16,1.0,NaN
-861265849087239022,15.224198341369629,80.79637908935547,0.8396733999252319,0.48445507884025574,1.1318258047103882,2.1465840339660645
-861265709084261152,0.36254405975341797,NaN,0.5328426361083984,1.3067527101899307E-14,1.0,1.577836541706134E-14
-861265639083439424,0.3898259103298187,1.799028490334331E-20,0.4802788496017456,NaN,1.0,6.005202976666624E-6
-861265585087437394,0.34132060408592224,0.3718102276325226,0.999746561050415,0.42257624864578247,0.30097904801368713,0.6489436030387878
-861265533087303287,3.351508378982544,46.13953399658203,0.03774702921509743,0.00292412587441504,2.8362998962402344,19.46068000793457
-861265507083863528,0.587990403175354,3.3389122161248234E-19,0.6116278767585754,NaN,1.0,NaN
-861265303083616550,0.004165911581367254,0.0,0.48089584708213806,6.828306473453789E-17,0.9296008348464966,NaN
-861265297084449785,0.3721523880958557,NaN,0.4376521110534668,NaN,1.0,NaN
-861265237083308098,1.7511560916900635,NaN,0.47652703523635864,2.2788059906588688E-17,1.0,8.330105815103014E-16
-861265177084440081,0.47443604469299316,5.743699406357808E-24,0.6350880265235901,NaN,1.0,NaN
-861264944085402237,1.3474944829940796,4.936695575714111,1.0,4.465941234443188E-14,1.2227858304977417,3.5781216621398926
-861264881083494838,0.2357429563999176,2.8717048380244466E-19,0.9775420427322388,NaN,1.0,2.21308823711297E-7
-861264859085210624,0.41265740990638733,5.827730053273308E-24,0.3869205117225647,NaN,1.0,NaN
-861264744084412587,0.17527557909488678,1.4519887220253069E-24,0.6863678693771362,7.993829122948659E-13,1.0,1.7460189544182825E-11
-861264616084203908,0.41219669580459595,4.808605070212691E-28,0.3540671467781067,1.0865392422660975E-15,1.0,NaN
-861264614085569401,4.909587860107422,4.93226957321167,0.20789282023906708,0.025993088260293007,1.3698322772979736,0.7939187288284302
-861264588083881721,0.3801841139793396,1.6657914136054662E-18,0.25706785917282104,NaN,1.0,NaN
-861264425085206645,0.3820982575416565,NaN,0.3954523801803589,3.46429445130525E-8,1.0,NaN
-861264312085839813,0.00314432755112648,28.46897315979004,0.8484014868736267,1.2293262755143624E-14,1.333741307258606,128454.296875
-861264297084791274,0.9469834566116333,NaN,0.7910139560699463,8.572874060464467E-17,1.0,1.7981889018574932E-15
-861264277087677028,0.34294670820236206,1.3181037737836987E-22,0.5891989469528198,2.0230690386813244E-11,1.0,1.2744563182565116E-9
-861264082087206928,10.730088233947754,102.4383544921875,0.5543373823165894,0.9683018326759338,0.6151737570762634,2.8303072452545166
-861263980083597627,0.34480828046798706,4.418849427356196E-27,0.6372729539871216,NaN,1.0,NaN
-861263950084226805,0.3564453423023224,NaN,0.6574656963348389,NaN,1.0,NaN
-861263773084734560,0.206552192568779,1.152913310447588E-25,0.6827284693717957,NaN,1.0,NaN
-861263754087503847,0.37931007146835327,0.18839192390441895,0.9919723868370056,0.6015382409095764,0.3002396821975708,0.15267272293567657
-861263634083330017,0.7234293222427368,NaN,0.3774852752685547,1.6772785417507041E-12,1.0,2.254824148575918E-12
-861263599085324179,0.7058471441268921,0.7240884304046631,0.07330623269081116,0.09747397154569626,0.31072792410850525,0.7633488178253174
-861263477084444866,0.6422035098075867,7.244592475518547E-24,0.8344686627388,2.3103225062215405E-12,1.0,2.065215012891919E-11
-861263454087589024,7.726869106292725,152.19219970703125,0.4263363182544708,0.6146044731140137,0.45907506346702576,4.484297275543213
-861263353084433783,0.7682077884674072,NaN,0.6278444528579712,3.212024743404207E-11,1.0,NaN
-861263326083434997,0.16083203256130219,NaN,0.8526581525802612,2.1119664177227104E-12,1.0,2.469228155277392E-9
-861263320084715672,0.44473427534103394,NaN,0.4847031235694885,8.020741731375181E-13,1.0,4.7260589539077635E-12
-861263261086908591,7.334066867828369,62.697444915771484,0.5461911559104919,0.8409121036529541,0.5780185461044312,2.4035191535949707
-861263039086591827,9.878401756286621,0.7637475728988647,0.9482037425041199,0.6639779806137085,1.6686606407165527,0.5225030183792114
-861262916083431473,0.3184899687767029,NaN,0.8061521053314209,NaN,1.0,9.994855369911551E-16
-861262787084414525,0.32478606700897217,NaN,0.6766324043273926,NaN,1.0,NaN
-861262726083886880,0.1982136368751526,3.1657391114534914E-19,0.6466371417045593,NaN,1.0,NaN
-861262595085419574,29.79414939880371,418.1341247558594,0.1093791127204895,0.004581827204674482,3.191889762878418,17.249351501464844
-861262529085690922,0.6787035465240479,5.848313998088466E-25,0.7919318675994873,NaN,1.0,5.3083912146451625E-17
-861262278083809525,0.5524016618728638,NaN,0.7982591390609741,NaN,1.0,NaN
-861262207083090598,0.22612345218658447,1.408187589607586E-20,0.7350443601608276,1.211514728538532E-7,1.0,5.113463430461707E-6
-861262192085279855,0.019358593970537186,113.90292358398438,0.9038196206092834,NaN,0.3408210277557373,0.0
-861262099087370755,1.3391616344451904,0.27802056074142456,0.36253222823143005,0.04047426953911781,0.3000306189060211,0.024539092555642128
-861262092085627408,0.007577311713248491,0.0031635835766792297,0.9181934595108032,0.34133511781692505,5.482548713684082,0.8938665390014648
-861261965084684690,0.20730242133140564,NaN,0.8562544584274292,NaN,1.0,NaN
-861261946087665474,0.6346117854118347,NaN,0.4086153507232666,NaN,1.0,5.244383317101319E-16
-861261933085568114,2.2141199111938477,0.6265961527824402,0.19955159723758698,0.02720566652715206,0.4322945177555084,0.162249356508255
-861261735083388139,0.5237968564033508,NaN,0.43603092432022095,5.4741501857488475E-18,1.0,1.1583470691745116E-16
-861261730083083632,0.2462354600429535,NaN,0.9476280808448792,6.448225717012941E-16,1.0,NaN
-861261709087563503,6.637698173522949,24.412458419799805,0.9634370803833008,0.8574596643447876,0.886091411113739,2.046722650527954
-861261569087574427,0.5511632561683655,0.5937706232070923,0.5908343195915222,0.6921179294586182,0.8207153081893921,1.8607828617095947
-861261461083607868,0.944318413734436,1.5190272064347331E-24,0.6713663339614868,7.621714294213012E-17,1.0,NaN
-861261435083695126,0.28311461210250854,8.737749407648913E-26,0.7350025773048401,NaN,1.0,NaN
-861261068084561136,0.309678852558136,1.0486258987773703E-24,0.9473501443862915,1.726439412437497E-12,1.0,3.05938065679745E-12
-861260780084858303,0.2963309586048126,NaN,0.841173529624939,NaN,1.0,7.60939936160222E-16
-861260725085009407,0.0056189969182014465,0.0,0.03000212460756302,4.334364815518385E-22,0.3000001609325409,4.965730208991874E-22
-861260696085964317,0.019348017871379852,0.3442346751689911,0.9744189977645874,1.4734143018722534,1.0459682941436768,31.219524383544922
-861260604083518771,0.7256151437759399,NaN,0.6750506162643433,NaN,1.0,NaN
-861260600083887964,0.3449353575706482,NaN,0.5420262813568115,NaN,1.0,2.348788941120006E-9
-861260383083537391,0.4042075574398041,3.879384176613501E-21,0.8439546823501587,1.3812763377529791E-8,1.0,NaN
-861260341084117567,0.28767257928848267,1.4701643361100174E-18,0.7138957381248474,NaN,1.0,4.7915682443999685E-6
-861259828084852237,0.5280866622924805,NaN,0.43549150228500366,NaN,1.0,NaN
-861259600085157623,0.3813534379005432,1.4093870283959448E-25,0.35393375158309937,1.8783738263807373E-14,1.0,2.2459880906055413E-13
-861259580084034635,0.19515269994735718,0.0,0.8757995367050171,0.0,1.0,0.0
-861259415083628056,0.19968855381011963,0.0,0.8572895526885986,0.0,1.0,0.0
-861259397083292461,1.3269914388656616,NaN,0.873306155204773,NaN,1.0,NaN
-861259266084462949,1.8543411493301392,NaN,0.46200716495513916,NaN,1.0,1.3798147346921752E-10
-861259212085041854,0.19294138252735138,2.9006305044449873E-23,0.7189276218414307,7.397443213541521E-10,1.0,2.5942403780732093E-9
-861259182084450030,0.30679836869239807,2.0946436571329203E-17,0.5551963448524475,NaN,1.0,2.7858291673510394E-7
-861259177087425056,0.14752575755119324,0.056826524436473846,0.9999128580093384,0.10527420789003372,0.30002254247665405,0.03431398421525955
-861259038086178680,0.0058683776296675205,0.0,0.7236143946647644,NaN,0.7665674686431885,NaN
-861258981083351702,0.2280971109867096,1.2308072851218574E-26,0.8721519112586975,NaN,1.0,1.0207241681655516E-14
-861258903087244915,11.075514793395996,1.5907498598098755,0.987999439239502,1.4372034072875977,0.7698913216590881,0.4449065625667572
-861258877084070815,0.43353262543678284,1.6906294207679535E-23,0.5723053216934204,NaN,1.0,2.0385705568060075E-8
-861258772083443839,0.6840260624885559,6.499018241711662E-25,0.5378037691116333,NaN,1.0,8.394004524806E-17
-861258496085777114,0.6480896472930908,1.3513388633728027,0.09414859116077423,0.26750344038009644,0.3055373728275299,2.1213619709014893
-861258474083803399,0.33141714334487915,NaN,0.9454280734062195,2.2488391018620456E-14,1.0,1.763075023974124E-14
-861258405084827560,1.7165273427963257,NaN,0.49593037366867065,NaN,1.0,NaN
-861258360083418769,0.8964306116104126,3.139032892198545E-29,0.5970631241798401,NaN,1.0,NaN
-861258221084053184,0.31625479459762573,4.50093602825988E-27,0.570371150970459,NaN,1.0,3.3650506706001137E-16
-861258152084767902,0.45083650946617126,3.283631877151779E-22,0.5837369561195374,NaN,1.0,NaN
-861258140084134301,0.24766544997692108,3.6834386281198707E-19,0.6306206583976746,5.278652182028054E-8,1.0,4.430014541867422E-7
-861258093085507268,0.37308424711227417,0.7852893471717834,0.9999929070472717,0.01042567566037178,5.456559658050537,8.016812324523926
-861258049087832096,0.32328423857688904,4.767755636538852E-20,0.7696127891540527,NaN,1.0,NaN
-861257841086213776,1.5923100709915161,1.1448423862457275,0.8620080947875977,0.4183298945426941,1.2982988357543945,0.9153122901916504
-861257805085628843,0.005720945540815592,0.0,0.8835091590881348,NaN,0.937452495098114,NaN
-861257763085567110,4.326681137084961,1.820359706878662,0.18479716777801514,5.306335515342653E-5,1.4079355001449585,0.41530483961105347
-861257749084027192,0.31381767988204956,NaN,0.6036810874938965,1.2302206187086995E-7,1.0,NaN
-861257655084520737,0.008033618330955505,0.0,0.030000735074281693,1.2288473809104345E-22,5.4008097648620605,3.239638707731846E-16
-861257611086018439,1.1335442066192627,0.5256083607673645,0.5878739356994629,0.3973129689693451,0.4224661886692047,0.36711034178733826
-861257407084704980,0.20272786915302277,7.445536962614706E-19,0.7278577089309692,1.3738504778260108E-9,1.0,NaN
-861257293086167999,6.022907257080078,197.5396270751953,0.3263832926750183,0.033978842198848724,0.4427310526371002,9.363309860229492
-861257065083079214,0.6193362474441528,NaN,0.7775763869285583,3.8050655593296545E-18,1.0,1.870886669225896E-17
-861257031086938992,9.520848274230957,13.153644561767578,0.5693612098693848,0.1444627046585083,2.4620981216430664,1.1925065517425537
-861256977085753927,0.2752424478530884,NaN,0.5522049069404602,NaN,1.0,4.352113558859366E-14
-861256917085089821,1.3796133995056152,3.2582859992980957,0.12244169414043427,0.2483549863100052,0.982046902179718,2.6976466178894043
-861256793084927400,0.19169294834136963,NaN,0.9134023189544678,9.343895657210055E-10,1.0,1.325837217791559E-8
-861256786083943676,0.5904868841171265,1.1661379424112113E-28,0.4660845398902893,NaN,1.0,NaN
-861256706084451420,0.39041244983673096,7.169631903273409E-19,0.31481701135635376,1.90300518398967E-11,1.0,1.4538603654301596E-10
-861256671084689230,0.2595065236091614,NaN,0.9588603377342224,NaN,1.0,4.869335490376159E-10
-861256491083221416,0.1698647439479828,NaN,0.4308660626411438,NaN,1.0,NaN
-861256483083659636,0.4488380551338196,NaN,0.5853389501571655,1.0184691978665228E-9,1.0,NaN
-861256384085954619,0.12501047551631927,0.21831698715686798,0.06919147074222565,0.8973622918128967,0.3427080512046814,1.134548306465149
-861256314085497441,0.019913259893655777,0.5219228863716125,0.43102437257766724,11.182753562927246,4.552603721618652,106.97769927978516
-861256313084292050,0.672222375869751,7.162226561771335E-23,0.509765625,1.6994298329686686E-11,1.0,5.388997408040108E-12
-861256121083684069,0.39028388261795044,NaN,0.6944962739944458,1.2875483133416602E-15,1.0,4.640832108117636E-15
-861256055084958219,0.26220232248306274,2.287188440945791E-23,0.7549740076065063,1.1701396518404295E-9,1.0,2.2932340471015777E-9
-861256036084307517,0.1934150755405426,NaN,0.9112119078636169,NaN,1.0,NaN
-861255884083243747,0.3668060600757599,NaN,0.45462363958358765,NaN,1.0,NaN
-861255853084654585,0.42587605118751526,1.4471302185176475E-29,0.8250795006752014,NaN,1.0,8.659886181715655E-18
-861255776085846730,3.6758017539978027,166.6990966796875,0.17501194775104523,1.970895528793335,0.5123936533927917,15.591814994812012
-861255697084007305,0.4790024161338806,NaN,0.5576556324958801,1.2852676936747903E-17,1.0,7.315969976403814E-18
-861255647087718190,0.1994793564081192,NaN,0.7516857981681824,NaN,1.0,1.3238599194664857E-7
-861255499083651688,0.43930190801620483,5.055494983275508E-25,0.6828559041023254,6.098779495296322E-17,1.0,5.408847998700542E-16
-861255481083908496,0.5186425447463989,1.0702050042462393E-21,0.34758633375167847,1.6605147161799505E-13,1.0,3.1091421754878E-13
-861255473083897186,0.2966885268688202,NaN,0.6972050666809082,2.660674285059894E-11,1.0,7.505415733355392E-10
-861255437083533990,0.43057721853256226,2.194536569855402E-22,0.6551316976547241,2.7677817815430217E-9,1.0,4.573179612776812E-9
-861255386086198494,0.11137682944536209,0.5189147591590881,0.9990739822387695,0.9391983151435852,0.30657288432121277,2.9348039627075195
-861255149083410663,0.4283522665500641,8.225395458620142E-28,0.6659416556358337,NaN,1.0,NaN
-861255144085106815,0.16065803170204163,0.0,0.7243605256080627,0.0,1.0,0.0
-861255002084743611,0.5892959833145142,NaN,0.8340877294540405,5.536556103279875E-19,1.0,NaN
-861254973086174907,0.13069011270999908,0.06764687597751617,0.6025571823120117,0.5696430802345276,0.3736339807510376,1.7836793661117554
-861254911085355204,0.09833597391843796,0.1861051470041275,0.1641685664653778,22.85062026977539,0.3006461262702942,0.8585401773452759
-861254837083377791,0.5247092247009277,NaN,0.6173436045646667,NaN,1.0,NaN
-861254626083227526,0.19103476405143738,1.750821085558127E-23,0.7175787091255188,NaN,1.0,2.1745365508252235E-9
-861254514084260110,0.43230003118515015,5.0798412954075286E-27,0.397468626499176,1.1436548856576917E-15,1.0,4.893515800568986E-16
-861254494084036170,0.47022372484207153,1.450356864635244E-24,0.7848134636878967,9.990274385529574E-9,1.0,2.1957662355021057E-8
-861254492084988920,0.5842546224594116,6.863011778193186E-24,0.2540156841278076,NaN,1.0,2.5655016305803358E-11
-861254325082990355,1.8219716548919678,2.3561749581960925E-23,0.15393781661987305,NaN,1.0,NaN
-861254274083382431,0.5929243564605713,1.7444272997637286E-20,0.47993141412734985,1.8319030914426548E-7,1.0,7.198946718744992E-7
-861254243086938533,7.1185102462768555,10.00539779663086,0.4209875166416168,0.15080296993255615,0.8915109038352966,0.6466559767723083
-861254187083755716,0.4947690963745117,2.724446372981799E-22,0.6179485321044922,NaN,1.0,4.974601841567505E-10
-861254132084601470,0.20630905032157898,NaN,0.7337820529937744,1.215144929123113E-10,1.0,1.8747867147617114E-10
-861254105084109985,0.43607011437416077,NaN,0.9417718052864075,2.272008096307816E-18,1.0,4.285348129673869E-17
-861254044084104684,0.24953293800354004,NaN,0.807401180267334,NaN,1.0,NaN
-861254001084235900,0.3705385625362396,NaN,0.6235575675964355,2.900236576233988E-15,1.0,9.25788884843879E-15
-861253960083067776,0.29955610632896423,NaN,0.5801165699958801,9.127381517259892E-9,1.0,NaN
-861253952085479636,0.6250877380371094,0.31132662296295166,0.9977513551712036,0.602332592010498,0.30073612928390503,0.3596307635307312
-861253905084543131,0.5943667888641357,2.358495086470769E-21,0.8887914419174194,1.6877935160586333E-10,1.0,NaN
-861253879083607158,0.3800950050354004,1.262697844115575E-22,0.8378597497940063,2.6917190698583227E-10,1.0,NaN
-861253862086613495,5.401933193206787,62.0697135925293,0.03295402228832245,0.0745973289012909,0.8678581118583679,7.163834095001221
-861253790085505707,6.120865345001221,116.16937255859375,0.4797329902648926,8.131982803344727,0.3028278052806854,1.311996579170227
-861253730084799364,0.42710167169570923,NaN,0.8600220084190369,NaN,1.0,2.099369744712476E-8
-861253696085965183,0.031284622848033905,0.21263547241687775,0.8667518496513367,1.8628138303756714,0.7244381308555603,14.308835983276367
-861253689085442567,12.022456169128418,214.38475036621094,0.7442922592163086,3.128998279571533,0.9636269807815552,7.540119171142578
-861253670085571872,0.128092423081398,1.1009674072265625,0.5323814153671265,2.2492616176605225,0.3401179611682892,5.196722507476807
-861253600084664132,0.21524900197982788,NaN,0.7137248516082764,NaN,0.9979323744773865,NaN
-861253599082972984,0.6124579310417175,NaN,0.5249758362770081,NaN,1.0,6.711288697090062E-14
-861253539082936654,0.4964746832847595,6.893604908502924E-23,0.60277259349823,NaN,1.0,3.0494391733970616E-12
-861253477084866043,0.26376837491989136,2.275960110365237E-23,0.9077603816986084,NaN,1.0,5.919109091756525E-10
-861253392084212956,0.3064423203468323,NaN,0.5345568060874939,2.2720708647838705E-10,1.0,1.831920726225178E-10
-861253382083491628,0.30055782198905945,NaN,0.7120367884635925,3.222717054088514E-15,1.0,2.3750392182998216E-14
-861253288087351138,0.5025847554206848,0.11891541630029678,0.5270413160324097,0.16178523004055023,0.7381105422973633,0.4793538451194763
-861253229087582734,7.81065034866333,44.900997161865234,0.5735992193222046,0.10672219842672348,1.1440032720565796,2.7725069522857666
-861253187084464320,0.31928330659866333,1.5988706782729332E-24,0.7870698571205139,NaN,1.0,NaN
-861253124087437748,0.38192373514175415,0.7479016184806824,0.625045657157898,1.658078908920288,0.48448804020881653,3.3471550941467285
-861252986084402520,0.8680803179740906,NaN,0.7964814305305481,7.041049882376915E-18,1.0,NaN
-861252963083295309,0.21179619431495667,NaN,0.6785300970077515,NaN,1.0,NaN
-861252858084445522,0.5271235704421997,1.232836618953701E-22,0.6648204326629639,1.218418947549274E-14,1.0,NaN
-861252739085477099,0.3141573667526245,0.34453681111335754,0.030168013647198677,0.034652888774871826,0.30159157514572144,0.9113295674324036
-861252635085957185,2.842524766921997,116.83016204833984,0.9148035645484924,16.18619728088379,0.36422038078308105,9.508047103881836
-861252491085197733,0.013203577138483524,1.374205470085144,0.03361548110842705,1.6249022483825684,0.5881520509719849,56.155025482177734
-861252316083577899,0.8854659199714661,2.8016387223424054E-21,0.376579225063324,1.2137897457964453E-11,1.0,NaN
-861252294084290272,0.34692180156707764,3.091508219452921E-24,0.8793003559112549,2.798065381823256E-12,1.0,NaN
-861252255083402323,0.19237592816352844,NaN,0.7614834904670715,3.22327231572217E-8,1.0,NaN
-861252227085254282,0.10096456855535507,0.057467326521873474,0.03144422173500061,0.18776795268058777,0.361346960067749,1.1260576248168945
-861252179084431823,0.33826109766960144,1.3584935438360948E-25,0.7384189367294312,1.4178884303640837E-13,1.0,NaN
-861252166083981336,0.2486846148967743,NaN,0.7526829242706299,NaN,1.0,NaN
-861252068083691903,0.33734646439552307,NaN,0.6536592841148376,NaN,1.0,NaN
-861251926085825671,0.09864366799592972,0.12085340172052383,0.9973242878913879,0.8905993700027466,0.3011291027069092,0.6842363476753235
-861251789085447837,18.076557159423828,126.70721435546875,0.9493345022201538,16.587678909301758,0.33459609746932983,14.95673656463623
-861251742085975964,0.606264054775238,0.2186305820941925,0.9999556541442871,0.10049441456794739,0.3000764846801758,0.10122743993997574
-861251665087629695,0.7991249561309814,1.342506766319275,0.911101758480072,0.41543203592300415,1.1939231157302856,2.231337547302246
-861251599083080967,0.2599875330924988,NaN,0.5250930190086365,NaN,1.0,NaN
-861251107084616021,0.20692630112171173,NaN,0.739550769329071,3.1419674126993355E-14,1.0,NaN
-861251103082922248,1.2087721824645996,NaN,0.8959028720855713,NaN,1.0,1.909057547249421E-16
-861251064084654092,0.597582221031189,NaN,0.6342724561691284,1.6247866940766187E-10,1.0,NaN
-861250972083672281,0.4229218065738678,4.350177406145796E-25,0.818805456161499,NaN,1.0,NaN
-861250823082930302,0.6263894438743591,NaN,0.764844536781311,1.2058823178288242E-13,1.0,2.933268591128607E-13
-861250818084437480,0.30790454149246216,2.5251949873489795E-27,0.9756109714508057,3.0000003814593956E-16,1.0,NaN
-861250806086148114,8.263530731201172,169.36912536621094,0.9798483848571777,4.9256911277771,0.6452356576919556,6.304033279418945
-861250802085308132,1.5277421474456787,7.693812847137451,0.6725364327430725,0.28246569633483887,0.3328339159488678,3.744356155395508
-861250797083856416,0.25500839948654175,9.00254770355913E-24,0.61391681432724,2.7172986354507406E-15,1.0,6.5957934677429806E-15
-861250568083725561,0.2189222127199173,2.1640509982649004E-26,0.9097504019737244,NaN,1.0,NaN
-861250547085503321,9.47701358795166,22.38775634765625,0.9999997019767761,4.3049012310802937E-4,0.30006200075149536,0.037600964307785034
-861250537085300323,0.11718674004077911,0.831116259098053,0.9828024506568909,1.6244295835494995,0.348601371049881,4.165478706359863
-861250377087570411,0.03812803700566292,1.160762906074524,0.33887845277786255,23.83162498474121,0.9112347960472107,55.07992935180664
-861250373084700129,0.2298145294189453,NaN,0.8911776542663574,NaN,1.0,NaN
-861250350085106266,0.2731252908706665,NaN,0.940540611743927,1.3201136364604515E-11,1.0,3.073838739098278E-9
-861250211085995701,0.015488279983401299,3.848369836807251,0.6697262525558472,118.11193084716797,0.4999409019947052,82.77877044677734
-861250143082939420,0.422913134098053,NaN,0.5036113262176514,NaN,1.0,NaN
-861250085083273042,0.5511350631713867,8.620284231343083E-21,0.2770240306854248,2.0743720977045577E-11,1.0,4.618926907618004E-10
-861250002085495496,15.91211986541748,72.84121704101562,0.5965744256973267,0.41398540139198303,1.8248775005340576,3.2564311027526855
-861249729084923558,0.17919805645942688,3.6707324367771714E-28,0.8930409550666809,7.118871958954103E-32,1.0,1.8017375556296402E-30
-861249729084834206,0.480124294757843,NaN,0.7526225447654724,2.9854561206001107E-13,1.0,NaN
-861249484083299200,0.6292656064033508,4.6677937271789815E-22,0.8037610650062561,6.43576121214795E-12,1.0,4.733163860848322E-10
-861249456087565643,0.28902292251586914,0.21911484003067017,0.327155739068985,0.3229823708534241,0.3006152808666229,0.4863744378089905
-861249403084878156,0.3747149109840393,NaN,0.8665453791618347,NaN,1.0,NaN
-861249312087768184,0.6073856353759766,NaN,0.38655030727386475,NaN,1.0,NaN
-861249270085488135,17.484392166137695,149.87075805664062,0.9274207949638367,6.953030109405518,0.3084140419960022,1.2717245817184448
-861249234083596591,0.3431296944618225,8.846066572272413E-22,0.5395145416259766,1.2127793880267745E-8,1.0,4.246993867695892E-8
-861249132087670127,0.1935446560382843,0.0,0.8823111653327942,0.0,1.0,0.0
-861249037087255830,27.758283615112305,13.281695365905762,0.768284797668457,0.07569217681884766,2.498467445373535,0.3697802424430847
-861248997084802949,0.3397001624107361,7.290679446162888E-20,0.6085261106491089,2.497111406540853E-9,1.0,NaN
-861248819086946664,9.681714057922363,0.018272606655955315,0.9999513030052185,0.010332530364394188,0.3829837739467621,1.3750118017196655
-861248810082912618,0.4925229549407959,9.15330923987331E-21,0.9328175783157349,2.1430761679153143E-11,1.0,4.25918744717535E-10
-861248801084329841,0.20446093380451202,NaN,0.8853969573974609,1.2302798753707767E-12,1.0,6.858574264079209E-10
-861248777082899670,0.2842007875442505,NaN,0.6631621718406677,8.83093455924631E-17,1.0,1.7876238599063904E-15
-861248769083089809,0.5464200973510742,1.6821196934538514E-26,0.4291110634803772,5.894720814443068E-15,1.0,NaN
-861248695084485822,1.063785195350647,6.076197335932498E-23,0.40104132890701294,NaN,1.0,9.905657972477874E-14
-861248608085101911,0.21006670594215393,4.3477766525000734E-20,0.8243880271911621,NaN,1.0,1.599501774762757E-5
-861248581086644940,0.05131739005446434,0.0146885234862566,0.949700117111206,0.512479841709137,0.30000001192092896,-0.0
-861248496082995123,0.22002752125263214,NaN,0.6980180144309998,NaN,1.0,NaN
-861248114083584238,0.2429632842540741,NaN,0.6034475564956665,3.109340909746017E-11,1.0,4.109096674032031E-10
-861247796085292783,0.22768671810626984,0.13154469430446625,0.44935134053230286,0.26952654123306274,1.7549898624420166,2.309835910797119
-861247758085653478,5.250340938568115,258.5935974121094,0.8887359499931335,36.36520767211914,0.3201983571052551,7.923469066619873
-861247758085479980,16.113203048706055,1254.3038330078125,0.9930617809295654,18.936351776123047,0.31177350878715515,14.84196949005127
-861247720085046777,0.6480079293251038,NaN,0.8134232759475708,1.1011931644322459E-10,1.0,2.3562884282624097E-11
-861247695085410608,2.253220796585083,11.394122123718262,0.3405945301055908,0.7967657446861267,2.0060038566589355,8.688180923461914
-861247454087289353,0.07682190835475922,0.551948606967926,0.9852240085601807,1.8492764234542847,0.3151392638683319,5.192276954650879
-861247390087212514,1.7379910945892334,1.390393614768982,0.39768850803375244,0.16088442504405975,0.74006587266922,0.5929487347602844
-861247388084236806,0.19093742966651917,NaN,0.6812171339988708,2.0580543833807058E-13,1.0,NaN
-861247343083976920,0.3670414686203003,8.934698966362812E-30,0.8412442803382874,NaN,1.0,1.233884673317262E-16
-861247284085169012,0.2825203537940979,0.35016149282455444,0.28761354088783264,0.22970673441886902,0.33646726608276367,0.7795984745025635
-861247271084467773,0.7372621297836304,6.799110100565758E-23,0.7635515332221985,NaN,1.0,NaN
-861247258083824111,0.1664227545261383,NaN,0.9475991129875183,NaN,1.0,NaN
-861247213085328075,0.2536279857158661,0.7523927092552185,0.17501495778560638,0.5553818345069885,0.3345574736595154,1.898903727531433
-861247123083249422,0.79935622215271,NaN,0.451293408870697,2.5460973287684365E-17,1.0,NaN
-861247079084017860,0.14156194031238556,9.504885966078275E-23,0.9465292096138,3.2210650813269126E-11,1.0,2.963558065616212E-9
-861247006084222002,0.41196852922439575,NaN,0.604254961013794,5.25274346611627E-17,1.0,NaN
-861247000084944128,0.30466172099113464,NaN,0.8377354741096497,1.330563111401459E-17,1.0,NaN
-861246982083059048,0.4500802457332611,NaN,0.8528911471366882,2.2880833175370186E-18,1.0,6.299863793485512E-18
-861246932087303566,0.06582009792327881,0.6965325474739075,0.05629574880003929,3.1114089488983154,0.37393367290496826,27.163986206054688
-861246805084758849,0.6771302223205566,NaN,0.8210593461990356,NaN,1.0,NaN
-861246765083559833,0.20080609619617462,NaN,0.6833423376083374,NaN,1.0,NaN
-861246632084977994,0.9210696816444397,8.648950771768316E-31,0.4741349220275879,NaN,1.0,1.5019472415427496E-17
-861246625085420420,0.5071678757667542,0.2943236827850342,0.72767573595047,0.27240025997161865,0.3578946590423584,0.36675652861595154
-861246563085843150,0.07933314889669418,0.1684354692697525,0.04060165584087372,0.4081995189189911,1.931800365447998,11.464753150939941
-861246419085446688,15.4437255859375,309.7118225097656,0.8114219307899475,0.3084459900856018,0.3626420795917511,13.17259407043457
-861246385084473894,0.4667959213256836,NaN,0.5665701627731323,1.3488105597703193E-11,1.0,2.308077506896211E-9
-861246340083075749,0.3228437304496765,NaN,0.9742205739021301,9.273633496862353E-15,1.0,NaN
-861246271085607486,0.7076271772384644,1.0832369327545166,0.030138444155454636,0.03125447407364845,0.30449965596199036,1.253937005996704
-861246204084903001,0.22440476715564728,NaN,0.946765124797821,NaN,1.0,7.225660425547176E-8
-861246015087493276,0.07858841121196747,0.23382185399532318,0.9900496006011963,1.2083680629730225,0.3032655715942383,2.167588710784912
-861246013085101575,0.20841512084007263,NaN,0.9499172568321228,4.016703148475992E-13,1.0,NaN
-861246012082781467,0.2867099344730377,9.804645309805629E-21,0.612093985080719,1.8364212060750784E-12,1.0,1.3949358335096917E-9
-861245946086372177,2.9013867378234863,88.42721557617188,0.0446193665266037,1.683627963066101,0.3321591317653656,7.349051475524902
-861245862084660051,0.3600618243217468,1.1578827566682113E-27,0.5207254886627197,1.7598032745120597E-15,1.0,5.036823187332573E-16
-861245668084232093,0.3389604687690735,2.96387117595618E-20,0.7169274687767029,NaN,1.0,3.673903958834046E-10
-861245539087572805,0.3230624496936798,0.4247910678386688,0.5484569668769836,0.3709144592285156,0.3417660593986511,0.8436797261238098
-861245457083417087,0.20139510929584503,NaN,0.6497485041618347,9.324654826059486E-9,1.0,NaN
-861245440087580969,5.077268123626709,12.98297119140625,0.16602939367294312,0.13789580762386322,0.7895801067352295,1.3856723308563232
-861245359085459415,1.2166918516159058,3.5398054122924805,0.15081769227981567,0.2865903973579407,0.3942328095436096,2.2830474376678467
-861245339087725074,0.9957074522972107,NaN,0.8112767338752747,NaN,0.9999936819076538,NaN
-861245195083224810,0.4759904444217682,NaN,0.7810570001602173,8.666962711856046E-18,1.0,NaN
-861245175085204000,0.5015237331390381,0.13250847160816193,0.03000018186867237,NaN,0.3000060021877289,0.010254629887640476
-861245024087220372,16.430204391479492,78.84325408935547,0.7262008190155029,5.540011882781982,0.4409596621990204,1.159995436668396
-861244971083583107,0.3773069977760315,NaN,0.5317467451095581,NaN,1.0,1.0155127938560327E-7
-861244940083880725,13.80417251586914,NaN,0.7158099412918091,NaN,0.9924647212028503,2.905144338069939E-17
-861244727083989257,0.8277537226676941,NaN,0.892970621585846,6.685013975941228E-18,1.0,NaN
-861244644084753108,0.4833746552467346,NaN,0.31162887811660767,NaN,1.0,1.8129412901468633E-11
-861244642084381771,0.565001368522644,NaN,0.3199545741081238,NaN,1.0,NaN
-861244401084802600,0.37728363275527954,3.053755285015479E-22,0.7177654504776001,NaN,1.0,NaN
-861244396084064167,0.16972316801548004,3.4534409554271684E-24,0.8806725144386292,7.788892447679885E-11,1.0,NaN
-861244168087538642,0.2144370973110199,1.634748935699463,0.12718220055103302,1.5090997219085693,0.3585093915462494,5.085965633392334
-861244047083491062,0.36574068665504456,1.7010339890297235E-29,0.8269037008285522,3.592506198092822E-18,1.0,NaN
-861243999084285944,0.3508150577545166,NaN,0.46009790897369385,5.599891684800011E-14,1.0,7.716078210401323E-13
-861243957085172166,0.6393543481826782,0.20706531405448914,0.9667950868606567,0.20770473778247833,0.35128548741340637,0.2580438256263733
-861243893085009628,0.4540993273258209,NaN,0.8704061508178711,9.197104834392813E-19,1.0,1.8761103147941684E-17
-861243863084621414,0.46147066354751587,2.9283134062351134E-28,0.7910153865814209,NaN,1.0,1.0025011860416173E-15
-861243795087433254,1.8597980737686157,30.055980682373047,0.10803631693124771,0.5750716924667358,0.9580225944519043,15.297459602355957
-861243742083629196,0.4610501229763031,5.19684999255595E-30,0.6752109527587891,NaN,1.0,NaN
-861243584085023431,0.22217023372650146,NaN,0.707673192024231,1.1256596349484838E-11,1.0,NaN
-861243547087298943,3.486193895339966,53.06757354736328,0.032626863569021225,0.06342208385467529,3.039301872253418,21.369251251220703
-861243479087199405,13.730642318725586,66.34571075439453,0.8947110176086426,0.4792003631591797,0.30627959966659546,0.679887592792511
-861243460084448253,0.9870036840438843,NaN,0.4744061231613159,2.028130098488245E-14,1.0,NaN
-861243432086143680,0.5778940916061401,0.23440112173557281,0.5579674243927002,0.1269754320383072,1.6267409324645996,0.8704029321670532
-861243329083949966,0.5494298934936523,NaN,0.8764951825141907,NaN,1.0,NaN
-861243127087768957,0.2726709246635437,NaN,0.9756371974945068,NaN,0.9999532103538513,8.343718163960983E-16
-861242830084507279,0.22808566689491272,NaN,0.7632184624671936,NaN,1.0,NaN
-861242798085469256,0.9638357758522034,0.19021981954574585,0.2253395915031433,0.07661686837673187,0.3005996346473694,0.0031792789231985807
-861242712083423630,0.2683388888835907,1.3852875126307175E-26,0.7747400403022766,NaN,1.0,9.808072323064243E-14
-861242616084180670,0.6196592450141907,4.446028265979037E-23,0.46988505125045776,1.863395912181029E-13,1.0,NaN
-861242553085374504,0.5673728585243225,1.030214786529541,0.032618820667266846,0.14997147023677826,0.3122917115688324,0.8527366518974304
-861242513085559695,3.2674827575683594,39.91648483276367,0.993202269077301,1.1743526458740234,0.4130224287509918,3.9853038787841797
-861242508084859514,0.2927005887031555,8.875773936008069E-29,0.7653384208679199,NaN,1.0,2.370175851578219E-15
-861242417084634729,0.21154996752738953,7.728669081398368E-23,0.7450485229492188,NaN,1.0,3.482924526565512E-8
-861242391083254144,0.5504645109176636,6.930069846074584E-23,0.48329901695251465,NaN,1.0,NaN
-861242138085144371,0.10953181236982346,0.3093465566635132,0.9997550845146179,0.25308242440223694,0.3032260835170746,1.6912068128585815
-861242021087394655,11.555153846740723,164.14366149902344,0.5385407209396362,8.74067497253418,0.32642072439193726,2.9763636589050293
-861241915082901718,0.3699064254760742,2.657279751528955E-21,0.7425148487091064,1.8529325851446288E-9,1.0,NaN
-861241912083674923,0.5769054293632507,NaN,0.4648146629333496,NaN,1.0,NaN
-861241888085266828,0.2848738729953766,0.2728840410709381,0.04178319126367569,0.1640654057264328,0.32363539934158325,0.6814470887184143
-861241809087421007,0.011664611287415028,0.0,0.9753360152244568,NaN,0.3000119924545288,NaN
-861241731082977461,0.6237665414810181,NaN,0.8869098424911499,2.001240035365627E-18,1.0,8.72648580155475E-18
-861241295085190914,0.007039269898086786,0.0,0.9600667357444763,0.0,0.5861934423446655,0.0
-861241123084476860,0.39763301610946655,NaN,0.9714160561561584,8.162313186454995E-11,1.0,NaN
-861241070082729542,0.30669668316841125,NaN,0.9217386841773987,9.257135666742092E-14,1.0,NaN
-861240988085111107,0.012739994563162327,0.013382046483457088,0.6208889484405518,0.3675610423088074,5.423171520233154,3.7320635318756104
-861240933083226615,0.48019614815711975,5.7384298155109315E-24,0.7069657444953918,9.517010660445302E-13,1.0,NaN
-861240876085838336,0.3668444752693176,0.539391040802002,0.9777805805206299,1.7521991729736328,0.7298431992530823,2.7704198360443115
-861240752085439113,10.892101287841797,14.216878890991211,0.9993258118629456,0.8376473188400269,5.499929904937744,0.14889125525951385
-861240693084109910,0.36692729592323303,NaN,0.7114687561988831,NaN,1.0,NaN
-861240691084489791,0.2205030620098114,1.1334767480418558E-22,0.9192545413970947,6.553468878678359E-10,1.0,1.952003536587199E-8
-861240662084461239,1.2369402647018433,1.4918535158343436E-20,0.6555326581001282,3.060823513048594E-12,1.0,2.7023357510036483E-12
-861240626086009935,1.6981672048568726,26.84199333190918,0.1286550760269165,0.31338217854499817,1.4941450357437134,16.77606773376465
-861240566085576934,0.44985297322273254,0.2631681263446808,0.6598924994468689,0.5899665951728821,0.39987286925315857,0.9878339171409607
-861240519084922765,0.33327096700668335,NaN,0.9427011609077454,NaN,1.0,2.07942783520113E-17
-861240457083571949,0.312624990940094,NaN,0.6328930258750916,NaN,1.0,NaN
-861240392085175045,12.496855735778809,4.7949509462341666E-4,0.6085426211357117,0.05837767571210861,5.5,0.0
-861240243084852084,0.40948325395584106,6.433489605520392E-22,0.6900455355644226,1.4148800353552815E-8,1.0,2.5371035050625323E-8
-861240235083266507,0.22777335345745087,NaN,0.7610676884651184,6.569389476851484E-11,1.0,1.0568474984040677E-9
-861240201085037597,0.27450400590896606,NaN,0.9456982612609863,NaN,1.0,7.506073887442177E-12
-861240083084262913,0.3119099736213684,NaN,0.6980030536651611,1.2466134344623465E-15,1.0,NaN
-861240045083645986,0.6456315517425537,6.5652467947410885E-22,0.5806129574775696,NaN,1.0,NaN
-861240010083323092,0.6360107660293579,3.6656983827904786E-20,0.9464583396911621,1.4033803633073383E-11,1.0,2.199512572076401E-9
-861239936083342376,0.3441730737686157,NaN,0.5699337124824524,NaN,1.0,NaN
-861239799087453915,0.7288340330123901,0.16577689349651337,0.9996009469032288,0.14267617464065552,0.3005472421646118,0.07428428530693054
-861239715084931286,0.4663287103176117,NaN,0.8231054544448853,NaN,1.0,3.68292770967477E-17
-861239606082933211,0.3084513247013092,NaN,0.6079510450363159,NaN,1.0,NaN
-861239471085430825,4.630044937133789,1.8640540838241577,0.999886691570282,0.032044991850852966,5.49611759185791,0.6063722968101501
-861239352087368423,1.3638801574707031,0.2974110543727875,0.9999727606773376,0.022997556254267693,0.3000882863998413,0.05273071303963661
-861239336083411995,0.17210930585861206,4.1541391603111325E-24,0.6937375068664551,2.5892512092728914E-11,1.0,NaN
-861239112083465548,0.39108967781066895,NaN,0.6605587005615234,9.832439978649092E-16,1.0,NaN
-861238984087496247,0.3520394265651703,0.29263779520988464,0.10157719254493713,0.3478732407093048,0.30062392354011536,0.478513240814209
-861238818084434260,0.8695046305656433,3.2419537680651836E-22,0.5105173587799072,NaN,1.0,1.4828821504053735E-9
-861238755082893049,0.283873975276947,1.1317732186942491E-23,0.8985521197319031,1.1977878541444276E-12,1.0,NaN
-861238570083652481,0.24343502521514893,NaN,0.7250516414642334,NaN,1.0,2.891731583076762E-6
-861238551083551867,0.3764649033546448,6.253394381068247E-28,0.5727400779724121,NaN,1.0,5.162455643464923E-16
-861238487084578889,0.2934097647666931,NaN,0.8688618540763855,8.896043765057707E-18,1.0,2.9336935306175857E-15
-861238449084764706,0.4376045763492584,7.434335611329546E-25,0.6458565592765808,4.295757039629991E-17,1.0,7.500721593398145E-17
-861238413084253257,0.5237014293670654,NaN,0.30841338634490967,1.759079802495986E-15,1.0,NaN
-861238400082723250,0.8828983306884766,7.81266225742087E-24,0.28947168588638306,NaN,1.0,NaN
-861238392084679971,0.636458694934845,1.211371642115599E-29,0.7097984552383423,NaN,1.0009514093399048,NaN
-861238384083235961,0.1923694908618927,3.706676741404751E-27,0.7801651954650879,4.0385129085557334E-15,1.0,NaN
-861238342087879138,0.2396579086780548,3.3350461807369037E-19,0.8077311515808105,7.332465190579285E-10,1.0,3.754348654183559E-8
-861238264087580304,11.329522132873535,113.53670501708984,0.13799098134040833,1.058877944946289,0.8262156248092651,4.127889156341553
-861237953085504103,0.01358221285045147,0.023173322901129723,0.03360112011432648,0.03774002939462662,5.407855033874512,4.920580863952637
-861237922084298174,0.2617515027523041,9.259661246249892E-28,0.5211811661720276,NaN,1.0,1.59028966774227E-16
-861237789083350989,3.706869602203369,NaN,0.28275519609451294,8.136598491324809E-18,1.0,NaN
-861237474084794373,0.7855699062347412,NaN,0.591359555721283,1.282961559212481E-8,1.0,1.0549867646147959E-8
-861237465082607530,0.17284724116325378,8.819953028056017E-25,0.8099981546401978,NaN,1.0,NaN
-861237445084416559,0.7021593451499939,4.305332209851355E-22,0.590282142162323,NaN,1.0,NaN
-861237377083654837,0.23551614582538605,5.479052349874263E-24,0.6403911113739014,NaN,1.0,7.09709513380119E-11
-861237269084744063,0.3166963756084442,4.073306395268027E-27,0.6324410438537598,NaN,1.0,3.1801170990173114E-14
-861237268085675976,0.2164175808429718,0.492739200592041,0.052182599902153015,0.26010867953300476,0.31087663769721985,2.0171918869018555
-861237245082913824,0.5559767484664917,NaN,0.2457031011581421,5.3201343774844645E-8,1.0,1.3493860251401202E-7
-861237243082689912,0.21471793949604034,2.4173823602878287E-23,0.7099002003669739,NaN,1.0,8.772038739834898E-8
-861237039087737734,0.5405665040016174,NaN,0.9192362427711487,6.260360335766971E-19,1.0,9.793155880957193E-18
-861236907087550567,5.431611061096191,105.65074920654297,0.1310928612947464,0.3524593710899353,0.927528440952301,9.22935962677002
