object_id,phz_median,sersic_sersic_vis_radius,concentration,sersic_sersic_vis_axis_ratio,sersic_sersic_vis_index
-513933403277520567,2.0299999713897705,0.15574848651885986,2.4075305461883545,0.9646596312522888,0.9590667486190796
-514605876277514317,0.3400000035762787,0.3137933313846588,2.4119679927825928,0.8553580045700073,0.6657002568244934
-517798405277505237,1.0299999713897705,0.21912527084350586,2.0736732482910156,0.4474332928657532,0.8486825227737427
-515945162277501036,0.9399999976158142,0.7152628898620605,2.347003698348999,0.3741951882839203,2.3937573432922363
-514626633277498005,1.190000057220459,0.30725687742233276,2.3067431449890137,0.030124545097351074,0.870305061340332
-516605253277497791,2.859999895095825,0.1660301685333252,2.3736512660980225,0.03152493014931679,0.8455424904823303
-518808187277491244,0.5199999809265137,0.44023633003234863,2.366860866546631,0.4394713044166565,1.178394079208374
-517030819277493307,0.6000000238418579,0.5202221870422363,2.8575100898742676,0.5168598890304565,3.209813117980957
-518116957277488457,4.440000057220459,0.6896271109580994,1.6648764610290527,0.030069176107645035,0.3037528097629547
-514019679277483002,1.1699999570846558,0.3644360303878784,2.6590054035186768,0.1285724937915802,0.6522858738899231
-518010416277482423,0.5899999737739563,1.582465410232544,1.826485514640808,0.1554848700761795,1.0066773891448975
-515113879277481935,0.6700000166893005,0.19986534118652344,2.394648313522339,0.3182753026485443,0.8871299624443054
-517871664277480954,0.7400000095367432,0.49192196130752563,2.54508376121521,0.2871619164943695,0.673742949962616
-518948265277476841,4.619999885559082,0.09721951931715012,1.7386606931686401,0.048582494258880615,0.36337554454803467
-517544253277477624,1.5499999523162842,0.46559494733810425,1.9006133079528809,0.3305802047252655,0.3891025185585022
-514483911277476857,2.609999895095825,0.2297413945198059,2.4965896606445312,0.5090001225471497,0.935361385345459
-517120501277476244,2.369999885559082,0.18928247690200806,2.123108148574829,0.030608851462602615,0.8386673331260681
-516014171277466316,2.5,0.06653453409671783,1.7059677839279175,0.14336815476417542,0.34174656867980957
-513503535277463309,3.0799999237060547,0.12892843782901764,2.347236394882202,0.030759327113628387,1.7337181568145752
-518464602277463582,4.449999809265137,0.44114500284194946,2.6572678089141846,0.6485449075698853,3.971266508102417
-514681092277458262,0.6499999761581421,0.20887555181980133,2.4735803604125977,0.3345944583415985,0.3122785687446594
-513698150277456027,0.28999999165534973,0.20822563767433167,2.389719009399414,0.4951883554458618,0.636899471282959
-514313033277454585,0.8799999952316284,1.184600591659546,2.85615873336792,0.21316489577293396,3.2775442600250244
-515751303277455452,1.2300000190734863,0.11117872595787048,2.494429588317871,0.3127965033054352,5.4321088790893555
-514904260277454199,0.8700000047683716,0.2960079610347748,2.6070966720581055,0.5395197868347168,1.0157078504562378
-516536832277450221,0.20000000298023224,1.1064790487289429,2.461822986602783,0.48334819078445435,1.3692715167999268
-513501575277442560,1.75,0.1105184257030487,3.3457658290863037,0.35316818952560425,0.5842234492301941
-518800733277440526,3.5199999809265137,0.20286554098129272,2.3739190101623535,0.44797301292419434,2.6481404304504395
-516069810277442250,0.7200000286102295,0.12651583552360535,2.504544973373413,0.7135706543922424,1.5855588912963867
-516859785277441931,0.7900000214576721,0.4840984344482422,3.0090456008911133,0.3504483699798584,1.613252878189087
-516210722277439824,1.2999999523162842,1.4518400430679321,2.757390022277832,0.7154901623725891,5.497927188873291
-514424907277438666,0.36000001430511475,1.5728044509887695,2.7279109954833984,0.7326180338859558,0.9127765893936157
-516504725277438532,2.440000057220459,0.268829345703125,2.1925339698791504,0.5927353501319885,0.3870561122894287
-514683733277436308,2.9000000953674316,0.248048797249794,2.335888385772705,0.998990535736084,2.2999730110168457
-515691121277435467,1.9500000476837158,0.16446706652641296,2.3435864448547363,0.2603003680706024,1.4975119829177856
-515776997277432244,0.38999998569488525,0.388494074344635,3.0447189807891846,0.40898823738098145,0.9331350922584534
-515569940277431709,3.319999933242798,0.3166370689868927,2.336643934249878,0.25460925698280334,4.252777576446533
-515015634277430577,2.9000000953674316,0.003437071107327938,0.0,0.7369333505630493,0.8531023263931274
-518441320277420822,2.0999999046325684,0.10289884358644485,1.9322125911712646,0.29975101351737976,0.4005231559276581
-516989744277421459,1.2899999618530273,0.8961547613143921,2.815695285797119,0.1204378679394722,2.670670747756958
-517415258277414698,0.47999998927116394,0.5568228960037231,2.2884645462036133,0.31071990728378296,0.5221380591392517
-515272964277411849,0.6899999976158142,1.2398974895477295,2.7860660552978516,0.7802897095680237,5.499751091003418
-515598230277406294,0.5099999904632568,0.39884158968925476,2.775522470474243,0.7223802804946899,1.4442194700241089
-513748481277403245,3.2699999809265137,0.6782604455947876,2.325972557067871,0.41090527176856995,2.2142105102539062
-513776049277400297,0.23000000417232513,0.6554285287857056,2.7575135231018066,0.371498703956604,0.8138309717178345
-515711529277398480,4.21999979019165,0.13949991762638092,2.43744158744812,0.6573863625526428,1.5648771524429321
-513721307277393649,1.9600000381469727,0.29533711075782776,2.440826892852783,0.030009616166353226,5.4987688064575195
-518398373277392018,3.880000114440918,0.7948948740959167,2.783956289291382,0.2557763457298279,3.149578094482422
-516641724277392817,1.1200000047683716,0.5849552154541016,2.4696240425109863,0.38525453209877014,0.8297901153564453
-514083331277388318,1.440000057220459,0.19118854403495789,2.1576123237609863,0.5937632322311401,0.48756080865859985
-517780886277389097,1.4500000476837158,0.18215274810791016,2.319654703140259,0.9999995827674866,0.3363450765609741
-515726653277387515,0.8700000047683716,0.43705952167510986,1.9703139066696167,0.6596164703369141,0.914076030254364
-518381996277385282,4.71999979019165,1.8930364847183228,2.127072334289551,0.1155904233455658,0.7926204800605774
-516175992277387424,1.440000057220459,0.34176307916641235,2.372952461242676,0.7625001668930054,0.8163853883743286
-515606781277394194,0.5600000023841858,0.42916515469551086,3.621358871459961,0.9303670525550842,4.32161283493042
-514033048277383527,0.5600000023841858,0.2570628821849823,2.478107213973999,0.46213892102241516,1.984327793121338
-517229114277385118,1.1799999475479126,1.6317194700241089,2.409928560256958,0.5220618844032288,2.5193605422973633
-517685546277383420,0.6100000143051147,0.2843405604362488,2.7594778537750244,0.1302393674850464,1.4806764125823975
-517573832277382064,0.4300000071525574,0.3896595537662506,3.4147865772247314,0.6001956462860107,2.3506197929382324
-516682069277378249,1.4700000286102295,0.2547774612903595,3.067680597305298,0.8680294156074524,1.9606059789657593
-518950221277375733,0.7799999713897705,0.4200572669506073,2.156507968902588,0.6338395476341248,0.506718635559082
-518422918277378054,4.179999828338623,5.403982639312744,2.0464084148406982,0.04670381918549538,5.3300299644470215
-513576121277371236,0.9300000071525574,0.263507217168808,2.8517396450042725,0.2543315291404724,2.0484206676483154
-514393163277363479,3.690000057220459,0.14974907040596008,2.6729397773742676,0.3814399242401123,1.8344476222991943
-517670180277361385,3.190000057220459,0.15568400919437408,2.171658754348755,0.43019697070121765,5.470454692840576
-514379189277360767,0.3499999940395355,0.46020442247390747,2.6235129833221436,0.9458165168762207,1.193777322769165
-517006501277361480,2.240000009536743,0.11647718399763107,2.198256731033325,0.45758652687072754,0.4691360294818878
-516100646277359885,2.609999895095825,0.1713353395462036,2.1498663425445557,0.2759097218513489,0.6212646961212158
-517660391277358781,3.5799999237060547,0.08496936410665512,2.4686152935028076,0.1957770437002182,2.6718344688415527
-515586130277358945,3.4600000381469727,0.44878432154655457,2.1843113899230957,0.17997033894062042,0.30003413558006287
-517429263277354014,2.1500000953674316,0.3276466131210327,1.6308834552764893,0.2410389631986618,0.30024152994155884
-517735015277353562,0.9200000166893005,1.2978907823562622,1.988970398902893,0.10589220374822617,0.300324022769928
-518323247277352258,1.899999976158142,0.33253586292266846,1.9898028373718262,0.3789566457271576,0.36166608333587646
-516860637277354603,0.8999999761581421,0.5841572880744934,2.407029390335083,0.6706727743148804,0.30000022053718567
-513524214277347618,1.0299999713897705,2.458494186401367,1.8381803035736084,0.42771828174591064,0.30010637640953064
-518574468277347548,0.9100000262260437,8.46573543548584,3.2757370471954346,0.8630803823471069,5.499882221221924
-517081664277347807,0.7699999809265137,0.05035576596856117,2.1895060539245605,0.9999882578849792,0.3026312589645386
-514291119277345721,0.7400000095367432,0.16241885721683502,2.7293171882629395,0.8477118611335754,2.193373203277588
-514242616277344928,0.9800000190734863,0.31847891211509705,2.253166437149048,0.5189623236656189,1.450160026550293
-516234758277343140,1.7999999523162842,0.17492514848709106,2.3424854278564453,0.2734730839729309,0.3001355230808258
-514573661277337361,0.3199999928474426,0.4530271589756012,2.7405829429626465,0.711104154586792,0.853602409362793
-514365583277335713,1.059999942779541,0.24986228346824646,2.40883731842041,0.12716026604175568,0.7133728265762329
-518536227277333975,3.7799999713897705,11.869976043701172,1.7520638704299927,0.7322707772254944,1.5391685962677002
-518695198277332990,0.7200000286102295,0.37547847628593445,2.757551670074463,0.37099823355674744,0.9466634392738342
-516615628277334798,1.899999976158142,0.2791309654712677,2.22652006149292,0.35422053933143616,1.7921204566955566
-515944929277334447,3.299999952316284,0.1179061233997345,2.2723641395568848,0.5527287125587463,0.6015551090240479
-515970029277333271,1.340000033378601,0.23648901283740997,2.1948981285095215,0.348248153924942,0.3000015616416931
-516166517277331369,1.159999966621399,0.49499064683914185,2.362365245819092,0.3705558776855469,5.419097423553467
-518598555277324523,3.799999952316284,9.594267845153809,1.6250598430633545,0.6273618340492249,1.5727370977401733
-514246324277323692,3.7799999713897705,0.426772803068161,2.416877031326294,0.1768992841243744,4.462034702301025
-517021995277324213,1.5099999904632568,0.12187524884939194,2.2964324951171875,0.8549563884735107,0.7752509117126465
-516313682277323915,3.5899999141693115,0.27182286977767944,2.287574291229248,0.39421167969703674,0.4159643352031708
-515230920277323501,0.8999999761581421,0.2857873737812042,2.1472785472869873,0.6336925029754639,0.4515545666217804
-518472877277321837,3.2899999618530273,0.5824514627456665,2.6699085235595703,0.7130868434906006,5.495460033416748
-514757733277318034,1.5299999713897705,5.119207859039307,2.1167304515838623,0.6197503805160522,4.156407833099365
-513504422277316077,1.0099999904632568,0.14862890541553497,2.5613815784454346,0.8180938959121704,4.9290266036987305
-518725535277316101,1.4299999475479126,1.680139183998108,1.8086190223693848,0.17637202143669128,1.1819682121276855
-515688981277313108,1.2899999618530273,0.6628789901733398,2.7640953063964844,0.30899903178215027,0.3000015914440155
-517631070277310525,2.0899999141693115,0.1814269870519638,2.4682114124298096,0.16581963002681732,1.7608025074005127
-513958697277307028,2.25,0.4800493121147156,2.1566436290740967,0.665637731552124,5.49788761138916
-516095218277308870,1.0299999713897705,0.04167068004608154,2.3378117084503174,0.33546921610832214,5.497415542602539
-513719115277304037,1.940000057220459,0.3367798626422882,2.081737518310547,0.3622314929962158,0.8951531648635864
-519065524277300224,3.609999895095825,0.3734246492385864,2.4029762744903564,0.47171133756637573,1.8851865530014038
-515403431277300148,2.5399999618530273,0.283436119556427,2.370973825454712,0.18725278973579407,0.30000001192092896
-517034767277298520,2.059999942779541,0.28363749384880066,2.4058849811553955,0.26360830664634705,0.30000168085098267
-519050523277298058,1.100000023841858,0.3117367625236511,2.1745400428771973,0.213941752910614,1.6315187215805054
-518231698277291162,1.2100000381469727,10.938385963439941,2.891030788421631,0.6771159172058105,5.499928951263428
-516312916277290696,0.6399999856948853,0.7285522818565369,3.6258373260498047,0.851348876953125,5.010324478149414
-518628722277287835,NaN,0.3776034414768219,2.4081971645355225,0.7250143885612488,0.8478296399116516
-514079426277287466,2.380000114440918,0.38661691546440125,2.0572729110717773,0.23698696494102478,0.5131362676620483
-515487994277289141,2.4600000381469727,0.4166031777858734,2.611992597579956,0.5522264838218689,3.561695098876953
-514411040277273370,0.14000000059604645,0.14493699371814728,2.72194766998291,0.7824457883834839,1.9332722425460815
-517767925277268570,0.44999998807907104,0.6294345855712891,2.313485622406006,0.26773786544799805,0.45906123518943787
-514312666277261983,1.6299999952316284,0.019249126315116882,2.1077003479003906,0.13028468191623688,3.0541276931762695
-515329552277257291,2.240000009536743,0.07617942988872528,1.2498319149017334,0.044998232275247574,0.3108009994029999
-514884020277257026,1.4500000476837158,0.8170561194419861,1.6339209079742432,0.5554074645042419,0.4164116084575653
-514982883277253552,2.2899999618530273,0.37519946694374084,2.3953402042388916,0.17209820449352264,0.51702481508255
-516371764277253225,1.2999999523162842,0.17233535647392273,2.6747336387634277,0.7470296621322632,2.977433919906616
-516765588277245695,0.9700000286102295,0.21344970166683197,2.0853474140167236,0.39033371210098267,0.302931010723114
-516662668277247064,1.2599999904632568,0.09754279255867004,2.2475786209106445,0.7288730144500732,1.2656222581863403
-515548790277246026,1.7100000381469727,0.1649659126996994,2.2961926460266113,0.866111695766449,3.1051900386810303
-514249497277242175,2.0,0.20012421905994415,2.282623052597046,0.5324077606201172,0.30012694001197815
-513877539277237593,1.7799999713897705,0.22425787150859833,2.2593064308166504,0.7677906155586243,0.45396795868873596
-518630523277233563,1.6699999570846558,0.6245089173316956,2.735605001449585,0.5873510837554932,1.2426005601882935
-515919910277234524,0.07000000029802322,0.003320647869259119,2.2645161151885986,0.055185530334711075,5.499995708465576
-514984369277225772,1.6100000143051147,0.08450135588645935,1.6825945377349854,0.6267256736755371,0.3000011742115021
-516201389277225306,1.1100000143051147,0.4595284163951874,2.1164417266845703,0.1571781188249588,0.5153917074203491
-513963940277220065,0.9599999785423279,1.1289682388305664,2.411797285079956,0.25714632868766785,3.6454989910125732
-514859561277218479,0.6800000071525574,0.115618035197258,2.761946201324463,0.5449453592300415,5.4956955909729
-518976704277214309,0.9399999976158142,0.32920944690704346,2.363849639892578,0.9999974370002747,1.2798655033111572
-514624826277215060,3.4800000190734863,0.21829433739185333,2.064530849456787,0.6951663494110107,0.3001877963542938
-518203820277214200,3.700000047683716,0.3189123272895813,2.8939499855041504,0.3041519522666931,2.700521945953369
-514918549277211552,3.0199999809265137,0.13243010640144348,2.366236686706543,0.3480115830898285,0.300012469291687
-518319984277209033,1.6299999952316284,0.13288308680057526,2.0625782012939453,0.3042554557323456,0.3000025749206543
-517843982277203246,2.0899999141693115,0.0123811736702919,2.567194938659668,0.7971118092536926,0.7616329789161682
-516527597277203562,0.4300000071525574,0.5946819186210632,2.1657793521881104,0.7417718768119812,0.47235605120658875
-516937452277202153,1.440000057220459,0.28668853640556335,2.3438217639923096,0.1924019157886505,0.30002927780151367
-516838436277201870,1.5700000524520874,0.12310536950826645,2.1653919219970703,0.7093820571899414,0.581338107585907
-515525406277201189,2.4800000190734863,0.17713052034378052,2.6025288105010986,0.4905727505683899,1.3477743864059448
-516876532277199235,2.5799999237060547,0.004787968471646309,1.8874729871749878,0.894751787185669,0.8498865365982056
-518342654277197810,0.8999999761581421,0.5839297771453857,2.5100598335266113,0.035887472331523895,0.9358116984367371
-514792094277189470,0.25999999046325684,1.0276386737823486,4.086339950561523,0.6246074438095093,5.107520580291748
-513578589277186082,0.9599999785423279,0.15364588797092438,2.1831259727478027,0.5406654477119446,0.9077099561691284
-516280758277177415,0.7799999713897705,0.27698203921318054,2.0863137245178223,0.4586561918258667,0.3723963499069214
-518612216277172619,1.5499999523162842,0.0971900224685669,2.3267600536346436,0.3122154772281647,0.41732117533683777
-518366122277463682,NaN,3.238069772720337,6.182435035705566,0.9080498218536377,5.5
-516753374277167914,1.0,0.12778016924858093,2.3664536476135254,0.5177454948425293,5.499639511108398
-517164947277165983,0.3199999928474426,0.7355747222900391,2.944084405899048,0.38847780227661133,1.0479872226715088
-517786958277163651,1.8600000143051147,0.17864233255386353,2.274677038192749,0.36692166328430176,0.3000001013278961
-518162983277162915,0.5,0.8276636004447937,2.782463788986206,0.22050896286964417,0.3030112683773041
-514525873277161042,0.5899999737739563,0.2593671679496765,2.6055617332458496,0.6822338104248047,2.895498037338257
-518195690277160309,2.700000047683716,0.17804919183254242,2.275160074234009,0.030000122264027596,0.8846839666366577
-516009265277151600,1.0399999618530273,0.2676292955875397,2.5174498558044434,0.7207077145576477,0.8844611644744873
-517971803277146519,1.3700000047683716,0.04908137023448944,2.069535732269287,0.4294055998325348,3.1987318992614746
-515740980277145227,2.190000057220459,0.1600305587053299,2.4769999980926514,0.6816678047180176,1.256556749343872
-516489269277144941,2.0199999809265137,4.793379306793213,2.3532114028930664,0.3578764796257019,5.499753952026367
-516882006277146996,1.9199999570846558,0.6144787669181824,3.139493942260742,0.1601318120956421,1.1264121532440186
-514903196277141660,3.2799999713897705,0.2870652973651886,2.1118524074554443,0.16934700310230255,0.3000278174877167
-513554966277136165,0.4000000059604645,0.7121614813804626,3.6056439876556396,0.9416053295135498,2.4375977516174316
-515074083277135200,3.009999990463257,0.7458477020263672,2.9044361114501953,0.23282092809677124,4.934518337249756
-514380049277134078,1.590000033378601,0.6587602496147156,2.0365846157073975,0.8432862758636475,0.30000001192092896
-517258612277132578,0.9900000095367432,0.7333174347877502,2.5615792274475098,0.8262273669242859,1.48091459274292
-516805877277128297,2.2699999809265137,0.16159600019454956,1.9871102571487427,0.035489052534103394,5.205073833465576
-518028785277123714,2.0899999141693115,0.19211885333061218,2.11262583732605,0.31631264090538025,0.3505544066429138
-513516933277119165,1.0399999618530273,0.8502278327941895,1.8204833269119263,0.3265688121318817,0.3840499222278595
-513880415277119284,0.7900000214576721,1.8825888633728027,2.269636392593384,0.3473179340362549,5.49885368347168
-514721474277119899,3.5,0.11562690138816833,2.527137041091919,0.3350394070148468,5.463831901550293
-518147723277113234,1.2400000095367432,0.1648007184267044,2.4573352336883545,0.3999839127063751,0.6262171864509583
-517392052277113761,0.800000011920929,0.7379522323608398,2.502915859222412,0.17066502571105957,0.3000252842903137
-514150694277111214,1.3300000429153442,0.3425450026988983,2.1946475505828857,0.7458335757255554,0.48190978169441223
-514078038277109619,1.3899999856948853,0.8765708208084106,2.664156675338745,0.8014413118362427,1.510500192642212
-514622844277097061,0.8999999761581421,0.08102601021528244,2.8819844722747803,0.6249908804893494,3.856492519378662
-515776869277097066,2.1500000953674316,0.1824236661195755,2.400665283203125,0.5647701621055603,1.075326681137085
-518171492277092071,0.9700000286102295,0.4035525918006897,1.822334885597229,0.7006040215492249,0.30000773072242737
-518027586277091948,2.3399999141693115,0.08760414272546768,1.9107787609100342,0.6810386180877686,0.30503979325294495
-514088212277090005,0.9399999976158142,0.3711901903152466,2.2096164226531982,0.32369565963745117,0.7789983749389648
-517248010277089283,0.8899999856948853,0.3508791923522949,3.8190290927886963,0.6134636998176575,5.499853134155273
-516595973277086759,1.2699999809265137,3.063880681991577,2.2661359310150146,0.051824264228343964,2.8361976146698
-518677095277082618,1.149999976158142,0.7571185827255249,2.107236385345459,0.22893835604190826,2.510481834411621
-514805027277080493,0.7400000095367432,0.7877045273780823,3.1881139278411865,0.7468026280403137,2.235539436340332
-514212174277074169,0.550000011920929,0.3873896300792694,2.6391003131866455,0.08676774799823761,0.6732492446899414
-518145906277059034,1.9900000095367432,0.09716321527957916,2.178534746170044,0.6061735153198242,0.8741268515586853
-517599949277059007,1.6299999952316284,0.15295466780662537,2.5660533905029297,0.3735716640949249,1.325548768043518
-516624585277059279,0.33000001311302185,8.469456672668457,2.1115574836730957,0.9970875978469849,2.013941526412964
-513829571277056102,0.9800000190734863,0.3090856075286865,1.9281662702560425,0.3740369975566864,0.33371829986572266
-513887474277055667,0.36000001430511475,0.5387535691261292,2.6305992603302,0.5473576784133911,2.0850822925567627
-513981374277053792,2.7799999713897705,0.4202868640422821,2.250871419906616,0.2604837119579315,0.5102857351303101
-517633300277051853,1.3799999952316284,0.08102214336395264,2.3383073806762695,0.03005789965391159,1.3148045539855957
-515173603277044411,2.049999952316284,0.3123355805873871,2.5730020999908447,0.5946577191352844,1.283708930015564
-518644989277040382,0.7900000214576721,0.1467878222465515,2.5670166015625,0.8148328065872192,1.2814618349075317
-514987850277040259,2.1600000858306885,0.07601192593574524,1.8309273719787598,0.5585518479347229,0.30084386467933655
-518318552277056598,0.23999999463558197,0.6636427044868469,3.235792636871338,0.5836129784584045,2.9357144832611084
-517476613277034983,3.569999933242798,0.04012492299079895,1.5806074142456055,0.046942345798015594,0.31624141335487366
-515854969277026961,1.8899999856948853,0.3008056879043579,2.182039976119995,0.21264459192752838,3.293898105621338
-513764890277022901,0.41999998688697815,0.12505865097045898,1.9894052743911743,0.6706753373146057,0.3000597357749939
-517343355277023756,4.710000038146973,0.1863757073879242,2.28940486907959,0.33415961265563965,0.30440554022789
-515447269277018084,3.0899999141693115,0.12775792181491852,2.487292528152466,0.34467965364456177,0.7095020413398743
-518331549277016322,0.7200000286102295,0.36712661385536194,1.8012028932571411,0.4602336287498474,0.3361148238182068
-515227914277013695,2.569999933242798,0.0848018005490303,2.095262050628662,0.030135877430438995,2.7455973625183105
-516358012277013871,1.2899999618530273,0.6436976194381714,2.8204095363616943,0.20992742478847504,1.2057743072509766
-516121381277013548,1.899999976158142,0.5537297129631042,2.272447347640991,0.6601691842079163,3.343088150024414
-518763816277010596,0.4000000059604645,0.4510665833950043,3.1634624004364014,0.26806023716926575,3.0194129943847656
-514798726277009653,1.9900000095367432,0.151344895362854,2.4383628368377686,0.25895676016807556,0.47367119789123535
-517334935277003209,2.0299999713897705,1.2273342609405518,2.210645914077759,0.11747729033231735,0.34108397364616394
-516882863277000476,2.4100000858306885,0.17170026898384094,2.239590883255005,0.3413795530796051,0.8412014842033386
-517469559276995337,1.7400000095367432,0.1321091204881668,2.17966890335083,0.33529603481292725,0.3896004259586334
-516490620276993799,0.49000000953674316,10.15093994140625,2.592182159423828,0.3349665701389313,2.7946548461914062
-518889460276989331,0.9100000262260437,0.47497159242630005,2.1853604316711426,0.1954953968524933,0.30001601576805115
-514578479276987493,1.059999942779541,0.45866158604621887,2.474388599395752,0.4461447298526764,1.0880118608474731
-517902744276985165,1.0800000429153442,0.6193250417709351,2.130439281463623,0.2813635766506195,0.30000412464141846
-513528565276980285,0.49000000953674316,0.34600338339805603,2.639005184173584,0.5015735626220703,0.895391047000885
-515684660276982087,2.2300000190734863,0.2536361813545227,2.2902274131774902,0.24028746783733368,0.30026301741600037
-517616520276980815,0.9599999785423279,0.22719819843769073,2.3488645553588867,0.030205581337213516,0.36886098980903625
-516470664276981299,0.41999998688697815,1.3124645948410034,4.887969970703125,0.6809477210044861,5.5
-518492607276976560,2.8299999237060547,0.22987300157546997,2.913444995880127,0.33633169531822205,1.8822412490844727
-518192494276973677,1.8700000047683716,0.5163264870643616,2.681997299194336,0.23326686024665833,0.30000847578048706
-516863165276973960,3.3299999237060547,0.21957528591156006,1.9180740118026733,0.42235276103019714,0.35457465052604675
-513703501276971092,0.8799999952316284,1.1584030389785767,2.20731520652771,0.6612788438796997,0.9521176815032959
-513477562276968461,0.36000001430511475,0.82778400182724,2.575870990753174,0.46616479754447937,0.5089262127876282
-515610896276969448,1.2100000381469727,0.5429027080535889,2.100123405456543,0.25033193826675415,0.3000040054321289
-513747206276964246,0.8100000023841858,0.00623047212138772,2.24200439453125,0.7091985940933228,5.498824596405029
-513550582276959216,0.7699999809265137,0.30928707122802734,2.3792195320129395,0.4237668812274933,1.1515480279922485
-513881465276959080,2.609999895095825,0.5912743210792542,2.4267706871032715,0.35488757491111755,0.5563997626304626
-517845722276957070,1.840000033378601,0.2719375193119049,2.397639751434326,0.26113003492355347,0.9371472001075745
-515187029276956266,1.840000033378601,0.3848434090614319,2.3968632221221924,0.34383058547973633,0.9996787309646606
-513915933276958566,0.6600000262260437,0.3596600592136383,2.043679714202881,0.030078165233135223,0.3016882836818695
-514194191276953634,0.8500000238418579,0.5767760872840881,2.6367831230163574,0.29838132858276367,1.3809536695480347
-516310550276954960,0.6000000238418579,0.17900559306144714,2.5392401218414307,0.540880560874939,1.2109025716781616
-513734955276952974,2.2699999809265137,0.31488728523254395,2.326444387435913,0.5807284712791443,0.30000001192092896
-513925777276943868,0.7200000286102295,0.46481451392173767,2.379680633544922,0.44999128580093384,0.6472178101539612
-514629738276939905,1.9600000381469727,0.3311513662338257,2.4237661361694336,0.3686079680919647,1.4996241331100464
-515476341276938883,0.8100000023841858,0.07605385780334473,2.30053448677063,0.03107406571507454,1.3202574253082275
-518004351276936841,1.2200000286102295,0.32566696405410767,2.588043689727783,0.27736109495162964,1.6661676168441772
-516324917276936048,0.5299999713897705,0.823862612247467,3.3994812965393066,0.6167009472846985,5.499752521514893
-513993321276932897,0.8600000143051147,0.2818720042705536,2.0713717937469482,0.5541054010391235,0.3934934139251709
-517465362276931238,0.7799999713897705,0.21102412045001984,2.3966047763824463,0.305389404296875,0.682948648929596
-518364842276925926,3.7200000286102295,0.37146487832069397,2.0834009647369385,0.19229698181152344,0.30000677704811096
-517391382276924765,1.5700000524520874,1.3862794637680054,2.393416166305542,0.1845678836107254,3.3694186210632324
-515834080276920073,0.38999998569488525,0.10728299617767334,2.8130199909210205,0.3925163745880127,1.2358654737472534
-513644561276915378,0.49000000953674316,6.729142189025879,2.4722068309783936,0.756012499332428,3.5845117568969727
-517129156276914184,0.6000000238418579,0.318756103515625,1.9293969869613647,0.22437946498394012,0.3002171218395233
-516784995276910070,5.050000190734863,0.3748764395713806,2.3661909103393555,0.65314781665802,0.8660560846328735
-514539870276908566,0.4399999976158142,0.7884198427200317,2.2471656799316406,0.37464794516563416,1.314795970916748
-515377659276908029,0.6200000047683716,0.9314014315605164,2.6439390182495117,0.20097467303276062,1.3623414039611816
-516474665276906003,0.38999998569488525,0.34308555722236633,2.309572458267212,0.8982118964195251,0.5836504697799683
-518080533276899455,1.6200000047683716,0.2605170011520386,2.293321371078491,0.8758297562599182,1.0041987895965576
-516106758276897166,4.639999866485596,0.6394850015640259,2.136697769165039,0.06513256579637527,4.160017013549805
-514703867276898796,1.590000033378601,0.6145395636558533,2.310361862182617,0.7399964332580566,0.4633866250514984
-515726569276897166,1.559999942779541,0.07550811022520065,2.103991746902466,0.6607465744018555,0.3000018298625946
-513680776276893396,0.699999988079071,3.467055082321167,2.270253896713257,0.6725892424583435,2.901503562927246
-518835556276890423,1.2100000381469727,0.46471452713012695,2.449859380722046,0.7037378549575806,0.9742081761360168
-515401427276890829,2.4600000381469727,0.2746943235397339,2.4494211673736572,0.4773240089416504,1.3242006301879883
-517768248276894344,0.5099999904632568,0.45239150524139404,1.9341696500778198,0.10428386181592941,0.30000025033950806
-515483063276883675,1.5199999809265137,0.25637346506118774,2.4877943992614746,0.13597144186496735,4.925154209136963
-516793303276868374,2.049999952316284,0.10382995009422302,2.173940896987915,0.45912566781044006,0.5544480085372925
-515177871276866896,2.8499999046325684,0.3325173258781433,2.211757183074951,0.3654829263687134,1.0052093267440796
-516813817276866304,2.1700000762939453,0.2502075433731079,2.7326536178588867,0.5216078162193298,1.148515224456787
-515042912276864454,1.0099999904632568,0.2591838240623474,2.6993298530578613,0.3096329867839813,1.6358025074005127
-517627963276859191,1.100000023841858,0.3710130751132965,2.084641456604004,0.56258624792099,0.3001156747341156
-513814062276853084,0.9700000286102295,0.6531772613525391,2.4609532356262207,0.12115117162466049,4.179140567779541
-514788864276848787,1.309999942779541,0.22607190907001495,2.709219455718994,0.6958320736885071,1.0342873334884644
-518381757276839656,1.690000057220459,0.19527795910835266,2.493824005126953,0.5597819685935974,1.7930107116699219
-517146694276834553,1.0199999809265137,0.11681663990020752,2.4665675163269043,0.4196871817111969,1.7694849967956543
-518307288276830265,1.8899999856948853,0.14961014688014984,2.4916648864746094,0.5747508406639099,1.0796244144439697
-513544493276827837,2.890000104904175,0.10272812843322754,2.298562526702881,0.6760945320129395,1.170407772064209
-517178101276822980,0.9200000166893005,0.24665096402168274,2.4122486114501953,0.3618440628051758,0.3000074028968811
-518718920276817949,0.46000000834465027,0.4755493998527527,2.8817715644836426,0.36242321133613586,1.2315622568130493
-518313577276818162,0.949999988079071,1.707751989364624,2.377349615097046,0.2937147617340088,5.1329193115234375
-513962565276816766,1.100000023841858,0.47851547598838806,2.1137027740478516,0.2438327670097351,0.3849736750125885
-516827463276816261,0.7699999809265137,0.7907410264015198,2.223937511444092,0.1131305992603302,0.3005088269710541
-514238381276814949,0.9100000262260437,6.655186653137207,2.165771484375,0.40386688709259033,2.9571967124938965
-516585011276813411,1.149999976158142,0.4531830847263336,1.9446771144866943,0.40490373969078064,0.8895989656448364
-513677497276806313,3.1700000762939453,0.16971886157989502,2.494459629058838,0.4487273395061493,1.10543692111969
-517918859276804400,1.2999999523162842,0.18891456723213196,2.3788604736328125,0.24468779563903809,0.5547520518302917
-518173874276800982,1.0099999904632568,0.768520176410675,3.2619216442108154,0.17449074983596802,2.6679389476776123
-517031220276799569,2.0999999046325684,0.2444460093975067,2.4560909271240234,0.14396874606609344,1.0440253019332886
-516639694276799272,2.059999942779541,0.48652493953704834,3.3773868083953857,0.5513173341751099,5.5
-517224037276794290,2.5199999809265137,0.6219996809959412,2.3858137130737305,0.34481680393218994,2.9694416522979736
-518803889276785741,0.9200000166893005,0.47760775685310364,2.502500057220459,0.28618407249450684,0.8140363693237305
-518222372276781448,1.559999942779541,1.2771180868148804,2.1320338249206543,0.6313326954841614,1.979993462562561
-513686225276775239,0.8399999737739563,0.529849648475647,1.921943187713623,0.2189425677061081,0.30010414123535156
-518723276276774237,1.190000057220459,0.2871977984905243,2.277021646499634,0.2862301170825958,1.0396816730499268
-513504319276773236,0.7400000095367432,0.14596228301525116,2.699971914291382,0.5459286570549011,1.1339963674545288
-518816944276771858,2.5799999237060547,0.4348873198032379,2.3362059593200684,0.8201858997344971,1.0100969076156616
-518903911276766534,2.609999895095825,0.23194144666194916,2.052518367767334,0.3638201653957367,0.30221545696258545
-516908381276763935,2.7899999618530273,0.2012799233198166,2.2035975456237793,0.5488255620002747,0.48243868350982666
-514178111276757029,0.949999988079071,0.7273886203765869,2.816242218017578,0.26199543476104736,2.7886006832122803
-514578919276752890,0.6700000166893005,0.2863501310348511,1.9058465957641602,0.5293267965316772,0.4590259790420532
-514047804276752027,1.7200000286102295,0.26193881034851074,2.9523916244506836,0.1857636719942093,5.499599456787109
-517417105276753016,1.940000057220459,0.8256711363792419,2.660396099090576,0.06067381054162979,0.47683870792388916
-513535688276735099,0.7699999809265137,0.26909539103507996,2.4707813262939453,0.656933069229126,0.9745800495147705
-518209919276735893,0.8199999928474426,0.09437507390975952,2.4615941047668457,0.7885323762893677,1.1733478307724
-516408095276737167,2.0799999237060547,0.3740876317024231,2.4118947982788086,0.4573136866092682,1.3453115224838257
-514735725276735394,1.350000023841858,0.9262704253196716,2.5609898567199707,0.4959243834018707,1.6532442569732666
-514457692276734560,1.309999942779541,0.41004663705825806,2.091931104660034,0.6746969819068909,1.107771873474121
-513647636276732463,0.8799999952316284,0.3519790470600128,2.3576607704162598,0.26937389373779297,0.4713163673877716
-513796526276725826,1.5,0.31988415122032166,2.422159433364868,0.9292211532592773,3.20692777633667
-517024135276727807,1.690000057220459,0.1084987074136734,2.096968650817871,0.46097803115844727,0.3000222444534302
-517413677276720784,0.7400000095367432,0.31748166680336,2.58204984664917,0.2075888216495514,1.0431323051452637
-517418059276720056,0.4099999964237213,2.958132743835449,2.2870447635650635,0.5820032358169556,5.499846458435059
-513528921276711512,0.6499999761581421,0.7706217765808105,2.8614768981933594,0.40935203433036804,0.8366644382476807
-516988906276713873,2.4000000953674316,0.22819432616233826,3.294421434402466,0.18784545361995697,1.1265709400177002
-515329324276712350,1.7699999809265137,0.1421911120414734,1.7482439279556274,0.5558324456214905,0.30029210448265076
-517726922276707833,4.429999828338623,0.12924037873744965,2.1790738105773926,0.46253740787506104,1.1007623672485352
-518988629276705814,0.7300000190734863,0.0029108624439686537,2.132291555404663,0.9999518394470215,5.5
-516916363276707810,0.8999999761581421,0.0013620743993669748,1.96296226978302,0.030129773542284966,5.4162917137146
-513677801276701418,1.2599999904632568,0.40936851501464844,2.711437463760376,0.2628239393234253,1.3213300704956055
-516771505276703755,1.3700000047683716,0.20675326883792877,2.0322329998016357,0.6109287142753601,0.3013213574886322
-516926800276697660,0.3799999952316284,0.001809711568057537,2.087217092514038,0.030323747545480728,4.588115215301514
-517285506276698760,2.7899999618530273,0.549439013004303,2.260045051574707,0.23871442675590515,0.3000073730945587
-515393555276697312,1.440000057220459,0.443864643573761,2.033506155014038,0.2043256014585495,1.2912094593048096
-518063746276694311,2.1500000953674316,0.3481842279434204,2.15014386177063,0.5941155552864075,1.4631239175796509
-515303251276690382,3.5999999046325684,0.3619535565376282,1.8448195457458496,0.42649582028388977,0.30000001192092896
-516609276276689520,1.6200000047683716,0.19023698568344116,2.528272867202759,0.3944205343723297,0.8845546841621399
-516211426276687776,1.3899999856948853,0.13871221244335175,2.561894416809082,0.22965902090072632,0.4437107741832733
-517094473276687190,3.549999952316284,0.18561610579490662,2.409160852432251,0.6685054302215576,2.7951881885528564
-517935688276685208,2.0399999618530273,0.9565019607543945,2.203334093093872,0.2400038093328476,2.5997116565704346
-517247951276684883,3.8499999046325684,9.932132720947266,2.388146162033081,0.6931037306785583,4.762480735778809
-517864836276680723,0.3799999952316284,0.9076840877532959,2.8279829025268555,0.6404808163642883,0.84037846326828
-518860236276677465,2.009999990463257,0.24805331230163574,2.6748337745666504,0.4053546190261841,1.067397952079773
-517575228276662855,1.3700000047683716,0.1700933873653412,2.512291669845581,0.5110974311828613,0.5535724759101868
-515304590276661823,0.7799999713897705,0.4453134536743164,2.1556270122528076,0.5961376428604126,1.0251758098602295
-515813434276660956,1.149999976158142,0.1391136199235916,2.310436725616455,0.6207298040390015,0.687969446182251
-518353508276657537,3.180000066757202,0.09456127136945724,1.949639916419983,0.4441014528274536,1.601263403892517
-515195415276657417,1.309999942779541,0.49780312180519104,1.9042339324951172,0.6975533962249756,0.3165533244609833
-517809084276654980,2.759999990463257,0.16639931499958038,2.491276979446411,0.12736092507839203,0.6269318461418152
-517439716276654570,0.20000000298023224,1.7498215436935425,2.98974871635437,0.10826423019170761,0.5419882535934448
-516522910276648913,3.390000104904175,0.1768159568309784,2.2312793731689453,0.423335462808609,0.6727211475372314
-515849136276648356,1.6100000143051147,5.076892852783203,2.9243319034576416,0.5562570095062256,5.234799385070801
-517164828276644381,1.159999966621399,0.2599608898162842,2.1517128944396973,0.6804780960083008,5.498970031738281
-514237576276641240,1.350000023841858,0.4207743704319,2.405876398086548,0.8752129077911377,0.5721589922904968
-516891600276636429,2.549999952316284,0.4033414423465729,2.3150415420532227,0.43371760845184326,0.30000001192092896
-516666000276629411,2.7799999713897705,0.125259667634964,2.332780599594116,0.03071952983736992,0.3005872666835785
-518861456276626046,2.359999895095825,0.2453872263431549,2.2469849586486816,0.09778569638729095,0.3499486744403839
-518023811276624377,0.9399999976158142,0.18593816459178925,2.360494375228882,0.543770968914032,0.3008151054382324
-515635145276625280,0.36000001430511475,0.3652682900428772,2.6579806804656982,0.5906747579574585,0.8212384581565857
-518494209276619808,1.9900000095367432,0.1811322122812271,2.441110372543335,0.435282438993454,0.8037842512130737
-513991358276618794,0.44999998807907104,0.34097447991371155,2.2294278144836426,0.6951953172683716,1.0417081117630005
-517682367276614995,1.4700000286102295,0.5126364827156067,1.9096189737319946,0.47034168243408203,0.48205792903900146
-514140070276611235,0.14000000059604645,2.2051002979278564,3.7091798782348633,0.26878029108047485,1.1091508865356445
-518666399276609637,3.2899999618530273,0.3647220730781555,2.9279890060424805,0.24668040871620178,5.497818946838379
-515327719276610061,1.6799999475479126,0.2959262430667877,2.825660228729248,0.036030758172273636,1.1996663808822632
-516852084276609985,1.2000000476837158,0.10523481667041779,2.2087204456329346,0.5748828649520874,0.7646967768669128
-516149384276607178,2.9200000762939453,0.10334553569555283,2.2607882022857666,0.5510555505752563,0.7409531474113464
-514847975276602795,1.0299999713897705,0.6755262613296509,2.0923449993133545,0.18947604298591614,0.30006489157676697
-513859188276601111,0.6200000047683716,0.3397738039493561,2.476555824279785,0.6808469891548157,1.5953634977340698
-513504820276598534,0.5199999809265137,0.7942929863929749,3.507638454437256,0.924548864364624,2.5634870529174805
-517914425276597705,2.2899999618530273,0.81889808177948,1.96901535987854,0.17222276329994202,0.300031840801239
-515721406276595686,3.880000114440918,0.39784103631973267,2.436124563217163,0.5150145888328552,1.4879685640335083
-518419024276587559,2.240000009536743,0.1454053521156311,2.0891575813293457,0.6336725354194641,0.4460758864879608
-518602197276584177,2.3399999141693115,0.5856496691703796,2.685702085494995,0.16324035823345184,0.30000001192092896
-518135794276583528,3.2100000381469727,0.1398092657327652,2.255488157272339,0.7345858216285706,1.1592698097229004
-516461854276584012,2.2100000381469727,0.12886252999305725,2.7263946533203125,0.5620230436325073,1.8142824172973633
-516237480276582204,0.8700000047683716,0.2572114169597626,3.1422817707061768,0.3797905743122101,1.676519513130188
-515462888276581402,0.6100000143051147,0.6451113820075989,2.223938226699829,0.5840609669685364,1.3765286207199097
-517002298276579413,1.25,0.3127357065677643,2.121439218521118,0.8872424364089966,0.43606075644493103
-517406812276577152,0.30000001192092896,0.46991103887557983,2.545535087585449,0.6607136130332947,0.8232423663139343
-515589364276569275,1.149999976158142,2.417381525039673,2.222179889678955,0.2328912317752838,0.30841967463493347
-516164857276568601,3.3299999237060547,0.5856435298919678,2.1273765563964844,0.12034543603658676,0.3000134229660034
-513906351276564299,0.6399999856948853,1.3317253589630127,2.140856981277466,0.33273613452911377,3.64029860496521
-515340712276564464,2.950000047683716,0.18319839239120483,2.3228554725646973,0.7493455410003662,1.6832482814788818
-514564703276556063,1.7200000286102295,0.561248779296875,2.648707389831543,0.5194463729858398,0.5309576392173767
-517534755276555209,0.5400000214576721,0.5081993341445923,2.2940258979797363,0.3345300555229187,0.5156785249710083
-514642292276554324,0.8700000047683716,5.62324333190918,2.411055088043213,0.586768627166748,5.435728549957275
-518384693276550004,4.03000020980835,0.24124078452587128,2.4024477005004883,0.4128284752368927,0.5087648630142212
-517041325276547734,1.090000033378601,1.51486337184906,2.329606533050537,0.37097662687301636,4.040455341339111
-513989127276542024,1.2300000190734863,0.5275084972381592,2.7496283054351807,0.6986994743347168,2.7568955421447754
-516786824276541471,1.9600000381469727,0.17665189504623413,1.9947614669799805,0.780471682548523,0.30000045895576477
-517740880276537031,2.369999885559082,0.14073152840137482,2.387543201446533,0.06881152838468552,5.4701032638549805
-517536466276533162,3.190000057220459,0.0016874757129698992,0.5363955497741699,0.6823551654815674,1.1338781118392944
-513916675276527307,0.38999998569488525,0.4633403718471527,3.312185764312744,0.3724551498889923,1.6627793312072754
-517680989276525665,1.590000033378601,0.1959799826145172,2.4637603759765625,0.3144598603248596,1.1274675130844116
-515302111276527851,0.47999998927116394,0.19788774847984314,2.378974437713623,0.30434831976890564,0.672039806842804
-517465406276525191,1.0399999618530273,0.34093743562698364,2.5008442401885986,0.8502430319786072,0.8866642713546753
-518692497276523137,2.009999990463257,0.259813129901886,2.2004499435424805,0.059342533349990845,0.4811858832836151
-518886549276522275,2.440000057220459,0.15729160606861115,2.448093891143799,0.4022705554962158,1.0083917379379272
-516492955276521897,3.0999999046325684,0.1924833506345749,2.4805502891540527,0.23898150026798248,0.30000755190849304
-514083661276511478,1.1799999475479126,8.652164459228516,2.3906350135803223,0.540361762046814,5.359756946563721
-517876775276511797,2.009999990463257,0.16901841759681702,1.96055269241333,0.8279207944869995,0.31096363067626953
-515658553276511183,2.4800000190734863,0.040303174406290054,1.6299493312835693,0.2595447897911072,4.1522603034973145
-514083507276504577,0.9200000166893005,0.16833724081516266,2.3177435398101807,0.5731246471405029,0.8091081380844116
-518801221276501578,1.0700000524520874,0.2093762457370758,2.2898080348968506,0.4985508620738983,0.3613927364349365
-518379366276500345,1.8300000429153442,0.2428528517484665,2.14213228225708,0.525545060634613,0.3000001013278961
-518869352276498260,1.8700000047683716,0.18500736355781555,2.4403865337371826,0.7356824278831482,0.7530916333198547
-514319099276495959,0.5199999809265137,0.23396910727024078,2.5872576236724854,0.9772712588310242,1.0868721008300781
-516283280276488594,0.7400000095367432,0.2744523286819458,2.2390735149383545,0.8773535490036011,0.4177742302417755
-513823300276489898,0.6399999856948853,0.9521549344062805,2.7013330459594727,0.1654622107744217,1.0879863500595093
-516850225276485560,2.309999942779541,0.2907749116420746,2.144346237182617,0.03001597337424755,0.3000701665878296
-516624057276484220,0.44999998807907104,1.143093228340149,2.6889467239379883,0.8176754117012024,1.069441556930542
-514529038276480586,1.690000057220459,0.20093092322349548,2.462343692779541,0.39819249510765076,1.403308391571045
-515127019276481357,0.7300000190734863,0.5350721478462219,2.5093514919281006,0.4975144565105438,0.5393674373626709
-514334856276478741,0.5299999713897705,0.5741091966629028,2.6385345458984375,0.7786781191825867,1.303774356842041
-517181369276475269,3.890000104904175,0.1456865668296814,2.6655571460723877,0.06299138814210892,4.9346160888671875
-516277073276473980,1.9700000286102295,0.20543335378170013,1.9827899932861328,0.03000415489077568,5.495049953460693
-514814515276471772,1.8600000143051147,0.24897150695323944,2.5030670166015625,0.8587391972541809,0.7232240438461304
-515064254276470907,2.0399999618530273,0.07651836425065994,2.188751220703125,0.12890058755874634,2.283074140548706
-516432779276470269,2.740000009536743,0.0021707327105104923,2.4469387531280518,0.19287019968032837,0.3000200092792511
-517578048276468274,0.27000001072883606,0.7414965629577637,2.551055431365967,0.6143518090248108,0.6934707164764404
-514319699276465408,3.1700000762939453,0.3863253891468048,2.282270908355713,0.8774064183235168,1.8891851902008057
-516897533276459294,1.1100000143051147,0.52677321434021,2.6814041137695312,0.5099456906318665,1.466050624847412
-517765827276455271,0.9200000166893005,0.19498088955879211,2.27240252494812,0.5020012855529785,0.3000028729438782
-517676421276452398,1.5700000524520874,1.2503820657730103,2.1371383666992188,0.1361563503742218,0.34841838479042053
-517538675276447722,1.4800000190734863,2.4976890087127686,2.9985268115997314,0.4844745695590973,5.437463760375977
-518214380276450822,3.6500000953674316,0.09179341793060303,2.521695375442505,0.9991121888160706,1.4710420370101929
-515776597276446169,2.5,0.42369022965431213,2.4578545093536377,0.35401955246925354,1.438786268234253
-514786356276444748,0.9900000095367432,0.2024116814136505,2.429548501968384,0.6123146414756775,1.0591051578521729
-518609791276443483,1.5099999904632568,0.47062918543815613,2.093008041381836,0.524810254573822,0.3000282049179077
-517607080276443730,0.8899999856948853,0.1906309425830841,2.615354537963867,0.5433998703956604,2.128384828567505
-516985664276437595,0.9100000262260437,0.4024191200733185,2.035017251968384,0.999990701675415,0.4917636215686798
-514121574276428625,0.6600000262260437,0.3133041560649872,3.009821653366089,0.4034116864204407,1.9222642183303833
-515515649276421910,1.2400000095367432,0.6561530828475952,2.8622701168060303,0.5368684530258179,4.375220775604248
-514032021276419936,1.1399999856948853,0.4125009775161743,2.2530815601348877,0.5839563012123108,0.5736715197563171
-518378481276419517,0.8199999928474426,0.21521790325641632,2.661302328109741,0.4786021411418915,1.787387490272522
-515125034276418898,5.789999961853027,0.07966681569814682,1.848306655883789,0.2150360643863678,2.0856735706329346
-518488243276414893,3.299999952316284,0.12105261534452438,2.228581666946411,0.032640352845191956,3.2486279010772705
-514030647276414117,0.9399999976158142,0.15961530804634094,3.165989398956299,0.2671343982219696,2.6618330478668213
-514216184276412563,1.0499999523162842,0.6060754060745239,2.1612539291381836,0.9999205470085144,0.5846288800239563
-516200094276408705,1.2999999523162842,0.1558845490217209,2.3470675945281982,0.5050757527351379,0.7315974831581116
-517855293276405659,2.4600000381469727,0.19275672733783722,2.603566884994507,0.1967647671699524,0.8287037014961243
-517189216276395907,3.619999885559082,0.3402661979198456,2.026249408721924,0.702358603477478,0.5633731484413147
-518526033276389461,0.6399999856948853,0.39513394236564636,2.4586853981018066,0.4302904009819031,0.8973247408866882
-518078071276389898,3.6600000858306885,0.20747394859790802,2.378244400024414,0.39098137617111206,2.0059056282043457
-516309886276383218,0.6200000047683716,0.017160460352897644,3.153911590576172,0.9409820437431335,5.5
-516875604276382882,1.940000057220459,0.2754843831062317,2.443739414215088,0.03019079379737377,0.5169846415519714
-516877962276377276,1.3300000429153442,0.3806188702583313,2.252363443374634,0.3041643500328064,0.5524773001670837
-518693647276371583,1.25,0.10757017880678177,2.156184673309326,0.7252237200737,0.558102011680603
-515836953276373606,0.3199999928474426,0.8799886107444763,2.205474853515625,0.1705607771873474,0.4299148619174957
-515869194276360519,2.4600000381469727,0.24333730340003967,2.1553421020507812,0.758375346660614,5.467117786407471
-514958615276356565,0.49000000953674316,0.5767723321914673,2.5310046672821045,0.8490269184112549,1.5176687240600586
-514516795276353162,0.75,1.6187703609466553,2.528620719909668,0.6198433637619019,1.932882308959961
-517366910276354371,0.5699999928474426,0.40033525228500366,2.2884552478790283,0.5191255211830139,0.30084550380706787
-515376095276354552,1.2000000476837158,0.29179632663726807,2.3836498260498047,0.8608569502830505,0.5091774463653564
-513930989276350621,4.019999980926514,0.37673819065093994,2.860711097717285,0.4184113144874573,5.498188495635986
-514468698276350770,1.1200000047683716,0.44297268986701965,2.265479564666748,0.412517786026001,0.498651385307312
-513980665276348980,1.090000033378601,0.330822616815567,2.5266613960266113,0.6036893725395203,1.7762322425842285
-513783984276347779,2.109999895095825,0.24171896278858185,2.1630330085754395,0.514713704586029,0.3000066578388214
-518822160276347050,0.4000000059604645,0.5714085102081299,2.927823066711426,0.4617723822593689,0.9874892234802246
-514593606276346258,1.659999966621399,0.2211749255657196,2.4953434467315674,0.14962609112262726,0.7798780202865601
-515099047276343852,1.7100000381469727,0.3793427050113678,2.0561327934265137,0.6903001070022583,0.30000582337379456
-513833982276337577,0.30000001192092896,0.2694105803966522,2.517136812210083,0.2629147469997406,0.4073096811771393
-516571316276338092,2.0,0.43864721059799194,2.3087878227233887,0.030000116676092148,0.30000001192092896
-516714281276336589,1.1200000047683716,0.5518577694892883,2.3930652141571045,0.14472171664237976,1.2120931148529053
-515426950276336134,0.5799999833106995,0.07501634955406189,1.9142693281173706,0.805737316608429,0.30820390582084656
-515293483276335668,0.8600000143051147,0.0024546198546886444,2.345153570175171,0.030009672045707703,0.8358825445175171
-518140979276333325,2.200000047683716,0.2698732316493988,2.2429070472717285,0.7889873385429382,0.579405665397644
-514248358276329922,1.600000023841858,0.14399082958698273,2.280893564224243,0.3998872637748718,0.5297213196754456
-516322746276330829,1.0299999713897705,0.2683827579021454,2.94705867767334,0.4471994936466217,4.402270793914795
-514165323276327755,2.1600000858306885,0.19326873123645782,2.818096399307251,0.07088788598775864,5.283725261688232
-516617271276328939,2.259999990463257,0.2919819951057434,2.36857533454895,0.34847354888916016,0.4548247158527374
-515924939276324389,0.9399999976158142,0.2554582953453064,2.4466474056243896,0.2528134882450104,2.440890073776245
-516218226276325053,1.0700000524520874,3.6093170642852783,1.946652889251709,0.4503348767757416,2.2723639011383057
-517025305276322715,3.109999895095825,0.41701024770736694,2.1134698390960693,0.2782541811466217,0.3583541810512543
-513741725276313269,0.6499999761581421,0.20275606215000153,2.242849349975586,0.5311052799224854,0.5439579486846924
-516493081276314995,1.4500000476837158,0.12674522399902344,2.748188018798828,0.7018919587135315,2.0227270126342773
-518628499276311853,1.649999976158142,0.3202802240848541,2.4611380100250244,0.06430786848068237,0.32904067635536194
-516459954276313149,0.7699999809265137,0.11103665083646774,2.3002638816833496,0.6967163681983948,5.499999046325684
-515080878276309202,0.7699999809265137,0.2576962411403656,2.434410572052002,0.6272295713424683,0.8665130734443665
-513653285276302431,1.9299999475479126,0.20741914212703705,2.708144426345825,0.6832498908042908,1.3988721370697021
-513470364276301021,1.600000023841858,0.20743079483509064,2.6667308807373047,0.4643959701061249,1.1893073320388794
-514396060276301586,0.5,0.20914261043071747,2.5739450454711914,0.8405325412750244,1.7662794589996338
-517345565276300764,2.2799999713897705,0.12601159512996674,2.3806955814361572,0.4721205234527588,5.486983299255371
-514169859276299650,0.4000000059604645,0.4321948289871216,2.518127918243408,0.1638997495174408,0.49058037996292114
-516256112276300331,1.3799999952316284,0.2295903116464615,2.923768997192383,0.8279633522033691,2.8133485317230225
-517576488276298809,0.7599999904632568,0.3309589624404907,2.4026594161987305,0.3666377365589142,0.3000005781650543
-515894122276298000,1.3300000429153442,0.1904943585395813,2.709754228591919,0.8575159907341003,2.31990647315979
-517957035276291610,2.5299999713897705,0.11621575057506561,1.7827037572860718,0.030000001192092896,0.5488340258598328
-516405591276290765,0.9800000190734863,0.21732911467552185,2.5548932552337646,0.5556907653808594,1.1500197649002075
-514581454276288771,1.7999999523162842,0.4619588851928711,2.2588584423065186,0.766120195388794,1.2190693616867065
-514946145276288451,1.0,0.149618461728096,2.4850285053253174,0.3315609097480774,1.1326333284378052
-516137578276288975,1.7200000286102295,0.06686625629663467,2.5495755672454834,0.5892670750617981,0.39146164059638977
-514087222276285215,0.5199999809265137,0.17635221779346466,2.556901693344116,0.7653430700302124,1.5306233167648315
-514613701276279630,2.309999942779541,0.30174171924591064,2.405855417251587,0.22891978919506073,0.30000001192092896
-515276863276280142,1.8300000429153442,0.24584580957889557,2.0738723278045654,0.28099119663238525,0.3001062572002411
-515518741276273796,1.600000023841858,0.17174111306667328,2.390547752380371,0.3869018852710724,0.6449763774871826
-518564344276270948,3.9700000286102295,0.32310256361961365,2.610738754272461,0.6235319972038269,2.457709550857544
-517248067276267188,1.0800000429153442,0.27806606888771057,2.1159558296203613,0.6062904000282288,0.30023136734962463
-517672612276262902,1.440000057220459,0.40326976776123047,2.469602584838867,0.35785481333732605,4.556804180145264
-513826318276261163,3.5799999237060547,0.21251392364501953,2.4759018421173096,0.6823095679283142,1.159806489944458
-518305644276261658,0.30000001192092896,0.0018644131487235427,2.1780219078063965,0.9999839663505554,5.5
-516487809276258321,2.0799999237060547,0.04092235863208771,2.1743102073669434,0.030016165226697922,5.459336280822754
-513690884276254201,1.340000033378601,0.3621028959751129,2.3570730686187744,0.1896452009677887,1.0750335454940796
-516513739276252976,1.8200000524520874,0.5716919302940369,1.5061802864074707,0.32843348383903503,0.3000144958496094
-513735920276238554,0.4399999976158142,0.37624993920326233,2.4006199836730957,0.27821362018585205,0.31519126892089844
-514161877276235439,1.2799999713897705,0.6691776514053345,2.2929325103759766,0.8100268244743347,0.5262728929519653
-516868045276233679,2.619999885559082,0.24918413162231445,1.8125487565994263,0.698904812335968,0.3000022768974304
-515153059276233166,2.490000009536743,0.09551569074392319,1.911136269569397,0.6325313448905945,0.30000051856040955
-515054215276230959,1.75,0.30284062027931213,2.01806640625,0.2607702910900116,0.30000001192092896
-516548524276227190,2.109999895095825,0.24657298624515533,2.2199478149414062,0.2976365387439728,0.960955023765564
-516113425276225018,1.899999976158142,0.22593192756175995,2.296854257583618,0.44519877433776855,1.0929502248764038
-515481099276218390,2.309999942779541,0.5855477452278137,2.798377275466919,0.23597121238708496,1.5000858306884766
-516866731276213443,2.609999895095825,1.303184986114502,2.0991787910461426,0.24225273728370667,1.6916030645370483
-516674031276209573,1.3600000143051147,0.3416482210159302,2.4008564949035645,0.4554694592952728,0.847297728061676
-518734073276207131,2.5999999046325684,0.19739803671836853,2.5233936309814453,0.2862572968006134,0.6899583339691162
-514022894276200714,0.23000000417232513,0.5048385858535767,3.1151843070983887,0.847906231880188,1.7953063249588013
-515287827276206255,0.46000000834465027,1.0772981643676758,2.3552703857421875,0.22162725031375885,0.4325394630432129
-515271322276200302,2.2799999713897705,0.2719830274581909,2.2340011596679688,0.03031829372048378,0.9892950057983398
-515092849276199620,1.0700000524520874,0.07743072509765625,2.364252805709839,0.25441664457321167,0.31159424781799316
-517647557276199315,1.5099999904632568,0.31537532806396484,2.41265869140625,0.18695543706417084,0.802054762840271
-513659029276194003,1.0,0.19670216739177704,2.0587286949157715,0.18754686415195465,0.3018915355205536
-517029986276187444,0.9399999976158142,0.2576092481613159,2.3436267375946045,0.5467243194580078,1.022172451019287
-514462381276187296,1.1799999475479126,3.9698493480682373,2.1590168476104736,0.9978000521659851,5.350451946258545
-517809348276183395,3.5,0.11482357978820801,1.8304197788238525,0.34522706270217896,0.3000267744064331
-518836981276179054,1.350000023841858,0.42971640825271606,1.9002114534378052,0.4344145953655243,0.3000004291534424
-514414388276181861,1.4299999475479126,0.1729496866464615,2.041105031967163,0.5191580653190613,0.30000004172325134
-518286850276179206,2.4800000190734863,0.09816494584083557,2.202873945236206,0.7299008965492249,0.30034205317497253
-515382391276179967,1.2100000381469727,0.2792598605155945,2.399961233139038,0.17600862681865692,1.4661942720413208
-516464218276170816,0.7799999713897705,0.2966838777065277,2.907592535018921,0.7464966773986816,0.9579949378967285
-517793338276175820,2.509999990463257,0.07985034584999084,1.897545576095581,0.057073306292295456,2.9307069778442383
-515589444276169886,0.3100000023841858,0.48769253492355347,2.638911247253418,0.23090752959251404,0.9949547052383423
-518675251276166576,2.1500000953674316,0.4052204489707947,2.1651763916015625,0.34149232506752014,0.7824949026107788
-515202914276165909,1.3700000047683716,0.1679612398147583,2.01678729057312,0.9154504537582397,0.3017681837081909
-515306023276163827,1.7899999618530273,0.5118727684020996,1.884382724761963,0.4533507525920868,0.30000007152557373
-518466440276159421,1.6399999856948853,0.1704573929309845,2.2915847301483154,0.46993058919906616,1.601235032081604
-513685070276157364,1.6399999856948853,0.5408867001533508,2.1108202934265137,0.15353050827980042,0.30000513792037964
-513870847276155321,1.7799999713897705,0.0029143516439944506,2.38092041015625,0.07942763715982437,0.7095741629600525
-517835904276155665,0.49000000953674316,0.4852980375289917,2.5641610622406006,0.6929945349693298,1.416013479232788
-518480476276150748,2.6700000762939453,0.12318430095911026,2.2014169692993164,0.16572082042694092,0.3016451895236969
-517094838276146231,0.7300000190734863,0.15131202340126038,2.5766470432281494,0.4144822657108307,1.8382774591445923
-517890794276144415,0.7099999785423279,0.6048442125320435,2.566779851913452,0.6610466837882996,0.6420073509216309
-513628120276142667,3.140000104904175,0.35548585653305054,2.381884813308716,0.5256167054176331,5.498485565185547
-513918540276139653,1.1100000143051147,0.5095096230506897,3.4270129203796387,0.788698136806488,3.994218111038208
-515837554276138794,1.2300000190734863,0.1624535620212555,2.2620251178741455,0.6458688974380493,1.2814292907714844
-514969183276136323,2.190000057220459,0.8695005178451538,2.1562283039093018,0.14456263184547424,0.30000004172325134
-513952592276132805,2.1700000762939453,0.2726592421531677,1.8905694484710693,0.8048161864280701,0.3000280261039734
-516078199276133943,1.5299999713897705,0.15327928960323334,2.583810567855835,0.8292872309684753,4.531895160675049
-516200740276130539,0.9599999785423279,8.68565845489502,2.6661455631256104,0.8203270435333252,3.973314046859741
-518561277276123260,1.4500000476837158,0.2941861152648926,2.0299408435821533,0.34882786870002747,0.9732543230056763
-516076172276124798,1.5,0.10190392285585403,2.409698486328125,0.722989022731781,2.2686522006988525
-516872944276118595,1.840000033378601,0.3991117775440216,2.2194900512695312,0.8904179334640503,0.6141595244407654
-517034216276117410,0.30000001192092896,0.004268903285264969,3.6630640029907227,0.03193598613142967,0.4559692144393921
-513647567276113196,1.409999966621399,0.5207570195198059,2.399240016937256,0.7688822150230408,0.7600357532501221
-517424594276114153,0.6499999761581421,0.2122073471546173,2.6056597232818604,0.4175572395324707,1.0109237432479858
-517539601276112989,2.4700000286102295,0.19733980298042297,2.212804079055786,0.3610842823982239,1.8237249851226807
-517367384276104628,1.5,0.05768098309636116,1.5397475957870483,0.9998862147331238,0.3000251352787018
-515708867276103138,1.0199999809265137,0.1489238440990448,2.792907953262329,0.7437781095504761,1.8817100524902344
-517068113276098805,0.2800000011920929,0.3828267753124237,2.7987654209136963,0.5546455383300781,1.175041913986206
-516820606276098501,1.190000057220459,0.18496575951576233,2.2414791584014893,0.5431219935417175,0.6782554388046265
-513554750276095244,0.8399999737739563,0.9673462510108948,2.567793846130371,0.4446555972099304,0.6921056509017944
-516877349276091496,1.590000033378601,0.13970810174942017,2.556680202484131,0.5587213635444641,0.7336605787277222
-517115252276086465,3.569999933242798,0.3990621268749237,2.410111665725708,0.2264936864376068,0.5876447558403015
-514186501276080136,0.6299999952316284,0.21025024354457855,2.447066307067871,0.3321407735347748,0.8926476240158081
-517821012276080705,2.190000057220459,0.5421919822692871,1.857818365097046,0.40199407935142517,0.3000001013278961
-515102606276079097,1.1799999475479126,0.5747290253639221,2.4621834754943848,0.1590472310781479,0.34648868441581726
-514385594276077952,0.800000011920929,0.4673214554786682,2.444182872772217,0.6436917781829834,0.545282781124115
-516774247276078594,1.940000057220459,0.26740434765815735,2.247488260269165,0.29043784737586975,0.7182897329330444
-513884219276075209,0.6299999952316284,0.31803151965141296,2.548882484436035,0.04067384451627731,0.3000352084636688
-519070078276074783,0.8899999856948853,0.7569241523742676,2.0658860206604004,0.3406573235988617,1.8004456758499146
-514921616276075520,2.640000104904175,0.2196970134973526,2.0928101539611816,0.2262720912694931,0.30003488063812256
-517020391276072024,0.9900000095367432,0.47944119572639465,2.608403444290161,0.39304330945014954,0.5220250487327576
-515886201276067502,3.640000104904175,0.1244233027100563,2.571728229522705,0.83708256483078,5.499215126037598
-514843675276063719,3.3299999237060547,10.888359069824219,2.388766050338745,0.39853739738464355,3.425116539001465
-516041823276064789,1.440000057220459,0.1403988152742386,2.525045871734619,0.8388225436210632,0.30008986592292786
-516797699276063633,1.5199999809265137,0.2722768187522888,2.111976385116577,0.6221534013748169,0.30000001192092896
-514756832276062229,0.8700000047683716,0.26703035831451416,2.2502830028533936,0.6083543300628662,1.116111397743225
-513695857276055980,2.3399999141693115,0.35183268785476685,2.4132814407348633,0.32863131165504456,2.9234936237335205
-515663263276059834,2.6500000953674316,0.09714492410421371,2.070371627807617,0.5382658839225769,0.514638364315033
-517448921276057717,1.159999966621399,1.3188402652740479,2.381300210952759,0.2457105666399002,5.499858379364014
-518472570276056129,2.450000047683716,0.10379946976900101,2.1363141536712646,0.3715153932571411,0.39874526858329773
-516237083276058711,0.28999999165534973,0.9549360275268555,2.0886027812957764,0.47671493887901306,0.45347797870635986
-519004173276054571,1.8700000047683716,0.4663693904876709,1.8691718578338623,0.6784583330154419,0.30000048875808716
-519061764276052283,1.6100000143051147,0.33922135829925537,2.225435256958008,0.4963485896587372,0.30001744627952576
-514681020276052629,2.4600000381469727,0.21444740891456604,2.172214984893799,0.30680370330810547,0.9411345720291138
-517184026276052880,0.4699999988079071,0.5242664217948914,2.640467405319214,0.22263707220554352,1.0842827558517456
-517147026276047509,1.7100000381469727,0.2384163737297058,2.2983639240264893,0.18091446161270142,1.1706633567810059
-515418422276043242,1.9600000381469727,0.2976424992084503,1.8551230430603027,0.26981768012046814,0.30000656843185425
-513836465276040495,0.33000001311302185,0.5629547834396362,2.7553884983062744,0.3059210479259491,0.7280259132385254
-515439790276038762,1.8200000524520874,0.44934260845184326,2.26023530960083,0.22054967284202576,2.571742534637451
-514343096276035288,1.5199999809265137,0.9661033153533936,1.6311891078948975,0.313021183013916,0.3000028431415558
-515751713276033918,2.180000066757202,0.1844971626996994,2.823057174682617,0.5304672122001648,1.6698766946792603
-515549292276026233,2.059999942779541,0.27723565697669983,2.1191177368164062,0.48480674624443054,0.3000127375125885
-515562275276025215,4.070000171661377,0.6285821795463562,2.562161922454834,0.3898751735687256,0.8584138751029968
-514437513276020748,1.1200000047683716,0.22815796732902527,2.780553102493286,0.44360849261283875,1.154427409172058
-517150505276023349,1.690000057220459,0.1259537637233734,2.3346095085144043,0.20661258697509766,0.3004806339740753
-517860199276021231,2.1600000858306885,0.17546509206295013,1.9463468790054321,0.6489779949188232,0.3120310306549072
-514388831276016736,2.390000104904175,0.3203308582305908,2.035417079925537,0.3479307293891907,0.5157729387283325
-515193250276014935,4.349999904632568,0.18776534497737885,2.1618077754974365,0.20790794491767883,0.35656970739364624
-516775068276014527,1.5700000524520874,0.1616053432226181,2.5845658779144287,0.4763610064983368,1.474711298942566
-517216760276010432,0.6700000166893005,0.0625312328338623,2.297008514404297,0.999763011932373,0.3776242434978485
-516953528276008126,1.2999999523162842,0.11901701986789703,2.0677649974823,0.030694015324115753,1.319848895072937
-515211281276007685,1.0099999904632568,0.15759272873401642,2.595747947692871,0.3231733739376068,0.6707006692886353
-515969787276007744,0.47999998927116394,0.10094700008630753,2.542912244796753,0.7993289232254028,2.1863749027252197
-515127401276006613,2.7200000286102295,0.303861141204834,2.154564619064331,0.3622616231441498,1.49351966381073
-517217126276003129,1.149999976158142,0.10100097209215164,2.294398307800293,0.6221834421157837,1.0984466075897217
-516135249276003195,0.25999999046325684,0.2836379408836365,3.064828634262085,0.7333743572235107,1.837571620941162
-517553877275999582,0.4099999964237213,0.0012984145432710648,1.8913129568099976,0.1129818856716156,5.496826648712158
-514700966275994567,2.940000057220459,0.06854791939258575,1.7499454021453857,0.5182546973228455,2.087493896484375
-517720699275993756,1.3799999952316284,0.2336471676826477,2.1463229656219482,0.5764452815055847,0.3000003397464752
-514633546275992057,1.7100000381469727,0.05020616576075554,2.2512547969818115,0.7641381621360779,0.38740262389183044
-517048560275984894,0.5299999713897705,0.0018584619974717498,2.0542478561401367,0.16175122559070587,5.4999189376831055
-513879244275976731,0.7099999785423279,0.08405580371618271,2.7423455715179443,0.426111102104187,2.4636926651000977
-515329331275972298,0.47999998927116394,0.002391674555838108,2.0585765838623047,0.9778528809547424,5.490087032318115
-515141438275978252,5.179999828338623,4.0036468505859375,1.9830944538116455,0.2264200896024704,1.0131477117538452
-515147642275969613,0.3700000047683716,0.00274088978767395,2.6035451889038086,0.029999999329447746,5.5
-514961058275969065,2.6700000762939453,0.5731493234634399,2.2771894931793213,0.32903119921684265,0.30000001192092896
-517414575275969046,1.1399999856948853,0.5207722187042236,2.3772261142730713,0.8620209693908691,0.6525865197181702
-516493475275965894,0.47999998927116394,0.0013258494436740875,1.848299503326416,0.030853942036628723,5.498819351196289
-513658896275959917,2.0999999046325684,0.14493133127689362,2.1583290100097656,0.5892773866653442,1.411344051361084
-516751999275960715,0.699999988079071,0.7288700938224792,2.530268669128418,0.6933727860450745,1.2943791151046753
-515627596275955329,1.25,0.17991609871387482,3.018758773803711,0.47452566027641296,0.8686462640762329
-516412767275953525,1.7699999809265137,0.1978030651807785,2.6053361892700195,0.17230260372161865,0.38304662704467773
-516965186275951802,3.190000057220459,0.05810059607028961,2.2478578090667725,0.05706633999943733,5.443048477172852
-516220222275951165,1.100000023841858,0.5423442125320435,2.0282232761383057,0.35530656576156616,0.30000507831573486
-518472399275948635,0.8500000238418579,0.297038197517395,2.278385877609253,0.5865556597709656,3.906749963760376
-517911821275946779,2.5299999713897705,0.0852741152048111,1.9927778244018555,0.4162079095840454,5.499996662139893
-516723106275945652,0.41999998688697815,0.9510424733161926,2.6892905235290527,0.2429538518190384,1.3083958625793457
-517465690275941936,2.140000104904175,0.4115128219127655,2.2849690914154053,0.7502835392951965,0.6615706086158752
-517814992275940883,3.3399999141693115,1.064896821975708,1.7208733558654785,0.5525899529457092,1.799673080444336
-514673653275940682,NaN,0.263002872467041,4.15883207321167,0.9253742694854736,3.985954523086548
-517978302275937291,0.9700000286102295,0.9450545907020569,2.42032527923584,0.17365823686122894,1.1278718709945679
-513550606275933950,3.2300000190734863,0.5600093007087708,2.034879446029663,0.41242411732673645,0.7823008894920349
-514209296275933751,0.1899999976158142,1.4074534177780151,2.2452480792999268,0.376392126083374,0.43491676449775696
-514633729275930383,0.5699999928474426,0.8963539004325867,2.6926825046539307,0.6096842288970947,0.9075930714607239
-516313739275930395,3.7899999618530273,0.3707136809825897,2.684662342071533,0.710563063621521,1.748916745185852
-516645206275919312,0.7699999809265137,0.2081829458475113,2.778333902359009,0.4639304578304291,0.9575886726379395
-513705371275915927,1.0299999713897705,0.3159765601158142,1.9917584657669067,0.3873402774333954,0.5902003645896912
-516578520275914790,0.9700000286102295,0.2415892779827118,2.363978385925293,0.22459380328655243,0.3000154197216034
-518044818275915505,2.049999952316284,0.2673199772834778,1.9208180904388428,0.2286081314086914,0.3001694083213806
-516476441275913744,0.9900000095367432,0.22366946935653687,2.432258367538452,0.5521583557128906,0.7384889721870422
-519021960275909343,2.259999990463257,0.22866623103618622,2.3004512786865234,0.9055668115615845,0.75625079870224
-517577388275909517,0.27000001072883606,2.234280586242676,2.969250202178955,0.6684063076972961,1.2359505891799927
-514917270275906825,0.5299999713897705,0.1530197113752365,2.450507402420044,0.8798037767410278,0.7977063655853271
-517938600275903637,2.6700000762939453,0.10581465065479279,1.9495329856872559,0.4793902337551117,0.7088035941123962
-515596783275902070,1.6399999856948853,0.12206242978572845,2.162870407104492,0.030003543943166733,0.841680645942688
-514505270275900692,0.8999999761581421,0.5662330389022827,2.6321640014648438,0.5264929533004761,1.2997099161148071
-515512283275897067,0.9599999785423279,0.6414197683334351,2.813727378845215,0.484781414270401,2.832195997238159
-515668016275896477,1.4600000381469727,0.05603155493736267,2.0417864322662354,0.03970631957054138,3.291931390762329
-514030720275891653,1.2999999523162842,0.34993767738342285,2.783066749572754,0.27516108751296997,0.8992771506309509
-518449559275891776,0.18000000715255737,1.0962810516357422,2.3031821250915527,0.5937473177909851,0.6478887796401978
-517956972275887781,2.690000057220459,0.21008425951004028,1.9920942783355713,0.754297137260437,0.3000011146068573
-516734674275886350,1.0700000524520874,0.15133148431777954,2.1484875679016113,0.4730876684188843,0.38942521810531616
-517704258275885365,3.2300000190734863,0.3455003798007965,2.7665746212005615,0.42572006583213806,0.7819690108299255
-517029290275885654,3.440000057220459,0.3558981120586395,2.448089599609375,0.030129844322800636,1.7984288930892944
-517438053275885342,1.5299999713897705,0.9333531856536865,2.616055727005005,0.1694639027118683,5.393279552459717
-517581379275876391,3.180000066757202,0.1497257500886917,2.6336328983306885,0.09439000487327576,1.1248465776443481
-514167346275873801,1.559999942779541,0.24283042550086975,2.4894309043884277,0.6678635478019714,1.0516293048858643
-518983779275868411,0.1599999964237213,1.1382057666778564,3.0880191326141357,0.24279025197029114,1.1042863130569458
-517674880275869273,1.590000033378601,0.06714742630720139,2.051011323928833,0.7114965319633484,5.49976921081543
-513600514275860898,1.75,0.12387065589427948,2.4066755771636963,0.2305728644132614,0.701102077960968
-518402759275858987,0.46000000834465027,0.5918660163879395,2.3370473384857178,0.6855190992355347,0.7201446890830994
-514789993275859461,0.8799999952316284,0.17565424740314484,2.2594659328460693,0.9001392126083374,0.8582117557525635
-514651352275858021,2.4600000381469727,0.5031077265739441,1.9233795404434204,0.2944023609161377,0.30000078678131104
-514592061275856834,1.4900000095367432,0.5118387341499329,2.170654773712158,0.18158605694770813,1.37330162525177
-516721516275856185,1.3600000143051147,0.05416825786232948,2.179370641708374,0.880334198474884,2.5007519721984863
-516628428275851237,0.17000000178813934,1.178300142288208,2.0230093002319336,0.3224492073059082,0.9895462989807129
-513725817275853259,2.8299999237060547,0.15509282052516937,2.5127317905426025,0.41721925139427185,3.6187922954559326
-518105836275853061,0.8700000047683716,0.21119767427444458,2.092939615249634,0.25563499331474304,0.388762891292572
-514723617275851777,1.2400000095367432,0.5250986218452454,2.466984748840332,0.5245162844657898,0.9559953212738037
-515160118275847123,0.33000001311302185,0.8900619149208069,2.4423422813415527,0.5093361735343933,1.5529727935791016
-514011550275842931,4.5,0.2200309783220291,1.9001197814941406,0.6243860125541687,0.3000028133392334
-517682859275842030,1.4800000190734863,0.11773648113012314,2.4631972312927246,0.5929529070854187,0.7480543255805969
-517231607275842127,1.2599999904632568,0.15138499438762665,2.4378795623779297,0.9999818205833435,0.47532346844673157
-517172211275841550,2.390000104904175,0.4629781246185303,1.7363967895507812,0.47209063172340393,0.3000057339668274
-515608319275841805,1.5499999523162842,0.3440556526184082,2.8497302532196045,0.19125403463840485,1.1447504758834839
-516410256275837642,1.4800000190734863,0.41409507393836975,1.889665961265564,0.604121744632721,0.30000001192092896
-514352461275835598,2.7300000190734863,0.7639521360397339,2.4767606258392334,0.1816018670797348,1.9605727195739746
-514635805275835378,1.059999942779541,0.30261749029159546,2.1948423385620117,0.5272181630134583,0.661616861820221
-514385327275828600,2.2100000381469727,0.18072591722011566,2.3760807514190674,0.758736252784729,1.6529228687286377
-515939747275823485,1.090000033378601,0.11021635681390762,1.9675300121307373,0.0336700901389122,0.6040112376213074
-515214694275823105,1.2200000286102295,0.104781374335289,2.5852890014648438,0.4648987948894501,2.3329412937164307
-516598822275822572,1.659999966621399,0.369706392288208,2.025402307510376,0.43775588274002075,0.3000040650367737
-516172792275818274,1.5700000524520874,0.19483590126037598,2.328640937805176,0.3388506770133972,1.1361743211746216
-518939973275813658,0.6899999976158142,0.008460508659482002,2.261162042617798,0.9910632371902466,5.2875847816467285
-513632542275814685,1.9199999570846558,0.828711748123169,2.7634241580963135,0.3450363576412201,1.5058114528656006
-514402696275808851,1.8600000143051147,0.2508561313152313,1.6125178337097168,0.03121330589056015,4.914642810821533
-516922589275808032,1.190000057220459,0.42278993129730225,2.258106231689453,0.4946618378162384,0.6350746750831604
-515956773275807912,1.2599999904632568,0.09223639219999313,2.125796318054199,0.519262433052063,0.3000001907348633
-513488733275804332,1.0800000429153442,0.25881054997444153,2.548333168029785,0.5420587062835693,0.7118955850601196
-517484300275802337,1.4299999475479126,0.47455504536628723,2.171208381652832,0.4313296377658844,0.3664398491382599
-515109278275801914,1.4700000286102295,0.6253982186317444,2.095993995666504,0.4811406135559082,0.42897894978523254
-515683501275799093,3.4100000858306885,0.3328641355037689,2.4284517765045166,0.5909863114356995,1.0312614440917969
-515862628275800446,1.309999942779541,0.18760837614536285,2.2163631916046143,0.4315015375614166,2.2260780334472656
-515776334275787084,2.9800000190734863,0.14026209712028503,2.7340774536132812,0.21213486790657043,4.779499530792236
-515289712275785365,1.2999999523162842,0.16819430887699127,2.4153850078582764,0.5664315223693848,0.7658361792564392
-515122211275784832,1.7400000095367432,0.660398006439209,2.113426923751831,0.46194443106651306,1.229885458946228
-513556769275777547,1.3300000429153442,0.1640090048313141,2.792459011077881,0.6356489658355713,4.453908920288086
-513958670275777571,0.7599999904632568,0.3576692044734955,2.4040615558624268,0.5804281830787659,0.6369383335113525
-513625594275774308,3.799999952316284,0.1075781062245369,1.9589024782180786,0.03019748628139496,1.0461947917938232
-513911490275774444,1.159999966621399,0.42667022347450256,2.00014066696167,0.8994414210319519,0.3701513409614563
-515136530275771152,2.859999895095825,0.26306796073913574,1.88853120803833,0.4617688059806824,0.3715195655822754
-515410055275757589,1.4299999475479126,0.2119460552930832,2.271360397338867,0.3034834563732147,1.4378662109375
-517695245275755830,2.190000057220459,0.18835383653640747,2.1807072162628174,0.09879717230796814,0.30027714371681213
-517580467275752676,0.5400000214576721,0.036745037883520126,2.3741087913513184,0.9656959176063538,0.30001458525657654
-515132689275750704,3.4200000762939453,0.10014858841896057,2.5949082374572754,0.5632439255714417,2.087848663330078
-517020229275747822,1.399999976158142,0.33960074186325073,2.3004982471466064,0.21216340363025665,0.3685770034790039
-513741460275745657,0.18000000715255737,0.3593828082084656,3.104144334793091,0.7446208000183105,2.9590649604797363
-516443972275745504,1.899999976158142,0.11116719245910645,1.7744349241256714,0.6441430449485779,0.3002417981624603
-513581555275742921,0.7799999713897705,0.31781795620918274,3.198204517364502,0.5655984282493591,2.779327630996704
-514347284275742433,0.8799999952316284,0.228449285030365,3.0099823474884033,0.37205180525779724,2.968857526779175
-513922475275741660,0.5400000214576721,0.6065780520439148,2.889045000076294,0.0826553925871849,0.7997921109199524
-514038717275736583,0.8799999952316284,0.3981986343860626,2.419482469558716,0.4496837258338928,1.203597068786621
-515495091275737660,0.4099999964237213,0.3606705665588379,2.3527374267578125,0.605343222618103,0.6971267461776733
-515029986275731683,0.4399999976158142,0.8182293176651001,2.495551586151123,0.6068153977394104,0.8932818174362183
-513567522275717469,0.8799999952316284,0.5166805982589722,2.4881327152252197,0.525610089302063,0.5227150321006775
-518242504275721083,3.569999933242798,0.22263917326927185,2.352776527404785,0.3878973424434662,2.513923168182373
-516827385275721003,2.6700000762939453,0.7429242134094238,2.0740277767181396,0.4426248371601105,2.649312973022461
-517095021275720075,0.49000000953674316,0.0025831612292677164,2.3277804851531982,0.9999995231628418,5.107079029083252
-517089933275712585,1.1200000047683716,4.4477033615112305,2.2991771697998047,0.04430501163005829,0.7071912288665771
-515537865275717592,1.4299999475479126,0.3505059778690338,2.455106496810913,0.30811041593551636,1.9469834566116333
-513757360275718062,0.5400000214576721,0.36478349566459656,2.81256365776062,0.6702582836151123,1.796102523803711
-514780663275713644,2.180000066757202,0.4687506854534149,2.4084551334381104,0.40402230620384216,0.41870149970054626
-516707445275713026,1.4299999475479126,0.9268302321434021,2.5665462017059326,0.03828294947743416,1.7564448118209839
-514983693275709771,1.649999976158142,0.17305387556552887,2.1167995929718018,0.7131587266921997,0.3000049591064453
-513992688275706254,0.7699999809265137,0.24191388487815857,2.5142619609832764,0.22861862182617188,0.30006811022758484
-518882026275704762,0.5,0.34611526131629944,2.5030293464660645,0.292233407497406,0.30000555515289307
-513833589275704516,3.759999990463257,0.3415547311306,2.0966639518737793,0.1240834966301918,2.6047191619873047
-514546663275703563,1.1399999856948853,0.4429079592227936,1.9829257726669312,0.17874427139759064,0.9298800826072693
-514991806275703297,1.7599999904632568,0.09242193400859833,1.5971935987472534,0.48636892437934875,0.30000659823417664
-513718495275699249,1.440000057220459,0.002576251747086644,2.1426892280578613,0.03149883821606636,0.31285446882247925
-515872015275701210,3.4600000381469727,0.25130847096443176,2.299037218093872,0.5765518546104431,0.7681592106819153
-518976964275695900,0.6499999761581421,0.22597961127758026,2.9550280570983887,0.3223303556442261,3.3730664253234863
-515428839275697735,0.9800000190734863,0.0038849476259201765,1.8214261531829834,0.5892661809921265,0.3644949197769165
-517973609275696933,0.6299999952316284,0.6363993287086487,3.0161843299865723,0.36525362730026245,1.5804299116134644
-515404775275693039,0.75,0.3101688325405121,1.8256019353866577,0.5931429266929626,0.38877546787261963
-516870378275692391,0.7599999904632568,11.734307289123535,1.8497843742370605,0.5456387400627136,1.4940640926361084
-516022915275688550,1.8300000429153442,0.14930814504623413,2.386406898498535,0.4138363301753998,0.43855419754981995
-518165308275686674,1.4199999570846558,1.1716793775558472,2.0543460845947266,0.378348171710968,1.710936427116394
-516577316275686545,2.7100000381469727,0.1759379804134369,2.639744758605957,0.4208565652370453,1.397524356842041
-517415729275678370,3.319999933242798,0.49450963735580444,2.2514419555664062,0.35634714365005493,0.437246173620224
-515487050275677293,1.409999966621399,0.022768784314393997,2.786621570587158,0.03486256301403046,5.2705559730529785
-514668433275673955,1.7899999618530273,0.29894664883613586,2.7068560123443604,0.5664474368095398,3.7747838497161865
-513702360275669728,1.659999966621399,0.30294689536094666,3.0694386959075928,0.3831740617752075,1.8186075687408447
-518623912275670446,1.3300000429153442,0.4099999666213989,2.5446407794952393,0.848161518573761,1.8659991025924683
-517837358275669010,0.9900000095367432,0.18275687098503113,2.289405345916748,0.8390146493911743,5.3978166580200195
-517704174275667457,1.0499999523162842,0.28903767466545105,2.2787349224090576,0.12617090344429016,0.30001726746559143
-514774249275664110,0.23000000417232513,2.4417197704315186,2.782106876373291,0.13208802044391632,0.8969494700431824
-517068919275659930,1.3799999952316284,0.7346493005752563,2.266840696334839,0.1393989473581314,5.471238136291504
-515798460275661882,0.18000000715255737,0.03877778723835945,2.6820292472839355,0.5568010807037354,5.494540691375732
-517514287275657569,0.25999999046325684,0.3403868079185486,3.054582118988037,0.4653899371623993,1.462510585784912
-514975299275657286,2.4700000286102295,0.24226337671279907,2.0430843830108643,0.6477779150009155,0.3002624213695526
-516345421275652205,2.359999895095825,0.3330475986003876,2.491021156311035,0.2819967567920685,1.3192970752716064
-517962673275649398,1.8200000524520874,0.4131503701210022,1.9784153699874878,0.5642203092575073,0.3030640184879303
-514952802275648912,2.309999942779541,0.3698062002658844,1.9922077655792236,0.42872390151023865,0.3000026345252991
-516999311275648734,1.090000033378601,0.41655877232551575,2.73245906829834,0.4777749180793762,1.160509705543518
-514536813275646100,2.9000000953674316,0.4864717423915863,2.344400405883789,0.16642770171165466,0.30008408427238464
-516174565275644137,0.8500000238418579,0.7260299324989319,2.614845037460327,0.7889676690101624,2.1099679470062256
-517408616275644377,0.7099999785423279,0.0016571463784202933,2.0779049396514893,0.9998478889465332,5.499789714813232
-517822423275642555,0.8100000023841858,0.41288459300994873,2.6241188049316406,0.732023298740387,1.127221703529358
-515566709275642826,1.940000057220459,2.7438440322875977,2.869112014770508,0.5112429261207581,5.4876837730407715
-514783673275638670,0.9100000262260437,0.18962673842906952,2.4486775398254395,0.38644570112228394,1.01199209690094
-516103095275637562,1.3700000047683716,0.9211165308952332,2.4771533012390137,0.4440654218196869,1.3467016220092773
-516898491275635610,NaN,0.1899278163909912,4.012757778167725,0.9622478485107422,3.114335298538208
-515224974275633284,0.18000000715255737,0.29059192538261414,2.4678151607513428,0.45275986194610596,0.6911786198616028
-518807007275629245,3.359999895095825,0.29311656951904297,1.936579942703247,0.40294185280799866,0.300215482711792
-515486446275629320,0.41999998688697815,0.12217368185520172,2.6391632556915283,0.779278039932251,1.4302479028701782
-517311975275628212,4.360000133514404,0.21725910902023315,2.1572248935699463,0.22895170748233795,0.40016692876815796
-515609836275624516,2.059999942779541,0.9465846419334412,2.5009944438934326,0.3111126720905304,2.6871225833892822
-517270567275622788,0.41999998688697815,0.0014529016334563494,1.819271206855774,0.946953535079956,1.941297173500061
-514864438275623198,0.949999988079071,0.3264317214488983,2.285576820373535,0.6303481459617615,1.3785555362701416
-519029517275619373,3.3299999237060547,0.34500405192375183,2.2365620136260986,0.7863736748695374,0.44905802607536316
-514346593275618071,1.2200000286102295,0.29914823174476624,2.689377546310425,0.2696216404438019,1.271986484527588
-515444444275615183,2.0,0.9132702946662903,2.8819119930267334,0.36139175295829773,5.499917984008789
-515858202275611060,3.700000047683716,0.519580602645874,2.795133590698242,0.4569851756095886,3.1591954231262207
-514720721275603179,1.2400000095367432,0.4708497226238251,2.527642250061035,0.6270825266838074,1.9571607112884521
-517620937275596817,1.2300000190734863,0.0779983177781105,1.9947843551635742,0.4939045011997223,0.3240503966808319
-514222145275592600,2.140000104904175,0.096692755818367,2.374014377593994,0.5211940407752991,0.30001091957092285
-518882780275591085,2.0999999046325684,0.06214756891131401,1.8122683763504028,0.8592490553855896,0.3026309609413147
-517285366275588755,3.450000047683716,0.5177029371261597,2.0129892826080322,0.6116321086883545,0.7204822301864624
-517898761275580535,1.2699999809265137,0.10499218851327896,1.8984665870666504,0.6776652336120605,0.30004584789276123
-516231607275578012,1.9800000190734863,0.46008604764938354,2.6463146209716797,0.32825034856796265,0.9975114464759827
-515178665275572282,3.430000066757202,0.26788949966430664,2.046543598175049,0.2751769721508026,0.3000049293041229
-514141399275567391,0.7300000190734863,0.0019177231006324291,2.236903429031372,0.030001649633049965,5.5
-516405636275568013,3.440000057220459,0.1774080991744995,2.2133893966674805,0.594185471534729,0.42843493819236755
-515102213275558023,1.1200000047683716,0.810305655002594,2.4548327922821045,0.8884028196334839,0.6526537537574768
-515968101275557795,0.8799999952316284,0.38733017444610596,2.6561474800109863,0.3389761447906494,1.4843827486038208
-518206376275556291,1.909999966621399,0.08425787836313248,2.322058916091919,0.03453478962182999,5.097900867462158
-515921944275557478,0.9900000095367432,0.8125238418579102,3.2694666385650635,0.29032325744628906,1.5869743824005127
-516502125275555536,1.809999942779541,0.2473476082086563,2.16965389251709,0.22436542809009552,0.30001387000083923
-516158813275555475,1.3200000524520874,0.2883356511592865,2.249178647994995,0.06395906955003738,0.981462836265564
-517774770275553896,1.5299999713897705,0.34982749819755554,1.7392115592956543,0.9925785064697266,0.3000161647796631
-516195957275553955,2.509999990463257,0.09569311141967773,2.127248525619507,0.43110132217407227,5.4965128898620605
-515804381275549329,1.100000023841858,0.3703407645225525,2.5747230052948,0.17403759062290192,1.4576184749603271
-514534173275547259,4.099999904632568,0.1993308663368225,2.357985019683838,0.1715814620256424,0.8934701681137085
-514673638275547872,1.2000000476837158,0.9236053824424744,2.4015884399414062,0.3477688729763031,0.9576968550682068
-518805893275544937,1.0099999904632568,0.36292675137519836,2.316002130508423,0.33834201097488403,0.5279530882835388
-513572031275543760,1.159999966621399,0.27318504452705383,2.42854905128479,0.21676971018314362,1.6298288106918335
-517678705275543490,2.940000057220459,0.0801766961812973,1.9947317838668823,0.45035508275032043,2.639679431915283
-513932270275541093,2.1600000858306885,0.2017400711774826,2.2415037155151367,0.5239834785461426,0.3418983221054077
-513711549275537153,3.2300000190734863,0.4093129336833954,2.0568618774414062,0.30751946568489075,0.30002281069755554
-518389090275535879,1.2400000095367432,0.23101992905139923,2.4143197536468506,0.3264758884906769,0.8501203060150146
-515782461275535229,1.8700000047683716,0.00273875892162323,2.756560802459717,0.3816848695278168,0.3000001013278961
-514501952275531271,1.7699999809265137,0.3500557541847229,1.9556769132614136,0.2889455556869507,0.30000150203704834
-518807961275528795,1.149999976158142,0.7768025398254395,2.520141363143921,0.13564270734786987,0.30311840772628784
-516906627275528894,0.9900000095367432,0.2996804118156433,2.3874495029449463,0.5249843597412109,0.7564971446990967
-516325636275524229,2.0899999141693115,0.16134552657604218,2.3096964359283447,0.30745288729667664,0.850360095500946
-514775570275518914,1.8700000047683716,0.2146490216255188,2.3323230743408203,0.27556654810905457,0.3001250624656677
-514872229275515977,1.7799999713897705,0.21238695085048676,2.3919739723205566,0.35023248195648193,1.2089322805404663
-517716241275514248,2.2200000286102295,0.5093487501144409,2.858396530151367,0.27735838294029236,1.3149031400680542
-518632941275509821,0.27000001072883606,0.5923229455947876,2.3574447631835938,0.26348787546157837,0.3006826341152191
-517889699275511623,4.059999942779541,0.31025341153144836,2.5667266845703125,0.39508822560310364,0.9087724685668945
-516196100275511160,1.559999942779541,0.21732017397880554,2.5506677627563477,0.24839338660240173,0.6752021312713623
-516870017275510881,0.46000000834465027,0.3298000991344452,2.0434505939483643,0.8706218004226685,0.30000007152557373
-513658877275505770,0.5299999713897705,0.3595355451107025,3.185228109359741,0.47687602043151855,5.499927043914795
-514604271275506749,1.340000033378601,0.1630556583404541,2.485440254211426,0.11520181596279144,0.37752407789230347
-515227085275501539,1.4299999475479126,0.1606445014476776,1.7934327125549316,0.5123962163925171,0.30013608932495117
-514897849275501855,2.0799999237060547,0.11639393121004105,2.241804599761963,0.2619449198246002,1.2097548246383667
-515493767275502347,1.590000033378601,0.7343172430992126,2.5440940856933594,0.2730847895145416,3.848517656326294
-518259560275500763,1.6200000047683716,0.25517985224723816,2.043050527572632,0.3418768346309662,0.30000001192092896
-516276309275501132,0.8500000238418579,0.307843953371048,2.6821746826171875,0.17799808084964752,0.6984955668449402
-515347589275511745,0.5199999809265137,3.104170799255371,3.040740489959717,0.4178687632083893,4.143060207366943
-518574695275498571,0.7099999785423279,0.0015677708433941007,2.114896297454834,0.3358367681503296,5.4999260902404785
-516090965275500080,1.2200000286102295,0.22486796975135803,2.3772804737091064,0.5002906918525696,0.300009548664093
-516935536275497630,0.5199999809265137,0.5456811189651489,2.800738573074341,0.2738989591598511,1.6959079504013062
-516221561275497751,2.1500000953674316,0.3374375104904175,2.285691738128662,0.3440057635307312,0.49580517411231995
-517969915275496579,2.359999895095825,0.23717239499092102,2.3769655227661133,0.39927878975868225,1.2755948305130005
-515391025275495292,3.309999942779541,0.19692815840244293,1.9743939638137817,0.23415693640708923,5.480652809143066
-516396685275494684,0.4000000059604645,0.1616773158311844,2.9971370697021484,0.4201788902282715,2.2809953689575195
-513758282275488294,0.23000000417232513,0.30559226870536804,2.4345271587371826,0.8373839259147644,0.32470837235450745
-518632324275490754,2.759999990463257,0.03129881992936134,1.6947537660598755,0.07387230545282364,1.9075379371643066
-516479034275479843,3.140000104904175,0.8128744959831238,2.5101637840270996,0.7039822340011597,1.2278598546981812
-514332026275478107,0.9399999976158142,1.0690886974334717,2.742708683013916,0.17028866708278656,3.5019822120666504
-514915364277506199,2.0299999713897705,0.14666853845119476,2.8172671794891357,0.7248748540878296,2.687094211578369
-517887785277508211,0.5299999713897705,0.2968575656414032,2.9250264167785645,0.5145480632781982,5.499719142913818
-516773641277498175,0.6200000047683716,0.6028438210487366,2.2256901264190674,0.6945064663887024,0.6670328378677368
-518033859277498047,4.440000057220459,5.308553695678711,1.7860406637191772,0.13996291160583496,0.8635233044624329
-515018733277496231,2.1700000762939453,0.07311340421438217,1.9821585416793823,0.5870716571807861,0.9230785369873047
-516608325277490612,1.5399999618530273,0.20536085963249207,2.471879482269287,0.7901585698127747,3.4008076190948486
-518100678277472935,3.8399999141693115,1.2265104055404663,2.1480326652526855,0.03302067890763283,2.5947000980377197
-518106816277470421,3.549999952316284,0.23744086921215057,2.0242373943328857,0.03004489652812481,0.3055787682533264
-514727771277472498,0.8199999928474426,0.3720451295375824,2.5655267238616943,0.6075416207313538,1.424875259399414
-516774943277470207,0.9399999976158142,0.12461210787296295,3.3645966053009033,0.794003963470459,5.499973297119141
-514104616277468066,2.119999885559082,0.15927012264728546,2.4906792640686035,0.37125298380851746,1.2095015048980713
-518495377277462216,2.009999990463257,0.663154125213623,2.5760610103607178,0.526306688785553,1.0837783813476562
-515216630277457630,0.28999999165534973,0.002942514605820179,2.645681858062744,0.030519049614667892,5.4998779296875
-513992774277454556,4.400000095367432,0.0012201920617371798,0.9739556908607483,0.09808634221553802,4.7419586181640625
-513991773277447593,0.8600000143051147,0.2867150604724884,1.7863038778305054,0.5836814641952515,0.3000066876411438
-513993277277446370,0.7799999713897705,0.006812377367168665,2.1047017574310303,0.3774230182170868,1.2246288061141968
-518193545277441552,4.550000190734863,0.0056243035942316055,2.30234956741333,0.1486353576183319,0.3481910228729248
-516817565277441578,1.2400000095367432,0.40190446376800537,2.2411611080169678,0.10265405476093292,2.318026065826416
-518204471277440506,4.690000057220459,0.001414766302332282,1.8322421312332153,0.9290569424629211,0.4696502685546875
-518204631277436124,4.260000228881836,0.2006540596485138,2.155190944671631,0.32513555884361267,0.300112247467041
-516726529277436041,2.3399999141693115,0.2000259906053543,2.1676714420318604,0.3484935760498047,0.3002718687057495
-515039444277435497,1.1699999570846558,0.3482190668582916,1.8254727125167847,0.31316789984703064,0.30010369420051575
-515675185277433642,4.079999923706055,0.33185330033302307,2.145507574081421,0.497936487197876,0.4178621470928192
-518359385277429918,0.6200000047683716,0.19389602541923523,2.2815582752227783,0.5796217322349548,0.3000030219554901
-515733461277429697,1.2799999713897705,0.19396743178367615,2.530667781829834,0.44388458132743835,0.6097819209098816
-514709609277427021,1.2000000476837158,0.18560241162776947,2.622692346572876,0.32454508543014526,1.2891086339950562
-514107776277425350,0.7799999713897705,0.34302958846092224,2.8156003952026367,0.2773972153663635,0.6079858541488647
-516883965277424087,1.5099999904632568,0.46298614144325256,2.2833800315856934,0.4338088929653168,5.496844291687012
-514350369277421256,2.549999952316284,0.20270173251628876,2.5822627544403076,0.030050301924347878,1.6689893007278442
-517816857277416935,1.4900000095367432,0.14735081791877747,2.2519872188568115,0.40864700078964233,0.30112582445144653
-518327947277416776,0.33000001311302185,2.3960118293762207,2.5443532466888428,0.6931700110435486,1.7198758125305176
-515337178277416699,0.9300000071525574,0.27997279167175293,3.3986315727233887,0.48542115092277527,4.877208232879639
-515386095277400350,3.740000009536743,1.722938895225525,1.9636613130569458,0.15516413748264313,1.2626899480819702
-518226487277396925,0.7799999713897705,0.07242367416620255,2.081141948699951,0.6518384218215942,0.8668086528778076
-516187996277396171,2.440000057220459,0.454189270734787,2.2775120735168457,0.3147377669811249,2.0370826721191406
-513490050277390156,0.10999999940395355,0.42394837737083435,3.3255746364593506,0.7558342814445496,2.0923779010772705
-518093125277388408,0.49000000953674316,0.21991994976997375,2.4844932556152344,0.4054456055164337,0.49747011065483093
-515599124277387228,0.6000000238418579,2.885605573654175,3.9743564128875732,0.7597702741622925,2.6852636337280273
-517227608277381875,0.8899999856948853,0.19210873544216156,1.683601975440979,0.03346753120422363,1.859723687171936
-514061910277380777,1.1799999475479126,0.7448215484619141,2.7405924797058105,0.20077478885650635,0.9808828830718994
-514562077277380302,1.3799999952316284,0.09416569769382477,1.7745614051818848,0.05961164832115173,0.3080044388771057
-516286083277377714,0.6200000047683716,0.3379538655281067,1.8838289976119995,0.3180345296859741,0.30000001192092896
-518395281277370547,4.440000057220459,0.6500786542892456,1.8862484693527222,0.7271040081977844,0.30000001192092896
-513521576277367763,1.350000023841858,0.2642233371734619,3.0954883098602295,0.3928678631782532,2.220400810241699
-518050356277368913,0.3799999952316284,0.87065589427948,2.5253353118896484,0.7430585026741028,0.8483085036277771
-518593140277368824,1.309999942779541,1.664017677307129,1.6535229682922363,0.3243768513202667,1.907848596572876
-516641318277363284,3.5399999618530273,0.31381067633628845,2.302837371826172,0.23587411642074585,0.5863545536994934
-518588884277362551,1.3200000524520874,2.277961015701294,1.721501350402832,0.24463358521461487,1.2427858114242554
-516822863277359870,0.6600000262260437,0.4906398057937622,2.5017361640930176,0.4931378960609436,0.6429181694984436
-513496699277353728,0.9300000071525574,0.3723163306713104,2.418689727783203,0.7370167970657349,1.5494307279586792
-515235590277356541,2.950000047683716,0.25970178842544556,2.231912136077881,0.804452657699585,0.5853251814842224
-518977810277346885,3.2200000286102295,0.16015565395355225,2.7594707012176514,0.5282794833183289,1.750998616218567
-518037163277346452,2.0999999046325684,0.3035951852798462,2.376960039138794,0.46082451939582825,0.5170407295227051
-516714212277347172,1.2000000476837158,0.2343905121088028,2.0306007862091064,0.3632228672504425,0.3002825975418091
-515518999277345485,1.0299999713897705,1.3212335109710693,2.2695043087005615,0.9461709260940552,5.497223854064941
-513767057277342967,3.490000009536743,0.4512255787849426,2.425246477127075,0.13731713593006134,0.3000239133834839
-515988332277344016,1.9800000190734863,0.4686182141304016,2.4390242099761963,0.05669046565890312,0.4517076313495636
-517717960277342183,NaN,4.614375114440918,1.7614396810531616,0.5903285145759583,2.829490900039673
-517711179277342198,0.5899999737739563,0.5584301948547363,1.744388222694397,0.11927914619445801,0.30010998249053955
-514482173277342914,1.0499999523162842,0.3059275448322296,2.3528053760528564,0.8013052344322205,1.2686173915863037
-514547430277340637,1.340000033378601,0.10026565939188004,1.7546108961105347,0.20286156237125397,0.3031386733055115
-516451149277336927,3.4200000762939453,0.18583892285823822,2.636526346206665,0.33809611201286316,0.6435326933860779
-514270372277348759,1.190000057220459,2.7096548080444336,2.389500141143799,0.47637468576431274,2.773296356201172
-514289136277333316,1.4500000476837158,0.435578316450119,2.08266544342041,0.5009120106697083,2.4604389667510986
-517266948277331702,0.47999998927116394,0.7059060335159302,2.4633071422576904,0.4342954158782959,0.8034645318984985
-516227915277331650,1.1799999475479126,0.14787697792053223,2.2160675525665283,0.9542008638381958,1.0936245918273926
-517647593277328692,2.190000057220459,0.11998163908720016,2.357243776321411,0.3231338560581207,0.8422194123268127
-519004676277322197,0.5299999713897705,0.2940278947353363,2.6500864028930664,0.5852815508842468,1.3186430931091309
-518589340277315773,3.890000104904175,4.746746063232422,2.280971050262451,0.7003303170204163,1.580515742301941
-515516859277303832,4.699999809265137,0.21407143771648407,2.376307249069214,0.6735438108444214,2.761011838912964
-518877934277294808,2.0799999237060547,0.44479337334632874,2.2948508262634277,0.5841569900512695,0.9143713116645813
-518736207277293592,2.4200000762939453,0.22812989354133606,2.0032875537872314,0.33084890246391296,0.3492448031902313
-515546527277295261,0.6899999976158142,0.9961626529693604,2.423743963241577,0.8738229870796204,1.0915114879608154
-518733920277291332,1.659999966621399,0.6392757892608643,2.31644344329834,0.13411962985992432,1.444095253944397
-515983150277289665,0.6000000238418579,0.0014965904410928488,2.013718843460083,0.15722696483135223,5.499986171722412
-517560200277288173,2.619999885559082,0.7437270283699036,2.794802665710449,0.1529299020767212,5.484985828399658
-514531019277276294,0.8199999928474426,0.4375845491886139,2.174008369445801,0.2706058919429779,1.1015357971191406
-515839452277270462,0.75,0.4861750900745392,2.3190479278564453,0.26674121618270874,0.3024928867816925
-515899811277265047,2.890000104904175,0.20517310500144958,2.038989543914795,0.3882141709327698,0.3000122308731079
-514649914277265721,1.7200000286102295,1.4184904098510742,2.928748607635498,0.4299483001232147,5.482946872711182
-516318478277262716,1.340000033378601,0.1491016298532486,2.5793581008911133,0.2504919469356537,1.0056043863296509
-514964322277259083,3.180000066757202,0.07794663310050964,1.9820504188537598,0.6601073741912842,1.686832070350647
-514652910277255569,2.0999999046325684,0.23848672211170197,2.1632111072540283,0.45527687668800354,0.30003786087036133
-517876298277247788,2.1600000858306885,0.08221571892499924,2.196368455886841,0.4351290166378021,1.1569483280181885
-518845364277245641,1.309999942779541,0.19180721044540405,2.002662181854248,0.7289083003997803,0.300057053565979
-516768651277248282,2.380000114440918,1.80037260055542,2.3296525478363037,0.5123950839042664,5.495510578155518
-515720491277247531,1.2200000286102295,0.29010850191116333,2.767575263977051,0.7783250212669373,1.9086575508117676
-513517917277244498,2.1700000762939453,0.24049389362335205,1.7620245218276978,0.5638351440429688,0.30185168981552124
-518693720277242971,2.5199999809265137,0.007817978970706463,2.53570556640625,0.6559281945228577,0.9280895590782166
-515225244277244728,0.9399999976158142,0.08288448303937912,2.060669422149658,0.3491072654724121,1.0189319849014282
-519033700277239949,1.100000023841858,0.3600209653377533,2.1144373416900635,0.5838606357574463,0.7800328731536865
-515561731277241485,0.699999988079071,0.3189347982406616,2.399388551712036,0.3996742069721222,1.1041892766952515
-515693038277241201,1.4199999570846558,0.19071343541145325,2.5137829780578613,0.6026625633239746,1.2554606199264526
-519050005277237437,2.6500000953674316,0.4748416244983673,2.078453302383423,0.4721755087375641,0.30000001192092896
-518685445277237306,0.7400000095367432,0.17555174231529236,2.595248222351074,0.6082004904747009,0.8168609142303467
-516569337277237648,3.200000047683716,0.00463104760274291,1.4121440649032593,0.9316033124923706,1.0709863901138306
-514301110277231318,0.8600000143051147,0.09052684903144836,3.1405913829803467,0.8383079171180725,3.703425168991089
-514870444277230721,1.6100000143051147,1.5051320791244507,1.9279299974441528,0.1349976807832718,0.3137549161911011
-518709312277228045,2.7799999713897705,0.3545779585838318,2.645282745361328,0.25768592953681946,2.105412244796753
-516750744277229830,2.299999952316284,0.33605483174324036,2.0535385608673096,0.08410850167274475,0.30011114478111267
-516651353277227643,1.2300000190734863,0.07426672428846359,2.959589719772339,0.8097968101501465,5.498575210571289
-518855570277225021,1.4500000476837158,0.42400994896888733,2.345881938934326,0.6102532744407654,1.0781142711639404
-516871330277224862,4.579999923706055,0.38512349128723145,2.6840128898620605,0.5597043037414551,2.7719597816467285
-516669348277217637,2.180000066757202,0.14509093761444092,2.531392812728882,0.3854827284812927,1.9861754179000854
-515357145277217235,0.30000001192092896,0.2553879916667938,2.5100035667419434,0.6641680598258972,0.9167678356170654
-515662225277213566,2.440000057220459,0.10369442403316498,2.837965250015259,0.8311665058135986,1.8575183153152466
-517351193277210167,2.25,0.3925202488899231,2.1855456829071045,0.3735172152519226,0.30327117443084717
-515869286277206376,2.759999990463257,0.23266524076461792,1.9166609048843384,0.3825761377811432,0.3000025153160095
-516269537277205151,0.30000001192092896,0.7635335922241211,2.765326499938965,0.9026359915733337,1.5844658613204956
-518923844277200503,1.940000057220459,0.3783121705055237,2.0925097465515137,0.514735221862793,0.30886203050613403
-517324877277201353,0.5799999833106995,0.28367531299591064,2.178158760070801,0.4801650941371918,0.3342938721179962
-515090516277199563,2.680000066757202,0.18601492047309875,1.8942186832427979,0.03003460355103016,5.490537643432617
-518244538277197840,0.7099999785423279,0.21615172922611237,2.37615704536438,0.3357587456703186,0.41426581144332886
-514415868277193814,1.6699999570846558,0.19167889654636383,2.417536973953247,0.27805572748184204,2.1388492584228516
-514443903277192301,2.619999885559082,0.5039682388305664,1.9001822471618652,0.38754552602767944,0.3000653386116028
-515798744277185556,1.7300000190734863,0.25601500272750854,2.1784634590148926,0.23272249102592468,0.30006304383277893
-516905619277179850,0.9100000262260437,2.962186574935913,2.319936752319336,0.0647813230752945,0.9043497443199158
-518755526277179783,1.059999942779541,0.5209658741950989,2.5130109786987305,0.6904350519180298,0.896832287311554
-517339223277173966,2.640000104904175,0.27044862508773804,1.9815524816513062,0.8358820676803589,0.3000224828720093
-514050276277162179,0.3700000047683716,0.5192219018936157,2.4759891033172607,0.5625276565551758,0.547552764415741
-518890721277160560,3.5199999809265137,0.5062390565872192,2.4327330589294434,0.048577774316072464,0.30000007152557373
-518542016277158872,0.5400000214576721,1.1435595750808716,2.4010391235351562,0.5297425389289856,1.60897958278656
-515844019277158759,3.640000104904175,0.2806243896484375,2.020128011703491,0.6991883516311646,1.020626425743103
-517889568277150614,2.109999895095825,0.0813044011592865,1.9233880043029785,0.15571698546409607,0.34533464908599854
-518207268277148073,1.100000023841858,0.5115830898284912,2.8439249992370605,0.7476217746734619,2.36137318611145
-518494639277144459,2.8499999046325684,0.23145514726638794,2.41068696975708,0.03057190403342247,0.534130871295929
-514380069277141998,1.059999942779541,0.15791654586791992,2.7013368606567383,0.9064720869064331,2.3478662967681885
-515790365277141249,0.7200000286102295,0.19281552731990814,2.444796085357666,0.4208010137081146,0.5989260673522949
-514356842277137177,1.1799999475479126,0.0746942088007927,2.4974186420440674,0.6794982552528381,2.7663626670837402
-514885809277135271,1.4500000476837158,0.8616454601287842,3.4843175411224365,0.8296847939491272,4.81821346282959
-514170889277131686,1.340000033378601,0.5492135882377625,2.1657416820526123,0.22946015000343323,0.6269229650497437
-515569406277132068,2.5299999713897705,0.39520129561424255,1.722825050354004,0.329605370759964,0.30007314682006836
-515022782277127736,1.6299999952316284,0.08485984802246094,2.122903823852539,0.9926223754882812,0.30161187052726746
-514149310277125442,3.0799999237060547,0.23197869956493378,2.2837252616882324,0.7546036839485168,0.5415594577789307
-514202665277121577,1.309999942779541,0.07043641060590744,2.5866777896881104,0.6234060525894165,5.499999523162842
-515729102275477677,1.9900000095367432,1.3185051679611206,1.92155122756958,0.23427218198776245,0.3000068962574005
-515446379275476433,NaN,0.3029053211212158,3.025906801223755,0.4607577323913574,1.3164846897125244
-516246946275474644,2.1500000953674316,0.030472703278064728,1.5861992835998535,0.5908603668212891,0.7844207286834717
-518480674275470494,0.23000000417232513,1.217619776725769,3.5496437549591064,0.5953193306922913,1.7012486457824707
-514385592275464727,1.2000000476837158,0.1640358716249466,2.400542736053467,0.7586413621902466,4.376270771026611
-516941166275464075,1.0800000429153442,0.23700986802577972,1.9938772916793823,0.48941898345947266,0.30028459429740906
-514122419275462252,3.5799999237060547,0.18886998295783997,1.906957983970642,0.6807652115821838,0.3000456690788269
-513769838275458821,1.5099999904632568,0.37848514318466187,2.4102582931518555,0.3627204895019531,1.379777431488037
-514914152275460012,3.390000104904175,0.514922559261322,1.9907492399215698,0.6004654169082642,0.7005168795585632
-515659061275457372,0.6000000238418579,0.16753661632537842,2.2996909618377686,0.3340092599391937,0.30000001192092896
-517054994275452685,1.309999942779541,0.1873655617237091,2.554687261581421,0.3584655225276947,0.9370056986808777
-518757387275449643,1.7200000286102295,0.6073277592658997,2.04201340675354,0.49857109785079956,1.4266808032989502
-518648131275449526,1.2100000381469727,0.3649894893169403,2.3183536529541016,0.28073036670684814,1.3054219484329224
-516963185275449167,1.4500000476837158,0.18198029696941376,2.3818442821502686,0.4483831226825714,0.3653233051300049
-514405430275436793,1.159999966621399,0.7086693048477173,3.8767502307891846,0.9162048101425171,4.188175201416016
-515995857275437130,0.4399999976158142,1.5100669860839844,2.679131031036377,0.4748879075050354,5.488842010498047
-514793143275435886,1.1399999856948853,0.09918458759784698,2.7961268424987793,0.5338487029075623,2.133748769760132
-514330552275431070,0.4099999964237213,0.5032102465629578,2.6266207695007324,0.6521393060684204,1.0163500308990479
-516662036275428989,3.0399999618530273,0.6535946130752563,3.247032880783081,0.6645730137825012,5.499710559844971
-517595951275424082,0.3799999952316284,2.647660732269287,4.723209857940674,0.7020767331123352,5.5
-518694737275420387,1.4600000381469727,0.4225553274154663,2.2847070693969727,0.15907646715641022,0.31817886233329773
-514743675275416398,3.0799999237060547,0.10632655769586563,1.9808616638183594,0.41158822178840637,0.6290599703788757
-514929171275416148,1.7200000286102295,0.41034969687461853,2.669325351715088,0.38090598583221436,1.5065659284591675
-516872850275413411,1.409999966621399,0.32081571221351624,3.387998580932617,0.9999910593032837,0.9975162148475647
-514544313275409366,1.149999976158142,0.08651602268218994,2.615386486053467,0.999735414981842,2.880798101425171
-519025439275404585,2.299999952316284,0.36844581365585327,1.7772934436798096,0.28767600655555725,0.3000023365020752
-516864456275404531,0.5799999833106995,0.5824925899505615,2.257636547088623,0.5017123222351074,0.35953202843666077
-518626194275401287,2.069999933242798,0.12051396816968918,2.429102659225464,0.5718862414360046,1.5986007452011108
-514437735275396536,0.7900000214576721,0.319204717874527,1.749145269393921,0.7520971894264221,0.3001018464565277
-514913211275398868,1.9600000381469727,0.18586277961730957,1.818385362625122,0.7076492309570312,0.3000003695487976
-514869963275396097,2.9600000381469727,1.1087653636932373,2.3060591220855713,0.2673715054988861,4.8804731369018555
-513795830275391121,2.8399999141693115,0.5029879808425903,2.3864965438842773,0.46568363904953003,0.5092063546180725
-518037784275387712,0.9700000286102295,0.39592650532722473,2.344761610031128,0.488013356924057,1.9099071025848389
-516278326275387597,2.4600000381469727,0.2109447419643402,2.4134578704833984,0.5987048745155334,0.39783817529678345
-517171649275386100,0.5699999928474426,0.26085227727890015,2.2952499389648438,0.382776141166687,0.386208176612854
-517254777275385825,1.8899999856948853,0.2479303628206253,2.3612723350524902,0.6525847911834717,2.651052713394165
-518407218275381015,2.440000057220459,0.35045722126960754,2.290492534637451,0.10728834569454193,0.3002583086490631
-516752728275381641,1.2100000381469727,0.5789286494255066,2.4687602519989014,0.20620593428611755,0.7771129012107849
-514834144275377009,1.3200000524520874,0.08257012814283371,2.22469425201416,0.5997206568717957,1.7319713830947876
-514615368275374269,1.5199999809265137,0.09776442497968674,2.2531731128692627,0.7043932676315308,1.002174973487854
-516969348275372891,2.6500000953674316,0.15578718483448029,2.08601713180542,0.4335172176361084,0.3002510666847229
-515084678275372437,1.0800000429153442,0.21041086316108704,2.5792672634124756,0.6521261930465698,0.9984179735183716
-517098488275367090,3.869999885559082,0.15562401711940765,1.9983881711959839,0.3593822717666626,0.5353217124938965
-514555259275364524,0.5199999809265137,0.31078919768333435,2.4738457202911377,0.6883735060691833,1.1924269199371338
-518983416275361395,2.5199999809265137,0.0720880851149559,1.996693730354309,0.5291009545326233,1.0420091152191162
-514264249275361583,1.2899999618530273,0.33983349800109863,2.293166399002075,0.44496265053749084,0.8442084193229675
-515737922275361801,0.6899999976158142,0.2247917354106903,1.7835925817489624,0.8483114242553711,0.300000935792923
-518843422275359385,4.170000076293945,0.10202611982822418,2.4444429874420166,0.8138838410377502,1.6427241563796997
-515226049275355932,1.2100000381469727,0.10334379971027374,2.2169485092163086,0.1873762160539627,1.7940952777862549
-514208892275354406,1.2100000381469727,0.29803338646888733,2.2482056617736816,0.2808712422847748,0.6737608313560486
-516328117275355100,2.0899999141693115,0.09043430536985397,2.30509352684021,0.7302692532539368,1.3494465351104736
-515917038275355101,0.75,0.25841984152793884,2.6230924129486084,0.36004334688186646,0.8342245817184448
-515411879275354255,NaN,1.1291744709014893,2.6028552055358887,0.5018243193626404,4.675683498382568
-517024757275350023,2.430000066757202,0.048047617077827454,2.1351635456085205,0.9924508929252625,2.278663396835327
-516645267275348372,0.8999999761581421,0.8245660066604614,2.3726205825805664,0.4294208884239197,0.6374961137771606
-515369398275341177,0.6899999976158142,0.0012491523521021008,1.82481849193573,0.7989288568496704,0.8054037690162659
-518948738275340151,NaN,0.4272991120815277,4.087460041046143,0.999539315700531,1.6911940574645996
-516528432275338438,2.450000047683716,0.7629852294921875,3.902909994125366,0.7726865410804749,5.499997615814209
-514648015275334479,1.9600000381469727,0.18527211248874664,1.8937863111495972,0.5112712383270264,0.3000119626522064
-518490884275328744,2.390000104904175,0.17684702575206757,2.3119218349456787,0.674482524394989,0.3022376596927643
-516767400275327647,NaN,6.193112850189209,1.832277774810791,0.48256999254226685,2.887861728668213
-515509326275324907,1.0199999809265137,0.34612712264060974,1.82240629196167,0.5244235992431641,0.30000001192092896
-518538038275320742,0.6600000262260437,0.45028427243232727,2.039590358734131,0.171850323677063,0.37602323293685913
-515646668275321810,0.6700000166893005,0.433360755443573,2.856078863143921,0.34903663396835327,1.1188558340072632
-518427201275320013,3.069999933242798,0.26557910442352295,2.157623291015625,0.06322699040174484,0.30037006735801697
-514558510275320496,0.9800000190734863,0.24866370856761932,2.5205447673797607,0.44686469435691833,0.6798195242881775
-517869106275318769,1.2599999904632568,0.284233421087265,2.2396554946899414,0.39251279830932617,0.5123018026351929
-514805043275312777,3.5299999713897705,0.21817027032375336,2.1979575157165527,0.360158771276474,0.6236279010772705
-513692847275310116,3.130000114440918,0.39279085397720337,1.900149941444397,0.5235390067100525,0.30006593465805054
-516923931275312950,1.0299999713897705,5.460607051849365,1.9616039991378784,0.24968358874320984,2.7005155086517334
-516927269275308754,1.0399999618530273,0.3166622519493103,1.890122413635254,0.9913188219070435,0.3177354633808136
-518349705275306556,2.5199999809265137,7.867127895355225,2.4118969440460205,0.9845367074012756,5.356766700744629
-517979231275305983,0.38999998569488525,0.23425662517547607,3.572819232940674,0.7636919617652893,5.499937534332275
-513558726275303305,0.5699999928474426,4.68306827545166,3.5125091075897217,0.30376654863357544,5.488495349884033
-518278752275302387,0.46000000834465027,0.2650025486946106,2.9917476177215576,0.6097251772880554,1.7610087394714355
-518853640275299488,1.649999976158142,0.6547483205795288,2.50854229927063,0.7979740500450134,5.465736389160156
-515935579275301677,0.28999999165534973,1.9639277458190918,2.8806369304656982,0.8881711959838867,1.4417849779129028
-516919732275299264,1.159999966621399,0.24785903096199036,1.7559518814086914,0.34447529911994934,5.043583869934082
-514772983275293849,2.0999999046325684,0.37312033772468567,2.493863582611084,0.1749565452337265,1.9709012508392334
-515912166275294330,1.059999942779541,0.3846733272075653,2.240745782852173,0.7597948312759399,0.4683011770248413
-518100351275290343,0.6100000143051147,0.8358830809593201,2.5465126037597656,0.7018656730651855,0.9429385662078857
-517916757275286113,0.4699999988079071,0.8628507852554321,2.747077226638794,0.6472297310829163,0.9074829816818237
-517151686275285185,1.7300000190734863,0.06537813693284988,2.3264224529266357,0.4105496406555176,5.499885082244873
-517315895275283837,2.6600000858306885,0.2994151711463928,2.7714879512786865,0.3309144675731659,0.9062820076942444
-515989823275271989,0.11999999731779099,0.8313921093940735,2.206789255142212,0.5813552737236023,0.509103000164032
-514864751275270925,1.6799999475479126,0.07704056054353714,2.087740659713745,0.03164392337203026,1.3385851383209229
-515892929275271433,1.149999976158142,0.39900529384613037,2.405388832092285,0.7785989046096802,0.6894925832748413
-513993075275266963,2.069999933242798,0.4230126738548279,2.1590871810913086,0.6496372818946838,0.6613468527793884
-516672263275266900,0.7300000190734863,0.33095696568489075,2.8388869762420654,0.36666274070739746,1.3464643955230713
-516242401275261680,0.5,0.4135250151157379,2.6926050186157227,0.24615004658699036,3.1274476051330566
-518934444275252230,4.059999942779541,0.302582323551178,2.0910918712615967,0.03068963810801506,0.3000134825706482
-514122850275252203,0.27000001072883606,0.36469629406929016,3.68876576423645,0.9999799132347107,5.497100830078125
-513904802275251355,2.2799999713897705,1.6178581714630127,2.0010488033294678,0.2565748691558838,0.3991069793701172
-518969602275250127,3.009999990463257,0.15104441344738007,2.9233498573303223,0.4781576097011566,2.7406957149505615
-514377592275251106,0.800000011920929,0.6431792974472046,2.471644401550293,0.26095765829086304,0.3700707256793976
-517585485275250362,1.0700000524520874,0.23779909312725067,2.496530771255493,0.5478019714355469,1.7163392305374146
-516504105275245888,2.609999895095825,0.1313556730747223,2.3635504245758057,0.7469192743301392,1.4475585222244263
-515301581275243080,0.6800000071525574,0.33954426646232605,3.2320053577423096,0.41824352741241455,2.089040756225586
-517062303275243342,1.5499999523162842,0.5361643433570862,2.2189199924468994,0.1449664831161499,0.30000171065330505
-515004435275242815,0.47999998927116394,0.34509778022766113,2.518233060836792,0.5361588001251221,1.2799705266952515
-518717955275233447,1.1299999952316284,0.3395220637321472,2.1014888286590576,0.18947382271289825,0.8224573135375977
-516148579275235177,2.6500000953674316,0.3444584310054779,2.226625442504883,0.09454426914453506,1.2757108211517334
-517564900275230054,0.14000000059604645,0.6605307459831238,2.6748108863830566,0.2839609384536743,1.0357378721237183
-513727278275224470,1.0199999809265137,0.17846518754959106,3.038090467453003,0.9909036755561829,0.468161404132843
-515217558275222854,0.8600000143051147,1.6365363597869873,3.4635868072509766,0.6867318749427795,2.6108343601226807
-517115394275220172,4.53000020980835,0.1207539513707161,2.482719898223877,0.5134944915771484,1.7072683572769165
-518656348275216930,1.7300000190734863,0.1105608195066452,1.499130368232727,0.5223907828330994,0.30005520582199097
-514799245275212609,0.7099999785423279,0.29114577174186707,2.1640830039978027,0.2548640966415405,0.300049751996994
-518109278275209056,2.7799999713897705,0.1349075883626938,1.81989586353302,0.4104793667793274,0.8687203526496887
-516753996275210194,4.139999866485596,0.4491857886314392,0.0,0.34369683265686035,0.30238139629364014
-515038290275209233,1.0,1.430904746055603,2.3763585090637207,0.9999862909317017,2.589167833328247
-514249779275202977,1.9700000286102295,0.803311288356781,2.244338035583496,0.5100305676460266,3.071889638900757
-515786177275202492,1.2799999713897705,0.36737650632858276,1.7364872694015503,0.5481545329093933,0.5447150468826294
-516689872275201056,0.7400000095367432,0.5056442022323608,2.6480116844177246,0.09391950070858002,0.9287523627281189
-516265056275200045,0.699999988079071,0.5143955945968628,2.4245190620422363,0.37345054745674133,0.7807471752166748
-513497318275193742,2.369999885559082,0.22767886519432068,2.951127767562866,0.25958654284477234,2.2707316875457764
-517288516275191839,0.7099999785423279,0.21070364117622375,2.5153162479400635,0.9986532926559448,1.5423716306686401
-518160455275189736,2.9100000858306885,2.602205991744995,0.5433027744293213,0.03851610794663429,5.044452667236328
-514205426275189764,1.2300000190734863,0.24571388959884644,2.2207558155059814,0.45555052161216736,0.6001789569854736
-514440050275188762,0.8899999856948853,0.16169153153896332,2.6056809425354004,0.5195647478103638,0.30000001192092896
-517397787275186384,0.5899999737739563,0.2006399929523468,2.330578327178955,0.4222865402698517,0.48707500100135803
-513924816275179181,1.1100000143051147,0.28136077523231506,2.0781919956207275,0.19060836732387543,0.3004014194011688
-517861315275179599,1.3799999952316284,0.24547947943210602,2.0998191833496094,0.4331388473510742,0.4209734797477722
-518463407275178411,1.3600000143051147,0.4353943467140198,2.2165915966033936,0.1133173480629921,0.7364652752876282
-518214775275177909,1.090000033378601,0.09790769964456558,1.9318346977233887,0.7928686738014221,5.497725486755371
-517091465275172662,2.4100000858306885,0.2698218822479248,2.0169625282287598,0.23230214416980743,0.6983066201210022
-518833099275164390,1.399999976158142,0.6928405165672302,2.0672881603240967,0.357534259557724,0.4698720872402191
-515674021275164871,2.2899999618530273,0.7021148204803467,2.360520839691162,0.033524539321660995,5.4933857917785645
-514386131275162476,2.7100000381469727,0.10507697612047195,2.216620683670044,0.7439911961555481,0.9985169768333435
-513996155275159662,0.8799999952316284,0.762636125087738,2.8920650482177734,0.3460581600666046,0.6113959550857544
-515008686275157388,1.0399999618530273,3.085108757019043,2.6148886680603027,0.7745139598846436,3.7595412731170654
-514446736275155877,1.149999976158142,0.13426800072193146,2.239274024963379,0.6567615270614624,2.7784972190856934
-516715599275153636,1.6200000047683716,0.1865312159061432,2.2373130321502686,0.07624608278274536,0.47756919264793396
-518502893275149646,1.840000033378601,0.2974354922771454,2.1588850021362305,0.3562110662460327,0.3000018298625946
-515561616275150657,2.640000104904175,0.1982906013727188,2.283828020095825,0.5041002035140991,1.3643429279327393
-513989280277116315,0.6000000238418579,1.1406545639038086,3.9201676845550537,0.3883110284805298,5.494856357574463
-515437941277118076,1.1299999952316284,0.3023017346858978,2.1236050128936768,0.14196616411209106,0.3000524342060089
-518832874277113036,3.130000114440918,0.5483796000480652,2.18015718460083,0.6299464702606201,5.15547513961792
-513803481277111430,3.6500000953674316,5.18494987487793,1.8755006790161133,0.49934709072113037,4.266995906829834
-514438376277112352,1.8300000429153442,0.4658714234828949,2.6214869022369385,0.24870291352272034,0.721634030342102
-518428096277110285,2.869999885559082,0.2091725617647171,2.1450634002685547,0.5128164887428284,0.30000972747802734
-516276382277111199,0.5899999737739563,0.19223952293395996,2.601748466491699,0.26789283752441406,0.6599261164665222
-517018731277110314,1.559999942779541,0.484397828578949,2.4325368404388428,0.43268007040023804,2.195061206817627
-514428717277106317,1.2100000381469727,0.6186395287513733,2.0784566402435303,0.22094671428203583,0.3000006377696991
-517888637277102143,1.940000057220459,0.28607141971588135,2.1423845291137695,0.19801101088523865,0.6749550700187683
-516079929277101917,2.069999933242798,0.12695461511611938,2.1921775341033936,0.4969782829284668,0.7715392112731934
-514863163277098102,0.9900000095367432,0.5287283658981323,3.0296857357025146,0.6054320931434631,1.6625356674194336
-514328029277091104,5.610000133514404,2.3580963611602783,1.9100152254104614,0.09329412877559662,5.418668270111084
-513575063277085560,0.8500000238418579,15.782195091247559,2.7794182300567627,0.7555184960365295,3.6876041889190674
-516210980277084186,1.1299999952316284,0.45069369673728943,2.236382484436035,0.514409601688385,0.3000253140926361
-516571713277076914,3.369999885559082,0.3008076548576355,2.3151142597198486,0.30552560091018677,0.3000001013278961
-515889762277076801,0.3400000035762787,0.8448173999786377,3.322134017944336,0.4919145405292511,1.9336152076721191
-513583594277069628,0.27000001072883606,0.38453996181488037,2.754822015762329,0.3844574987888336,0.877385139465332
-514384942277067384,2.8399999141693115,0.7958718538284302,1.712462067604065,0.29495739936828613,0.4742858409881592
-516334766277070353,2.3499999046325684,0.12812645733356476,2.1687231063842773,0.9998952150344849,0.3042328357696533
-516787568277064622,1.0700000524520874,0.015983479097485542,2.8557088375091553,0.3362349569797516,5.495468616485596
-514811467277063396,0.6899999976158142,0.3088405430316925,2.281306743621826,0.27965301275253296,0.5772522687911987
-515666812277058468,0.4099999964237213,0.422207236289978,2.375515937805176,0.38776034116744995,0.858309805393219
-515841058277051821,0.8899999856948853,0.5866593718528748,2.4364137649536133,0.25385311245918274,0.3000103831291199
-516275249277047189,1.5399999618530273,0.16699793934822083,3.4332008361816406,0.3229418396949768,5.497611999511719
-515085015277041966,1.4800000190734863,0.10908742249011993,2.141031265258789,0.5011571645736694,0.7196719646453857
-513608548277039795,2.809999942779541,0.0839754045009613,2.047170400619507,0.3828720450401306,0.852177619934082
-518345269277037012,0.7599999904632568,0.8131077289581299,2.2075347900390625,0.4527644217014313,0.30113065242767334
-515620325277037085,0.36000001430511475,0.22270186245441437,2.9874799251556396,0.4250146150588989,1.572814702987671
-515038611277030804,1.090000033378601,0.32974937558174133,2.231912851333618,0.5557569265365601,0.6255790591239929
-515188470277026651,1.2400000095367432,0.3444156050682068,2.2422215938568115,0.6921820044517517,0.5158235430717468
-514240525277021294,2.5,0.13473235070705414,2.026704788208008,0.43319132924079895,5.499750137329102
-518699640277018427,1.0399999618530273,0.1900925189256668,2.8752307891845703,0.8011230230331421,3.3163294792175293
-517986135277015517,0.8799999952316284,0.45286673307418823,2.073026657104492,0.4664783775806427,0.4076550304889679
-518282616277014055,3.9800000190734863,0.1838141232728958,2.3711838722229004,0.5030274987220764,0.4884934723377228
-518787085277012336,0.7599999904632568,0.09564388543367386,2.068986654281616,0.432828426361084,3.582432985305786
-516200713277011903,2.4700000286102295,0.15857061743736267,1.9975619316101074,0.37400463223457336,0.3002065122127533
-516349847277010367,0.6600000262260437,0.3802381753921509,2.0057873725891113,0.3628774881362915,0.41346266865730286
-514284533277014676,0.5699999928474426,17.57662582397461,2.2551608085632324,0.6423073410987854,2.808708429336548
-516083943277008519,3.2699999809265137,0.0894700363278389,2.327378034591675,0.9911997318267822,0.34053462743759155
-515580121277003272,2.390000104904175,1.5029537677764893,3.486334800720215,0.24088852107524872,5.498420238494873
-518338465276996374,1.7100000381469727,0.38773471117019653,1.7878448963165283,0.5749198198318481,5.37375020980835
-515526495276992189,0.949999988079071,0.378245085477829,2.3270702362060547,0.5216793417930603,0.7329862713813782
-513995003276986657,3.869999885559082,3.268547296524048,1.6629267930984497,0.3470889925956726,2.5805728435516357
-515693080276988891,0.41999998688697815,0.4310518503189087,2.2300448417663574,0.6258367896080017,0.5596250295639038
-514712784276988513,1.1299999952316284,0.39180344343185425,2.0985636711120605,0.7927597165107727,0.47494202852249146
-515559799276987997,3.319999933242798,0.20066730678081512,2.278749465942383,0.030187195166945457,0.6940729022026062
-516217078276987545,2.319999933242798,0.19564689695835114,2.1384246349334717,0.17850440740585327,2.697580099105835
-513867995276983802,1.2799999713897705,0.41773492097854614,2.5072736740112305,0.5219577550888062,1.3778191804885864
-515963059276980341,0.5,0.22245807945728302,2.376624345779419,0.3677845895290375,0.5543054938316345
-516709609276979267,1.4700000286102295,0.3233424127101898,2.906263828277588,0.6650718450546265,1.6824811697006226
-519001705276976052,1.100000023841858,0.19038993120193481,2.312929153442383,0.42731907963752747,0.3563095033168793
-517510853276978093,1.0099999904632568,6.442197322845459,2.38089656829834,0.07042853534221649,0.30252188444137573
-517282199276977183,0.6499999761581421,0.5744646191596985,2.3234751224517822,0.31676334142684937,0.30000200867652893
-514012622276979922,0.7599999904632568,1.9923627376556396,2.110572099685669,0.19247664511203766,2.926896572113037
-514846098276971727,3.700000047683716,0.2250276356935501,2.0756845474243164,0.11831577867269516,0.300187885761261
-518785686276964688,2.8499999046325684,0.053523045033216476,2.072984218597412,0.999618411064148,3.7241156101226807
-515318455276965912,2.450000047683716,0.09265299141407013,2.0691077709198,0.7750964164733887,0.30140092968940735
-514526062276964176,3.140000104904175,0.16377101838588715,2.441617012023926,0.4218764901161194,1.0149528980255127
-514939938276962642,1.3899999856948853,0.11064241826534271,2.2189202308654785,0.44915899634361267,0.7722845673561096
-516676274276953180,2.680000066757202,0.1723381131887436,2.571300983428955,0.9455693960189819,4.15232515335083
-514384672276950998,2.2799999713897705,0.3033968210220337,2.568878650665283,0.3974219262599945,1.0051710605621338
-515680885276951868,0.8100000023841858,0.21242204308509827,1.8068933486938477,0.5032386779785156,0.3000565767288208
-515435583276951171,0.5899999737739563,0.46982210874557495,1.8683648109436035,0.7100207805633545,0.3000033497810364
-515675116276949332,1.809999942779541,0.38512009382247925,2.173828363418579,0.6437273025512695,0.3464687168598175
-518113354276945772,1.850000023841858,0.24099896848201752,2.3439555168151855,0.8063019514083862,0.8171821236610413
-515855621276947259,2.6500000953674316,0.32854288816452026,2.476055383682251,0.5905869007110596,0.9706296324729919
-515460077276941646,0.41999998688697815,0.25651589035987854,2.8590824604034424,0.22352389991283417,1.5398523807525635
-515581759276937537,1.5800000429153442,0.3151319622993469,1.983436942100525,0.032633185386657715,0.3004550337791443
-518343430276935462,2.990000009536743,0.7564171552658081,1.775078535079956,0.18520839512348175,0.30000007152557373
-515408528276930552,2.619999885559082,0.29517117142677307,2.2085258960723877,0.2191523313522339,0.3000071346759796
-518359804276928917,2.8399999141693115,0.4798559546470642,2.7232420444488525,0.3693152666091919,1.9446101188659668
-514856086276929595,0.9599999785423279,1.045405387878418,2.6713716983795166,0.09238490462303162,1.918216586112976
-513631653276926935,0.6700000166893005,4.861240863800049,2.0000429153442383,0.9942836761474609,4.54083776473999
-517409670276930198,1.7000000476837158,0.26750391721725464,2.184544324874878,0.12214033305644989,0.3050703704357147
-514850567276922487,1.1399999856948853,0.9162114858627319,1.9753010272979736,0.9999890327453613,5.499490261077881
-516023944276918479,2.109999895095825,0.14054228365421295,2.26157546043396,0.48134997487068176,0.30040404200553894
-516260740276911968,1.850000023841858,0.3241857588291168,2.0738492012023926,0.6216421723365784,0.30000004172325134
-515313534276907542,2.2200000286102295,0.2522932291030884,2.5824460983276367,0.3082210421562195,0.42889463901519775
-519055433276891659,2.390000104904175,0.1672285497188568,2.352769613265991,0.40265849232673645,1.096640944480896
-514059269276891221,0.6499999761581421,0.4440597593784332,2.4422261714935303,0.2142646759748459,0.30000007152557373
-518591149276888859,2.109999895095825,0.05206095799803734,2.135521173477173,0.037842292338609695,1.9898757934570312
-513715691276884663,0.38999998569488525,0.9036403298377991,2.3070173263549805,0.6627464294433594,1.097296118736267
-515380412276887752,3.559999942779541,0.07265099883079529,2.2874135971069336,0.38184210658073425,5.499999523162842
-516504262276887157,1.3600000143051147,0.37684571743011475,1.9539566040039062,0.5613803863525391,0.30000001192092896
-518355805276884856,2.549999952316284,0.3503352403640747,2.2707767486572266,0.2879149317741394,3.3437438011169434
-515487412276883963,2.0,0.09738895297050476,2.0726559162139893,0.7693319320678711,1.2440264225006104
-517647477276882292,0.7900000214576721,0.001935928943566978,2.146202802658081,0.07674283534288406,5.499966144561768
-516686127276881393,1.2400000095367432,0.21633993089199066,2.119438886642456,0.3884933590888977,1.1885666847229004
-513801171276867425,4.199999809265137,0.14989443123340607,2.1774253845214844,0.10875342786312103,0.30249541997909546
-516482201276869361,1.1200000047683716,0.5756904482841492,2.0295097827911377,0.8002498745918274,0.39248210191726685
-514307916276861099,0.8799999952316284,1.7801531553268433,2.388399362564087,0.20045962929725647,5.499094009399414
-514701241276860448,0.75,0.21531030535697937,2.512151002883911,0.22190946340560913,0.300227552652359
-516658365276860022,0.6800000071525574,0.43214765191078186,2.746196985244751,0.39656928181648254,0.8703988790512085
-516646801276857877,1.25,0.32367607951164246,2.21142315864563,0.6935363411903381,0.4740521311759949
-516210358276854072,1.7000000476837158,0.5983760356903076,1.8150248527526855,0.6580261588096619,0.30000001192092896
-514076478276845417,4.099999904632568,1.416881799697876,2.085501194000244,0.5106245875358582,2.4617860317230225
-516525100276843019,1.7100000381469727,0.14735983312129974,2.397883176803589,0.4250151515007019,3.555124521255493
-515289242276839299,3.7200000286102295,0.08757852017879486,1.747473120689392,0.030313652008771896,5.497417449951172
-513501384276835160,2.7799999713897705,2.917726755142212,2.4101836681365967,0.963683545589447,3.121532440185547
-515503582276837204,0.44999998807907104,0.5721965432167053,2.75956130027771,0.3067055940628052,1.4246150255203247
-516297390276833818,1.2400000095367432,0.5238240957260132,2.0583415031433105,0.34768643975257874,0.4702050983905792
-516498788276828711,2.3299999237060547,0.2658870816230774,2.124260425567627,0.2597997188568115,1.2048810720443726
-517197536276828113,1.0299999713897705,0.14390969276428223,2.051525831222534,0.604122519493103,0.3000616729259491
-514648376276825045,0.44999998807907104,0.473295658826828,2.581291913986206,0.3150836229324341,0.9718920588493347
-513845640276823916,3.440000057220459,0.34936362504959106,2.8317923545837402,0.22114352881908417,1.369130253791809
-515340232276823352,1.0299999713897705,0.5278275012969971,2.4653396606445312,0.5210815668106079,0.6315727233886719
-517188290276822741,1.0099999904632568,0.7858308553695679,2.5338923931121826,0.7699922323226929,0.8976021409034729
-513869612276809100,2.6700000762939453,0.20136350393295288,2.296105146408081,0.19403523206710815,0.5015454292297363
-518207627276809507,0.4000000059604645,0.0014597702538594604,2.051210880279541,0.05560431629419327,5.5
-513691202276807152,1.899999976158142,0.3080664873123169,2.0094406604766846,0.4856927692890167,0.800968587398529
-518852037276803912,1.7300000190734863,0.15996918082237244,2.5831072330474854,0.34237438440322876,1.6421170234680176
-514999406276804165,1.340000033378601,0.3761351406574249,2.679212808609009,0.34148088097572327,2.051255464553833
-515589264276804147,2.630000114440918,0.0012812510831281543,1.900968074798584,0.059618979692459106,5.487275123596191
-518818050276788019,0.9700000286102295,2.3542895317077637,2.201061964035034,0.1357519030570984,1.5347700119018555
-516722990276798708,0.6499999761581421,0.1973700225353241,2.382779359817505,0.47319403290748596,0.3000129163265228
-515755069276796582,1.8200000524520874,0.07478179037570953,1.8906826972961426,0.5573431253433228,0.30043065547943115
-516260040276790002,2.2200000286102295,0.26154249906539917,1.763306736946106,0.2403106689453125,0.33708181977272034
-517437798276784035,1.9199999570846558,0.4409181475639343,2.074505567550659,0.32122600078582764,0.3820314407348633
-516847214276784123,2.059999942779541,0.2666194438934326,2.2095823287963867,0.3722124397754669,4.268967151641846
-514906549276782636,2.4100000858306885,0.14411725103855133,2.2624073028564453,0.5508704781532288,1.4202609062194824
-514718865276780579,1.75,0.7398477792739868,2.24594783782959,0.5825533270835876,0.9353917241096497
-515354998276780437,2.8399999141693115,0.04406902194023132,1.8809384107589722,0.03830181062221527,5.024136543273926
-518000813276776534,3.009999990463257,0.794354259967804,2.202544689178467,0.48058319091796875,5.481661796569824
-518538304276774012,1.7699999809265137,0.22854626178741455,2.4267797470092773,0.31419429183006287,5.337395191192627
-515604643276774847,2.799999952316284,0.21846453845500946,2.3278298377990723,0.2384297102689743,0.36815541982650757
-517079390276769276,1.7799999713897705,0.23407922685146332,2.5510053634643555,0.2296951562166214,0.3306827247142792
-514061810276762621,0.8500000238418579,0.4997157156467438,2.5443689823150635,0.1824531853199005,1.444993019104004
-515607545276767056,0.41999998688697815,0.31962427496910095,2.6995413303375244,0.6231629848480225,1.5119959115982056
-514006473276761696,0.5799999833106995,0.5585439205169678,3.852571487426758,0.8163237571716309,4.243788242340088
-515388825276758722,0.6299999952316284,0.22401435673236847,3.7110183238983154,0.6001635789871216,2.701310634613037
-518909472276757373,0.9300000071525574,0.2420729547739029,1.9873636960983276,0.332818865776062,0.3000420033931732
-517625446276756766,2.069999933242798,0.13891169428825378,2.2039589881896973,0.5621535181999207,1.2657513618469238
-518290247276755302,0.6700000166893005,0.24008440971374512,3.2252728939056396,0.638342559337616,5.498773097991943
-517412136276755870,1.590000033378601,0.09918103367090225,1.7587305307388306,0.42156916856765747,0.3007851839065552
-514855650275149016,2.950000047683716,0.37995076179504395,2.379178285598755,0.41924813389778137,0.6194401383399963
-516302843275146652,2.2200000286102295,2.1089670658111572,1.8272159099578857,0.15005479753017426,4.19286584854126
-516036578275137920,2.3499999046325684,0.3305608630180359,2.2723312377929688,0.6154061555862427,1.0385589599609375
-515376254275137041,1.6399999856948853,0.3276519775390625,2.221564292907715,0.8586246967315674,0.5781259536743164
-516029544275137074,3.200000047683716,0.20100995898246765,2.2207016944885254,0.4940693974494934,1.3132015466690063
-516467947275136536,0.6800000071525574,0.22537970542907715,2.4655086994171143,0.26421770453453064,5.465629577636719
-513794521275130192,0.46000000834465027,0.262258917093277,2.3076651096343994,0.591374933719635,0.4287198483943939
-515128280275128817,1.3200000524520874,7.222161293029785,1.778165578842163,0.7214618921279907,0.32243871688842773
-515056560275127474,0.5600000023841858,2.5661404132843018,2.635690450668335,0.5772853493690491,5.4959397315979
-519042980275124044,0.8199999928474426,0.4572347104549408,2.0382626056671143,0.5203453898429871,0.41560128331184387
-515782253275126854,1.399999976158142,1.005728840827942,2.8339788913726807,0.9253928661346436,1.848007082939148
-516477917275118355,0.8799999952316284,0.5748692154884338,2.601085901260376,0.5326404571533203,1.2511444091796875
-514784360275116209,1.7000000476837158,0.16335546970367432,2.0456533432006836,0.17476215958595276,0.40949493646621704
-515416535275113572,0.11999999731779099,1.0338057279586792,2.9113104343414307,0.5995742082595825,1.373563528060913
-517087800275108982,0.9700000286102295,0.5928164720535278,2.9087774753570557,0.28576305508613586,0.3233009874820709
-515134980275102567,1.100000023841858,0.46939316391944885,2.3861141204833984,0.8431727886199951,0.8680141568183899
-516149875275102289,1.1699999570846558,0.08296521753072739,3.7722182273864746,0.7547694444656372,5.499939441680908
-515272083275102189,1.340000033378601,1.0430728197097778,2.59100604057312,0.1125190407037735,0.7623594403266907
-516649681275094536,1.409999966621399,2.969773530960083,2.4234907627105713,0.26388704776763916,5.295592308044434
-513877415275089385,1.75,0.5920282602310181,2.186145782470703,0.6236636638641357,0.8620344400405884
-517860370275083118,0.8999999761581421,0.1137637048959732,1.950543999671936,0.030000025406479836,0.3000001907348633
-518532702275079726,3.890000104904175,0.1534731090068817,2.547853946685791,0.5781262516975403,1.415410041809082
-515936508275081372,0.699999988079071,0.6568627953529358,2.7891745567321777,0.36674606800079346,0.7187812924385071
-516343619275077763,0.6100000143051147,2.999300003051758,2.3638293743133545,0.1382881999015808,4.613912105560303
-516862685275078166,3.9200000762939453,0.24195164442062378,2.6804213523864746,0.6309511065483093,1.893357515335083
-515503914275077158,0.38999998569488525,0.27388131618499756,2.8985068798065186,0.33091673254966736,1.2184112071990967
-517754888275071164,2.2699999809265137,0.3314724266529083,2.351754903793335,0.24509766697883606,0.8045527338981628
-518761752275066876,0.9599999785423279,6.573487281799316,1.986922025680542,0.09589051455259323,2.178412437438965
-517623673275068596,3.2200000286102295,0.3084460198879242,2.5799546241760254,0.38677072525024414,0.9518746137619019
-517780769275068045,1.1200000047683716,0.34995219111442566,2.248940944671631,0.9870612621307373,0.767241895198822
-516514806275066421,1.5,0.33224472403526306,2.31198787689209,0.33146190643310547,1.1079000234603882
-518909470275058324,1.3799999952316284,0.19065919518470764,2.5150740146636963,0.22241918742656708,0.46120351552963257
-515852530275058160,1.75,0.43417587876319885,1.857514500617981,0.7180382013320923,0.3000011742115021
-514451835275056992,0.5600000023841858,0.5035600066184998,2.6195077896118164,0.2774232029914856,0.5198730230331421
-517794333275056249,1.4600000381469727,0.3631083369255066,2.3973515033721924,0.3208363950252533,0.3825763165950775
-515520910275055155,3.7799999713897705,2.3561220169067383,2.1022160053253174,0.6252257823944092,5.499865531921387
-518335692275052299,1.6399999856948853,0.23698580265045166,2.2299702167510986,0.03038875199854374,0.3066975772380829
-517594547275052513,1.0299999713897705,0.7025198340415955,2.009608030319214,0.2985125780105591,1.5945242643356323
-518209560275050839,1.559999942779541,1.6925979852676392,2.4088146686553955,0.16808585822582245,1.1824697256088257
-514264838275051538,0.30000001192092896,0.10322331637144089,3.5430490970611572,1.0,5.5
-514674630275048960,0.8999999761581421,1.6793630123138428,1.8036932945251465,0.24889470636844635,1.4491033554077148
-514699576275060240,0.6000000238418579,9.459211349487305,2.2880454063415527,0.07158807665109634,1.7108345031738281
-514410402275045959,0.8199999928474426,0.17501427233219147,2.304305076599121,0.5546092987060547,0.7582650184631348
-516261617275045055,2.200000047683716,0.2358057051897049,2.0456666946411133,0.2781217694282532,0.3000810444355011
-516147337275043459,1.4299999475479126,0.1382920891046524,2.1468520164489746,0.5537803173065186,0.5191252827644348
-516788550275042983,1.3200000524520874,0.2924535572528839,2.8539793491363525,0.9334894418716431,2.7540323734283447
-514836917275041581,2.6700000762939453,0.24566227197647095,2.56565523147583,0.2999184727668762,0.3070560395717621
-515298756275040824,0.8999999761581421,2.9689667224884033,2.3533716201782227,0.1617061346769333,5.457589149475098
-515907514275038020,1.4500000476837158,0.36028560996055603,2.7647063732147217,0.15914781391620636,1.3214493989944458
-518346957275022618,2.5399999618530273,0.11761843413114548,1.933388113975525,0.4000239670276642,0.30016764998435974
-516554238275020541,1.090000033378601,1.2778234481811523,2.3437201976776123,0.19907912611961365,0.34255900979042053
-517314833275011735,0.46000000834465027,0.2968878448009491,2.4638423919677734,0.6966639757156372,0.5024964213371277
-513893413275005510,3.7300000190734863,0.5756039023399353,2.2376632690429688,0.48307451605796814,0.6833104491233826
-515343074275006157,2.4800000190734863,0.14960619807243347,2.3399553298950195,0.6943474411964417,1.6750047206878662
-515383264275005684,1.3300000429153442,0.20719438791275024,1.936964750289917,0.662921667098999,0.30000054836273193
-516168284275005837,1.2599999904632568,0.14117909967899323,2.708082437515259,0.6947607398033142,1.8771789073944092
-516573195274993968,1.2400000095367432,0.4450758099555969,1.4902304410934448,0.3189888000488281,0.47322750091552734
-517826405274991093,1.4299999475479126,0.08034664392471313,2.4771156311035156,0.3804926574230194,1.8290646076202393
-517568384274988693,1.0499999523162842,1.19505774974823,2.7533750534057617,0.7640117406845093,2.0684540271759033
-514377643274986009,1.9600000381469727,0.1726859211921692,2.5768890380859375,0.4176100194454193,0.8763535618782043
-515867840274985569,3.7200000286102295,0.18325375020503998,1.976313591003418,0.48515623807907104,0.30005061626434326
-518666824274981203,0.7699999809265137,0.38201379776000977,2.1219213008880615,0.09879311174154282,0.4070799946784973
-518316290274976812,1.8200000524520874,0.5572277903556824,2.6415293216705322,0.3333163857460022,0.30000483989715576
-518665528274970835,1.2300000190734863,0.7695280909538269,2.2126595973968506,0.7337322235107422,0.6455420255661011
-516508276274970404,1.309999942779541,0.1938982605934143,2.549877166748047,0.8456374406814575,5.457790851593018
-516101508274968562,1.2599999904632568,0.517544686794281,2.4767844676971436,0.3082864284515381,5.4907002449035645
-518509075274966818,0.9300000071525574,0.6088423132896423,2.726158380508423,0.3952627182006836,1.9615751504898071
-513933147274965769,0.949999988079071,14.306191444396973,2.4898910522460938,0.1377558708190918,4.2248711585998535
-514911533274963497,2.5799999237060547,0.2469816356897354,1.8909190893173218,0.22878991067409515,0.3000931739807129
-515247831274962595,2.630000114440918,0.10155633836984634,1.5656533241271973,0.8206139206886292,0.30002453923225403
-518443002274960543,0.550000011920929,0.5272963047027588,3.427642345428467,0.7352244853973389,3.069016695022583
-518134601274950175,2.0999999046325684,0.1308971643447876,2.78790545463562,0.2832854688167572,1.2398416996002197
-514126739274949086,0.8500000238418579,0.39685526490211487,2.5803236961364746,0.7118633985519409,1.6280195713043213
-515369890274947260,2.319999933242798,0.2749999463558197,2.388178825378418,0.9177039861679077,0.6686063408851624
-516004880274944131,1.8799999952316284,0.3211310803890228,2.5143468379974365,0.23714035749435425,0.7617716193199158
-517917545274942224,2.069999933242798,0.13354726135730743,2.5211215019226074,0.3782859742641449,4.9352521896362305
-517482688274942637,0.25999999046325684,0.4611687660217285,2.0605852603912354,0.3969314694404602,0.30000007152557373
-515557623274938788,1.75,0.18096588551998138,1.9122346639633179,0.6406644582748413,0.30000001192092896
-513875887274931551,0.7900000214576721,0.29168492555618286,2.7917919158935547,0.06678630411624908,1.9539378881454468
-517261166274919012,0.5400000214576721,0.5103190541267395,2.2965657711029053,0.6755012273788452,1.8169481754302979
-515870974274913678,4.369999885559082,0.20459823310375214,1.89121675491333,0.43027880787849426,0.40151143074035645
-515948422274905038,3.4000000953674316,0.43959757685661316,2.10640025138855,0.3323308527469635,0.3000325858592987
-518139814274902447,3.0799999237060547,1.1683977842330933,2.748579740524292,0.4981480836868286,4.113865375518799
-514902551274901612,4.199999809265137,1.1119362115859985,2.2489771842956543,0.2805677652359009,2.165374755859375
-517134476274900626,3.009999990463257,0.20269188284873962,1.9699538946151733,0.7913233637809753,0.33978065848350525
-514846496274899130,1.6699999570846558,0.43963906168937683,2.254885196685791,0.3510180711746216,1.3056443929672241
-517406981274898249,0.6399999856948853,0.3661832809448242,2.4161994457244873,0.7447050213813782,0.7104165554046631
-517940922274897524,0.9800000190734863,0.4145663380622864,2.177224636077881,0.918283224105835,0.484629362821579
-517082465274896764,0.7699999809265137,0.004969297908246517,2.2177889347076416,0.030322011560201645,5.499997615814209
-515298478274892439,0.8600000143051147,0.19558602571487427,2.432828426361084,0.12765531241893768,0.7592427730560303
-516575346274888813,2.630000114440918,0.4771377444267273,2.329207181930542,0.09970225393772125,0.3016456663608551
-516687735274887513,2.700000047683716,0.4114423394203186,2.2974843978881836,0.11639343202114105,0.30010753870010376
-517193028274886454,1.2599999904632568,0.35227662324905396,2.4868407249450684,0.6217607259750366,1.0074138641357422
-516056815274885081,3.369999885559082,0.518021285533905,1.5899558067321777,0.2968447506427765,0.3026127219200134
-516106841274882004,1.1699999570846558,0.29342591762542725,2.5546514987945557,0.53660649061203,4.4535369873046875
-515077796274881197,2.5799999237060547,0.26086539030075073,1.890602946281433,0.3708339333534241,0.3000013828277588
-517081449274878841,2.390000104904175,0.09212684631347656,1.8365647792816162,0.34667864441871643,0.3000129163265228
-517717648274877944,3.7699999809265137,0.14167168736457825,2.5427093505859375,0.367908239364624,0.7766633629798889
-515722510274875343,2.700000047683716,0.130137100815773,2.3257498741149902,0.3616958558559418,1.2089177370071411
-518985806274867633,1.75,0.08871907740831375,2.3594539165496826,0.904965877532959,0.7402336001396179
-517108504274868465,1.8300000429153442,0.45481833815574646,2.237323760986328,0.18257880210876465,0.4684433937072754
-516571854274861124,2.1500000953674316,0.08217661827802658,1.9216278791427612,0.46280720829963684,0.31174275279045105
-519024452274860345,1.4700000286102295,0.25852811336517334,2.5784690380096436,0.3553500473499298,0.9888218641281128
-514307411274857560,2.759999990463257,0.2036796659231186,2.3116843700408936,0.2946679890155792,1.493937611579895
-515709773274856942,0.3400000035762787,0.15363000333309174,3.1468546390533447,0.849939227104187,2.538422107696533
-518447252274853751,0.9700000286102295,0.4071635603904724,2.742955207824707,0.5271568298339844,1.3039809465408325
-518044102274854124,0.9900000095367432,0.24374151229858398,2.3384768962860107,0.32739171385765076,0.5084162950515747
-516686429274838291,2.450000047683716,0.9055709838867188,1.9665857553482056,0.5981139540672302,4.887933254241943
-515797709274837069,0.3700000047683716,0.8199364542961121,2.549325466156006,0.44791409373283386,0.796375572681427
-514622235274835656,0.7300000190734863,0.5955228209495544,2.3509790897369385,0.24244892597198486,0.50286865234375
-513563482274832029,1.5700000524520874,0.24229182302951813,3.1379542350769043,0.49375349283218384,5.182374000549316
-514765628274829478,3.140000104904175,0.12079237401485443,2.3503577709198,0.4915068447589874,3.3495447635650635
-518394312274821658,0.75,1.0525121688842773,2.558861494064331,0.43425455689430237,1.091472864151001
-514141652274814584,2.549999952316284,0.30979472398757935,2.150797128677368,0.683108389377594,0.30001914501190186
-514359455274813800,2.430000066757202,0.11928814649581909,2.1766488552093506,0.32824158668518066,0.3004362881183624
-514321353274811540,3.490000009536743,0.21020744740962982,2.2030391693115234,0.7709600925445557,0.4716932475566864
-516284375274807236,0.7599999904632568,0.18664681911468506,3.07053804397583,0.2066257745027542,2.130619764328003
-513782831274803103,1.809999942779541,0.21196478605270386,2.4261324405670166,0.1651584506034851,0.30619898438453674
-518030200274802818,2.700000047683716,0.5409222841262817,2.7787580490112305,0.1702347695827484,0.6103100776672363
-517969264274802136,1.1100000143051147,0.8392817378044128,2.8258790969848633,0.7646797895431519,1.540856122970581
-517570175274801246,3.5,0.09184321761131287,2.8493409156799316,0.4234766364097595,5.4999165534973145
-517237731274799638,1.440000057220459,0.4926395118236542,2.193695306777954,0.24176521599292755,1.4578202962875366
-515432103274793252,1.7100000381469727,0.29153716564178467,2.4243762493133545,0.358001708984375,0.30039337277412415
-518837001274788919,1.3600000143051147,0.2545585632324219,2.055556535720825,0.25362685322761536,0.30048495531082153
-519053451274786658,2.0399999618530273,0.15606458485126495,2.1396429538726807,0.6177650690078735,0.4970860779285431
-513686367274787445,1.8600000143051147,0.2972473204135895,2.1426687240600586,0.13332030177116394,0.44470831751823425
-517590466274788254,1.8799999952316284,0.002467196434736252,1.8802000284194946,0.9689700603485107,1.2214187383651733
-515541412274785433,2.680000066757202,0.021355757489800453,2.207371950149536,0.05029517039656639,5.114505290985107
-516630170274785672,2.359999895095825,0.5468373894691467,2.737070083618164,0.27185487747192383,2.0930776596069336
-516495122274784377,1.350000023841858,0.20410630106925964,2.360344409942627,0.1451331228017807,0.5252962112426758
-513550498274781443,2.0299999713897705,0.16778431832790375,1.924525260925293,0.8674905300140381,0.3004613220691681
-514234676274782174,0.8600000143051147,0.1186608225107193,2.586210250854492,0.4946572184562683,1.3206948041915894
-514966400274783256,0.33000001311302185,0.228363499045372,2.986079692840576,0.9999921917915344,2.0493946075439453
-514548023274782276,4.099999904632568,0.1653987467288971,2.51979398727417,0.46952375769615173,2.220766305923462
-515966664274776488,1.7200000286102295,0.47328197956085205,1.8715238571166992,0.8524485230445862,0.300006628036499
-517347758276756316,1.1799999475479126,0.31567057967185974,2.3514974117279053,0.7927585244178772,1.54450261592865
-514113929276752590,0.7599999904632568,0.05707559734582901,1.9808627367019653,0.3890063464641571,0.6915611624717712
-516589001276754070,1.0199999809265137,0.09139717370271683,2.440429449081421,0.4659305512905121,3.4526779651641846
-517765007276753203,0.49000000953674316,0.00178964389488101,2.2714035511016846,0.35088029503822327,5.5
-516249432276741976,0.9900000095367432,0.44467854499816895,1.9085972309112549,0.31048384308815,0.4035030007362366
-519044765276734824,1.2100000381469727,0.2418575882911682,2.1733691692352295,0.030024560168385506,0.7287773489952087
-517083421276738344,0.5799999833106995,0.3643592894077301,3.0449142456054688,0.2128543257713318,1.652398705482483
-514384448276732392,2.6600000858306885,0.28518643975257874,2.240346908569336,0.21924112737178802,0.7405581474304199
-516388321276732561,2.4200000762939453,0.07990875095129013,1.8495806455612183,0.20513801276683807,0.3142200708389282
-518965957276730154,1.5700000524520874,0.4401293694972992,2.6839442253112793,0.39153680205345154,1.008009910583496
-513889228276724730,1.2200000286102295,0.5525287389755249,2.4892232418060303,0.6895058155059814,1.3615224361419678
-515665881276717034,0.8899999856948853,0.7234225869178772,2.257319211959839,0.46817898750305176,0.35508623719215393
-513780845276710889,1.0,0.15389639139175415,2.9522111415863037,0.36322221159935,0.300203412771225
-515697239276713972,0.7900000214576721,0.3129883408546448,2.816210985183716,0.5718851089477539,0.44996610283851624
-515189390276711737,0.6899999976158142,0.13381542265415192,2.336193323135376,0.8846703171730042,0.5978896617889404
-517775307276710720,0.7599999904632568,0.11165154725313187,2.151724338531494,0.4212357997894287,0.7183027863502502
-514983677276709017,1.3200000524520874,0.16060352325439453,2.5374791622161865,0.8722073435783386,1.2665958404541016
-517398579276708859,0.9599999785423279,0.3988235890865326,2.3293261528015137,0.4579333961009979,1.000905156135559
-516060866276708313,2.569999933242798,0.120356485247612,2.4401655197143555,0.16999153792858124,5.499348163604736
-516434016276705169,0.49000000953674316,0.8466642498970032,2.2287747859954834,0.4731485843658447,0.6619576811790466
-515494858276704074,0.8799999952316284,0.5640407800674438,2.6556992530822754,0.37116384506225586,1.177274465560913
-514332232276701467,0.5699999928474426,0.12479741126298904,2.5223753452301025,0.9077665209770203,1.5241963863372803
-518509633276696415,2.0999999046325684,0.08497154712677002,1.801809549331665,0.5843411684036255,0.3000018894672394
-515824177276697571,1.3700000047683716,0.42250627279281616,1.7921223640441895,0.38965925574302673,0.3000006675720215
-514286582276693476,1.7899999618530273,0.18400919437408447,2.6370131969451904,0.4889686107635498,0.9812787771224976
-517847684276693801,1.149999976158142,0.05961582809686661,2.6358282566070557,0.10966567695140839,5.456849575042725
-514776544276693701,1.1399999856948853,4.11129903793335,2.7866427898406982,0.6218089461326599,4.263757705688477
-515656359276686883,3.6600000858306885,0.1407732516527176,2.4310123920440674,0.6136350631713867,1.0195322036743164
-518359247276683750,0.3199999928474426,0.5640221834182739,1.832387089729309,0.9999930262565613,0.47191670536994934
-516848381276680772,0.5899999737739563,1.635709524154663,1.9561583995819092,0.2257632464170456,2.5253043174743652
-515688869276678117,1.1200000047683716,0.16654807329177856,2.6499838829040527,0.6270815134048462,3.3592495918273926
-515202137276675927,1.899999976158142,0.33767855167388916,2.516122579574585,0.39014074206352234,0.7205631136894226
-516205091276674367,2.109999895095825,0.12293397635221481,2.0368499755859375,0.6964539289474487,0.30003371834754944
-515276009276672355,3.359999895095825,0.3464541733264923,2.1539862155914307,0.5333735942840576,1.6798479557037354
-514801495276658762,2.6500000953674316,1.158496618270874,2.3179919719696045,0.9398926496505737,0.30176103115081787
-517567699276654301,1.2200000286102295,0.530590832233429,2.2052290439605713,0.2080283910036087,0.3000570833683014
-515212069276650668,0.6899999976158142,0.2549232244491577,2.8796796798706055,0.35814809799194336,1.4862185716629028
-515033118276648771,1.5399999618530273,0.09612444788217545,2.0158188343048096,0.4281986355781555,0.30127963423728943
-517337748276646974,2.180000066757202,0.007966159842908382,1.735944151878357,0.1563662737607956,1.7984269857406616
-514431691276644362,1.309999942779541,0.5558410286903381,2.7484800815582275,0.5434881448745728,5.4999823570251465
-518365489276636863,1.2400000095367432,0.18512515723705292,2.175602436065674,0.10747838765382767,1.7341285943984985
-516851517276633399,3.369999885559082,0.2875359058380127,2.1295998096466064,0.5011714696884155,5.490846633911133
-518210343276630933,2.8399999141693115,0.16872002184391022,2.6176958084106445,0.4008559584617615,0.8512106537818909
-516414623276630697,1.5,0.3184891939163208,2.6243040561676025,0.5955064296722412,1.12672758102417
-514507791276630458,2.75,0.2011268138885498,2.236427068710327,0.7313733696937561,0.5263665318489075
-518794714276628474,1.4199999570846558,0.25274017453193665,2.8684651851654053,0.5779147744178772,2.1654531955718994
-517560159276618029,1.5800000429153442,0.24280333518981934,2.573094367980957,0.42937126755714417,0.9538066387176514
-517616530276617597,1.3799999952316284,0.12048760801553726,2.5625762939453125,0.5553435683250427,1.1436933279037476
-517872806276611218,1.3200000524520874,0.342813640832901,2.59722638130188,0.4528213441371918,0.6245877742767334
-515758604276608811,1.7999999523162842,0.15672993659973145,2.251251459121704,0.4490218758583069,5.460187911987305
-514614918276605826,1.6299999952316284,0.4051036834716797,2.330925226211548,0.5163202285766602,0.4469282627105713
-517707802276601795,1.9500000476837158,0.32236313819885254,2.18805193901062,0.07939878106117249,0.3000313639640808
-515956131276602385,1.1200000047683716,0.3341621160507202,2.2309470176696777,0.8145638704299927,0.5837607383728027
-518171210276599827,1.8799999952316284,0.08424033969640732,1.8438342809677124,0.4526757299900055,0.3000829815864563
-519013599276598308,1.8300000429153442,0.13902407884597778,1.9613430500030518,0.36251845955848694,0.30040106177330017
-514881223276597367,2.1500000953674316,0.3753461241722107,2.1085476875305176,0.17911651730537415,0.39238113164901733
-516229776276594022,1.0299999713897705,0.35544121265411377,3.172830820083618,0.6821639537811279,4.725521564483643
-514430827276592885,1.100000023841858,0.4769779145717621,2.1123955249786377,0.5685053467750549,0.32272496819496155
-518145981276589531,1.2599999904632568,0.3353574872016907,2.2367453575134277,0.21879398822784424,1.2345964908599854
-515717929276578726,4.480000019073486,0.11171691119670868,2.1557083129882812,0.050984058529138565,1.0093501806259155
-515542495276577730,0.9300000071525574,0.04685724899172783,2.398155689239502,0.5681871771812439,5.44031286239624
-514655165276573953,0.8399999737739563,0.47322413325309753,2.307520627975464,0.5399897694587708,1.286858081817627
-518825633276571967,1.5499999523162842,0.1590953767299652,2.4185473918914795,0.3015507459640503,2.4275853633880615
-514864132276571308,0.33000001311302185,0.4041905105113983,2.478060245513916,0.4122069776058197,0.7254385948181152
-515610763276569777,1.8899999856948853,0.20353923738002777,2.0894858837127686,0.6800554990768433,0.3910822570323944
-516665604276569804,1.7100000381469727,0.5342669486999512,2.0432932376861572,0.33893266320228577,0.32950910925865173
-514595790276568567,1.2100000381469727,0.5912742614746094,1.8945081233978271,0.44217705726623535,0.30000001192092896
-516198233276567853,1.8700000047683716,0.18939170241355896,2.3843822479248047,0.30561721324920654,0.4459688663482666
-518823321276565103,1.2100000381469727,0.21259796619415283,2.2300572395324707,0.45407211780548096,0.32412731647491455
-513658490276562281,0.7900000214576721,0.2639010548591614,2.924518585205078,0.2816179692745209,0.3000037968158722
-514930384276558330,1.309999942779541,0.4232957661151886,2.1501874923706055,0.7165347933769226,0.30000001192092896
-516808793276555846,1.840000033378601,0.5433194637298584,1.839294672012329,0.37497928738594055,0.30000510811805725
-516332521276556033,1.9700000286102295,0.9594800472259521,1.9020419120788574,0.030024072155356407,0.3000468909740448
-515425073276551978,3.3499999046325684,3.3857123851776123,2.0878067016601562,0.603141725063324,3.291107654571533
-513962939276544468,2.4600000381469727,0.14221717417240143,2.6731274127960205,0.656743586063385,1.9880876541137695
-518425295276539863,1.840000033378601,0.2888012230396271,2.2654943466186523,0.5893522500991821,0.9095325469970703
-516265140276537521,2.299999952316284,0.06766195595264435,2.3291947841644287,0.9999582767486572,5.499349117279053
-516789310276534556,1.4800000190734863,0.20945844054222107,2.582371234893799,0.2698577046394348,5.177690029144287
-518500583276532636,1.0299999713897705,0.24823325872421265,2.8376128673553467,0.2289091944694519,5.497873306274414
-517325177276531999,0.6700000166893005,0.39391010999679565,2.2911593914031982,0.1891857236623764,0.510654091835022
-516784683276532296,2.0299999713897705,0.14729565382003784,2.2215943336486816,0.6302299499511719,0.30006927251815796
-517934054276531239,1.9900000095367432,0.3239499032497406,2.2004709243774414,0.4246821403503418,0.30002981424331665
-516688995276528913,1.100000023841858,0.47826147079467773,2.5508573055267334,0.8925537467002869,2.912109613418579
-517906353276527442,2.549999952316284,0.033144596964120865,1.9207061529159546,0.08439024537801743,5.285522937774658
-516133482276527466,2.990000009536743,0.10201392322778702,2.3097128868103027,0.4667215347290039,1.736037015914917
-514333659276523140,0.46000000834465027,0.4169972538948059,2.5492424964904785,0.9997950792312622,1.2665579319000244
-514879047276521188,1.75,0.32964909076690674,2.1532764434814453,0.5668601393699646,0.300000935792923
-518693436276519525,1.8600000143051147,0.12698067724704742,2.5634028911590576,0.03128356486558914,0.4980425238609314
-513932389276518316,2.5899999141693115,0.4591992497444153,2.504530191421509,0.5794396996498108,0.8427531719207764
-513882683276515538,1.149999976158142,0.742405354976654,2.0692694187164307,0.6898753643035889,0.30000004172325134
-517249776276514420,2.2799999713897705,0.12534117698669434,2.199509620666504,0.6303455233573914,0.4484822154045105
-516587046276512174,0.6000000238418579,0.4889504909515381,2.2705681324005127,0.1361464262008667,0.4523301422595978
-517608098276511441,1.5499999523162842,0.14192447066307068,2.272829294204712,0.7833413481712341,0.467014342546463
-516166638276508235,0.8399999737739563,0.17706264555454254,2.7692770957946777,0.36907684803009033,0.6999089121818542
-517366772276507270,2.799999952316284,0.24244117736816406,2.944488763809204,0.28129294514656067,1.2751011848449707
-514100577276504887,3.009999990463257,0.9155049324035645,2.6932976245880127,0.33285021781921387,2.822633743286133
-515682706276503281,1.4700000286102295,0.08593940734863281,2.2259862422943115,0.19006827473640442,5.067352294921875
-514845643276500624,0.6399999856948853,0.6779153943061829,2.7953805923461914,0.36515846848487854,0.5999104380607605
-516302729276492372,1.25,0.23018674552440643,2.3814966678619385,0.35851842164993286,0.5227314233779907
-518292712276485341,2.2300000190734863,0.22045937180519104,2.0660362243652344,0.3577425479888916,0.30234310030937195
-517014916276483284,1.2699999809265137,0.5341556072235107,2.5348737239837646,0.5525999069213867,0.9587135910987854
-513930578276481088,3.259999990463257,0.13461241126060486,2.470461130142212,0.8360796570777893,1.4138249158859253
-517312726276482294,0.4399999976158142,0.12483177334070206,3.0795247554779053,0.8023805618286133,5.495637893676758
-519074433276477993,1.9199999570846558,0.16699932515621185,2.30226731300354,0.24003836512565613,1.5014485120773315
-518804738276473473,3.0999999046325684,0.23035754263401031,2.4021100997924805,0.47326749563217163,0.3001521825790405
-516833144276473286,0.6399999856948853,0.7438101172447205,2.389495849609375,0.35845282673835754,0.6628652811050415
-516504630276472632,1.659999966621399,0.2883797883987427,2.853914737701416,0.2848060429096222,1.0661582946777344
-516022687276471253,2.75,0.23893165588378906,2.4064321517944336,0.4122975468635559,0.6398658752441406
-516621282276469150,2.140000104904175,0.09931973367929459,2.4221479892730713,0.324743390083313,3.1288740634918213
-519090461276465537,2.299999952316284,0.5084455013275146,2.0532095432281494,0.19017887115478516,0.30000001192092896
-514030959276466491,4.440000057220459,0.23052680492401123,1.781216025352478,0.601059079170227,0.30000001192092896
-516054270276465839,0.36000001430511475,1.1749728918075562,4.183682918548584,0.5780749917030334,3.5731396675109863
-513943847276461084,0.49000000953674316,0.10989311337471008,2.3688974380493164,0.5256699919700623,0.35529977083206177
-515798152276461087,1.2699999809265137,0.002417703391984105,1.8822972774505615,0.031668003648519516,0.3002869188785553
-518889200276456509,3.299999952316284,0.22497214376926422,3.041860342025757,0.7003771066665649,1.619357705116272
-515850819276454091,1.3300000429153442,0.21499313414096832,2.232774257659912,0.032783281058073044,0.8595964908599854
-518617542276456403,1.4199999570846558,2.2142858505249023,2.0578393936157227,0.9999076128005981,5.499899387359619
-515755585276457352,0.23999999463558197,0.35557034611701965,2.4198145866394043,0.7802178859710693,0.7473070025444031
-514879160276454541,1.9600000381469727,0.422203004360199,2.536083698272705,0.9999994039535522,1.3142154216766357
-517561593276445146,0.800000011920929,0.9258302450180054,2.2271604537963867,0.433025985956192,1.0104260444641113
-514306543276435186,1.0199999809265137,0.17812727391719818,2.6986351013183594,0.4398382604122162,1.2679603099822998
-517979359276432221,1.9199999570846558,0.08340632170438766,1.6672248840332031,0.057652562856674194,0.35321560502052307
-515931751276424177,1.2200000286102295,0.4429696202278137,3.000018835067749,0.8725698590278625,3.0990121364593506
-517835759276422966,0.9800000190734863,0.5899847745895386,2.763519287109375,0.406414270401001,5.499891757965088
-517587467276416116,0.30000001192092896,6.3882527351379395,5.1161651611328125,0.8601192831993103,5.499999523162842
-516022337276415784,1.9199999570846558,0.5212690234184265,3.1814651489257812,0.4359566569328308,5.498911380767822
-517243221276412607,0.9300000071525574,0.2708371579647064,1.9858067035675049,0.2961636781692505,0.30378949642181396
-519011440276409104,2.740000009536743,0.08831984549760818,1.618643045425415,0.03440755233168602,1.0490416288375854
-516747059276409364,NaN,0.4111326038837433,4.249990940093994,1.0,5.5
-514707597276405251,0.4300000071525574,0.618686318397522,4.219191551208496,0.991199254989624,4.1025543212890625
-518215046276385987,3.2699999809265137,0.24626466631889343,2.4607536792755127,0.3143400251865387,0.6191045045852661
-516952444276381619,0.8600000143051147,0.5599552989006042,1.6624858379364014,0.3016435503959656,0.3000009059906006
-518380604276379504,2.200000047683716,0.3135780394077301,2.182525634765625,0.29476332664489746,0.30008384585380554
-514124805276377367,2.5999999046325684,0.207072913646698,2.370943069458008,0.048764653503894806,5.325382709503174
-517614932276377991,1.4800000190734863,0.1753440648317337,2.3748576641082764,0.579899787902832,1.8973288536071777
-516876163274774287,3.0899999141693115,0.19930891692638397,2.3189425468444824,0.2743253707885742,1.6007483005523682
-516979855274773453,0.9300000071525574,0.3536440134048462,2.369615316390991,0.23596139252185822,0.3249136805534363
-518446970274769531,0.7300000190734863,0.8468160629272461,3.407402992248535,0.6803003549575806,3.6502845287323
-513908710274768976,2.9600000381469727,0.001346323173493147,0.3835980296134949,0.3236760199069977,2.0310873985290527
-514566363274769315,0.6700000166893005,0.504887044429779,2.6733717918395996,0.48741915822029114,0.5792791843414307
-514012592274766612,1.1399999856948853,0.6359766721725464,2.3366336822509766,0.521938681602478,1.4686884880065918
-515430147274764884,1.2200000286102295,0.4611278176307678,2.0539419651031494,0.4820910394191742,0.3000651001930237
-517801205274762889,2.4000000953674316,0.2227865606546402,2.0394351482391357,0.8142948746681213,0.33923959732055664
-516660980274761365,1.4199999570846558,0.8281089663505554,2.2402474880218506,0.7581342458724976,0.5777537822723389
-516699805274760750,1.9199999570846558,0.09323595464229584,1.9753491878509521,0.5869992971420288,0.96870356798172
-514171447274758888,1.25,0.2015068382024765,2.7313754558563232,0.6292734146118164,1.3165335655212402
-515523169274759899,0.7300000190734863,0.62106853723526,2.1309211254119873,0.39472898840904236,0.41731953620910645
-514707785274756706,4.489999771118164,0.25403061509132385,2.1846511363983154,0.10987979918718338,0.3014594614505768
-515914320274751841,3.4100000858306885,0.33608198165893555,2.3632330894470215,0.5203091502189636,0.4639950692653656
-516209391274751643,1.2899999618530273,0.12484238296747208,2.2414698600769043,0.11804650723934174,4.9493584632873535
-516664241274741685,3.5199999809265137,0.21378102898597717,2.1622314453125,0.39564746618270874,0.3780324161052704
-514970437274738775,4.25,0.23810218274593353,2.2293834686279297,0.5316188335418701,0.3422023057937622
-513975043274735791,3.5,0.44905829429626465,2.0178306102752686,0.4950887858867645,0.5819963216781616
-514189021274730762,0.7099999785423279,0.7406866550445557,2.2414214611053467,0.9999504089355469,1.8337767124176025
-514179313274726822,NaN,1.1923669576644897,2.2476868629455566,0.9975547194480896,0.6001734137535095
-514182073274725384,1.2599999904632568,1.0367313623428345,2.1380839347839355,0.9730632901191711,2.264976978302002
-514709434274725182,2.430000066757202,0.236318439245224,2.72019624710083,0.49038609862327576,1.730109453201294
-518872053274719557,1.2000000476837158,1.177582025527954,2.653127908706665,0.23729898035526276,5.374851703643799
-515455878274719909,1.2599999904632568,0.21661248803138733,2.938520908355713,0.5174112319946289,4.528219223022461
-514014388274712645,3.369999885559082,0.17259488999843597,2.245581865310669,0.2829977571964264,0.30000001192092896
-513800625274711364,1.5299999713897705,0.4287285804748535,2.54013729095459,0.1750728338956833,0.3950164020061493
-513958156274710806,0.3199999928474426,0.844842255115509,2.0789270401000977,0.8230248093605042,0.40193426609039307
-515320415274707370,3.1600000858306885,0.24015633761882782,2.2511682510375977,0.37933483719825745,0.47437232732772827
-514517936274706149,0.5899999737739563,0.16254286468029022,2.455231189727783,0.3323996961116791,0.6723753809928894
-518215689274703607,0.4000000059604645,0.6301574110984802,2.721920967102051,0.3465738892555237,0.5639307498931885
-515837662274703379,1.3300000429153442,0.4777034521102905,2.3651492595672607,0.7921936511993408,0.8068040013313293
-513677708274700585,0.3799999952316284,0.7624055743217468,2.6896791458129883,0.4955906569957733,1.0064812898635864
-514612328274700713,2.190000057220459,0.2983640730381012,2.4629762172698975,0.20351387560367584,0.3008005917072296
-514223598274695854,2.440000057220459,0.32190757989883423,2.0421559810638428,0.30373555421829224,0.30044984817504883
-515041745274695128,3.049999952316284,0.41264522075653076,2.081376552581787,0.7187690138816833,0.3000848591327667
-515951808274694739,1.0399999618530273,4.5865983963012695,1.8172667026519775,0.11027661710977554,1.1801704168319702
-518786834274689944,1.309999942779541,0.24981078505516052,2.501997232437134,0.3856084644794464,0.876745343208313
-514109020274689996,1.440000057220459,0.926948606967926,2.917325735092163,0.4748707711696625,5.483227252960205
-513665615274689381,0.5,0.45555633306503296,2.4468812942504883,0.5765923261642456,0.6677069067955017
-514140852274687620,0.6200000047683716,0.16411016881465912,2.9316225051879883,0.47349974513053894,2.9368414878845215
-514556068274688335,0.25999999046325684,0.788510799407959,2.5262579917907715,0.46697500348091125,0.48015013337135315
-516388415274688134,1.2400000095367432,0.8445051908493042,3.3368735313415527,0.41010916233062744,5.4993205070495605
-516969103274686500,0.9599999785423279,0.11713803559541702,2.5731332302093506,0.7444447875022888,0.3000528812408447
-518264167274683591,1.7999999523162842,0.3219209909439087,2.4587976932525635,0.22633212804794312,1.3188694715499878
-518078980274681827,1.0,0.09135948121547699,2.666839599609375,0.635832667350769,2.633784294128418
-517688000274678521,5.829999923706055,0.07813633233308792,2.1161227226257324,0.7536104321479797,1.366607427597046
-517509224274676483,2.549999952316284,0.13822098076343536,2.0692245960235596,0.5292995572090149,0.5076736807823181
-514258761274672822,1.5499999523162842,0.2751308083534241,2.0936121940612793,0.2463725209236145,0.3000029921531677
-513791768274668386,2.0299999713897705,5.1011176109313965,2.0030763149261475,0.9828916192054749,1.5813184976577759
-516760743274659738,1.4500000476837158,0.212961345911026,2.209672689437866,0.6876879930496216,0.30000001192092896
-514212732274654752,1.7200000286102295,0.17287807166576385,1.956221342086792,0.733408510684967,0.30000004172325134
-516928393274653716,1.1200000047683716,0.2499629259109497,1.8335565328598022,0.8973504900932312,0.3000006377696991
-518219612274650902,1.8700000047683716,0.1672641783952713,2.2448511123657227,0.1920705884695053,5.0364885330200195
-516408282274648593,2.930000066757202,0.33614251017570496,2.322444438934326,0.44940385222435,1.517675757408142
-516869824274646119,2.450000047683716,0.2169109582901001,2.536466598510742,0.5320914387702942,1.0119320154190063
-516522558274643744,0.44999998807907104,0.8451179265975952,2.4577701091766357,0.5825191736221313,0.9589670300483704
-514303956274641956,1.2699999809265137,0.3266070783138275,2.4960684776306152,0.681349515914917,0.8986717462539673
-518336761274638695,2.200000047683716,0.3129556477069855,2.200274705886841,0.0300002358853817,0.30279862880706787
-518529681274637496,1.2300000190734863,0.19682206213474274,2.2741973400115967,0.3211057782173157,0.6563621163368225
-516568149274634767,1.7300000190734863,3.596543073654175,2.075969934463501,0.3921111226081848,3.0316789150238037
-514026672274629430,2.299999952316284,0.5307720303535461,2.492842435836792,0.40704599022865295,0.6777088046073914
-514767925274628034,4.349999904632568,4.028360366821289,1.8069926500320435,0.42080700397491455,0.32440149784088135
-514904307274626698,0.9100000262260437,0.0016630911268293858,2.093217134475708,0.052924998104572296,5.43325138092041
-516844316274621385,1.1100000143051147,0.4835597276687622,2.161367654800415,0.4195384681224823,0.30000007152557373
-515071992274617257,0.27000001072883606,0.6853233575820923,2.914353609085083,0.18546104431152344,0.7992892265319824
-513648174274613249,NaN,0.1739017516374588,2.530397415161133,0.462384432554245,0.7503707408905029
-517888004274613068,0.23000000417232513,0.6940878629684448,2.815063238143921,0.8549413681030273,1.0572686195373535
-515719350274608983,2.569999933242798,0.29382485151290894,2.144655466079712,0.2789916694164276,0.3000602126121521
-515411365274607097,2.569999933242798,1.0343196392059326,1.684830904006958,0.22447344660758972,0.9769976735115051
-516924655274600676,2.6500000953674316,3.5590152740478516,1.989791750907898,0.037248238921165466,5.4738287925720215
-516925908274598560,1.3899999856948853,2.441371202468872,2.414013624191284,0.04023725166916847,0.8009548783302307
-516024228274605451,2.680000066757202,0.4737757444381714,3.2599587440490723,0.43657007813453674,3.9901111125946045
-516083633274605252,NaN,0.6771621108055115,4.037901401519775,0.9967291951179504,5.5
-518373543274600582,1.4700000286102295,0.456418514251709,2.156989574432373,0.372770756483078,0.4919873774051666
-518664525274597240,2.0999999046325684,0.3411496877670288,2.444995403289795,0.3958930969238281,5.490630626678467
-518076122274596312,0.7699999809265137,5.273937702178955,2.2092440128326416,0.12447348982095718,0.3247118890285492
-513735574274590516,1.149999976158142,0.4873882532119751,2.3594436645507812,0.5481512546539307,0.507732629776001
-516617211274590599,1.5800000429153442,0.0951152816414833,2.256791353225708,0.3089102506637573,5.499485492706299
-515368309274587944,4.150000095367432,0.029890714213252068,2.015711784362793,0.05299224331974983,0.35466763377189636
-519011907274586098,0.7699999809265137,0.21188755333423615,2.851067304611206,0.4382549822330475,0.8221353888511658
-514881666274586216,4.269999980926514,0.1365126669406891,2.198941946029663,0.03055621311068535,0.8983563780784607
-514220671274584579,2.640000104904175,0.12812314927577972,2.4566757678985596,0.22372564673423767,3.915362596511841
-515278730274585475,1.100000023841858,0.11416620016098022,2.274962902069092,0.6502774357795715,0.3000043034553528
-518711723274582429,1.7999999523162842,0.13789312541484833,2.022843837738037,0.6138707995414734,0.3000040650367737
-519063268274576796,1.2000000476837158,0.3049495220184326,1.9374685287475586,0.5793974995613098,0.33401522040367126
-514012168274574729,1.5199999809265137,0.1258958876132965,1.8880701065063477,0.36146020889282227,0.3000890612602234
-516308049274574931,2.5999999046325684,0.09681686013936996,2.1698784828186035,0.7074783444404602,0.31173428893089294
-513758598274571428,1.1799999475479126,0.610325813293457,2.9749650955200195,0.3114473223686218,1.1149489879608154
-516859671274572967,0.7900000214576721,0.4293803870677948,2.966463804244995,0.5035427212715149,1.0588773488998413
-518904426274563325,2.4100000858306885,0.09165244549512863,1.9172343015670776,0.7315464615821838,0.735950231552124
-515558605274567715,0.41999998688697815,0.2600560188293457,2.7982161045074463,0.8385906219482422,2.420938491821289
-516791751274565352,1.5,0.14133137464523315,2.3867266178131104,0.12348329275846481,3.805440664291382
-513520090274561684,0.4699999988079071,0.5898962616920471,2.711264133453369,0.18678997457027435,0.5606586337089539
-516104237274560811,1.5700000524520874,0.23295801877975464,2.525423288345337,0.23034757375717163,1.133755087852478
-515701119274559065,1.6399999856948853,0.09484510868787766,1.8178043365478516,0.5048382878303528,0.9229151010513306
-513802004274556987,3.140000104904175,0.3828515410423279,1.6779576539993286,0.4134693443775177,0.30001044273376465
-515938251274558754,1.9299999475479126,0.9851877689361572,2.228003740310669,0.39817243814468384,0.30024605989456177
-518210061274555491,0.7300000190734863,1.1080950498580933,2.676528215408325,0.31494882702827454,0.7203223705291748
-518201347274552200,2.0899999141693115,0.07229644805192947,1.7429686784744263,0.6725245118141174,0.4217839539051056
-514774710274549518,0.8999999761581421,0.1577749401330948,2.1360106468200684,0.03000001795589924,0.5374059677124023
-513723510274546085,2.259999990463257,0.2792096734046936,2.1623129844665527,0.03006790019571781,0.30024147033691406
-516043017274545230,2.7799999713897705,0.5996302962303162,2.08122181892395,0.5091683268547058,1.3072468042373657
-517547848274544169,3.4200000762939453,0.46463778614997864,2.6792123317718506,0.39575010538101196,1.2076447010040283
-514257596274539182,3.0899999141693115,0.2057010680437088,2.0227737426757812,0.8958865404129028,0.3003576099872589
-519049970274531102,1.4199999570846558,0.3236677646636963,2.128990650177002,0.2719395160675049,0.7702798843383789
-514945125274529047,2.680000066757202,7.855231761932373,2.271120071411133,0.23844774067401886,3.1080543994903564
-517287061274520178,3.630000114440918,2.7403478622436523,2.0844502449035645,0.2625734806060791,2.6304569244384766
-518910569274516734,1.1200000047683716,0.018936343491077423,2.205498695373535,0.8386519551277161,5.499154567718506
-515432411274514340,1.340000033378601,0.38455772399902344,2.756303071975708,0.6652572751045227,2.283644199371338
-518286793274506748,0.6399999856948853,0.24290674924850464,2.464779853820801,0.5396551489830017,0.9212139844894409
-516893464274506544,1.3799999952316284,0.2763538062572479,2.3492190837860107,0.7511197924613953,0.8763696551322937
-515664093274494476,0.8199999928474426,1.7291032075881958,3.0244674682617188,0.3693719208240509,5.495990753173828
-516007738274493862,0.8100000023841858,0.030310291796922684,2.0579943656921387,0.9112870097160339,1.779491662979126
-515835662274488158,1.3700000047683716,0.5734729170799255,1.9522098302841187,0.2951778471469879,0.30000102519989014
-517918140274486884,4.409999847412109,0.001878346549347043,0.6897910237312317,0.27079954743385315,5.499156475067139
-515597197274487851,0.8500000238418579,0.5651586055755615,2.1450791358947754,0.2843763530254364,0.30000001192092896
-515265562274486089,0.6800000071525574,0.006640011444687843,2.0762341022491455,0.5695163607597351,5.499948024749756
-514214202274482316,1.1299999952316284,0.6105635166168213,2.4342875480651855,0.2294100970029831,0.3000020682811737
-514589397274486957,0.49000000953674316,4.221381187438965,2.018418788909912,0.3210086524486542,0.4736257493495941
-513828649274480445,1.690000057220459,0.040216248482465744,1.8585695028305054,0.23205946385860443,5.446016311645508
-516911362274474762,2.5299999713897705,2.188995361328125,2.5356709957122803,0.7984122633934021,4.868524551391602
-514285858274473523,3.8299999237060547,0.15498608350753784,2.413583278656006,0.30827566981315613,0.4502274692058563
-517369781274471230,0.6100000143051147,0.1409996598958969,2.555737018585205,0.41883885860443115,0.4768494963645935
-517271815274467408,0.6700000166893005,1.5639920234680176,1.9855196475982666,0.6715019941329956,0.8418622016906738
-516529088274466498,1.2999999523162842,0.4426212012767792,2.082273244857788,0.39438357949256897,0.45234885811805725
-514478595274463306,3.1600000858306885,0.22252175211906433,2.139639377593994,0.38185060024261475,0.3122093677520752
-514955143274462473,2.359999895095825,0.2109508514404297,2.011474847793579,0.8171181082725525,0.30082300305366516
-517482855274462528,2.950000047683716,0.03266166150569916,1.5508944988250732,0.974890410900116,0.4190274178981781
-515852045274461757,1.940000057220459,0.281115859746933,1.782938003540039,0.044194094836711884,3.9757754802703857
-514688099274459474,0.6700000166893005,0.22737044095993042,2.2218666076660156,0.7771915793418884,0.7939011454582214
-518201673274460308,0.6100000143051147,3.1767232418060303,2.367656707763672,0.262591689825058,5.323392868041992
-513543939274457122,3.7100000381469727,0.23220416903495789,2.2083370685577393,0.3589323163032532,0.3000493347644806
-515422007274459505,1.409999966621399,0.35295554995536804,2.146589994430542,0.8099483847618103,0.7267940640449524
-517268146274459212,0.3700000047683716,0.25218477845191956,2.4675872325897217,0.6679719090461731,1.0508995056152344
-515041692274454502,3.380000114440918,0.49713754653930664,2.3253979682922363,0.1656474471092224,0.30087313055992126
-514550959276377045,1.309999942779541,0.2568757236003876,2.307041645050049,0.032265253365039825,2.3288376331329346
-516802777276376371,1.4700000286102295,0.2937678098678589,2.191218137741089,0.24268993735313416,0.551292359828949
-518426215276368033,2.430000066757202,0.11658225953578949,2.2713775634765625,0.7542359232902527,0.8202046751976013
-517823059276364983,1.340000033378601,0.44392356276512146,2.322146415710449,0.2385004162788391,0.30000048875808716
-513663048276359785,1.3799999952316284,0.9220241904258728,2.334421157836914,0.30127912759780884,1.8642345666885376
-515536025276363427,1.2999999523162842,0.21638768911361694,2.5848586559295654,0.7368230223655701,1.3582717180252075
-517496746276362577,0.5799999833106995,1.2105234861373901,3.0506255626678467,0.2764301896095276,3.6687726974487305
-515773536276358754,1.3700000047683716,0.33746522665023804,2.27773380279541,0.48607900738716125,0.30000340938568115
-517237650276355371,1.8200000524520874,0.08265911042690277,1.7506318092346191,0.33876827359199524,0.32121825218200684
-516716054276355711,3.5999999046325684,0.4437507390975952,2.6803784370422363,0.3283301889896393,0.936278760433197
-519029173276347537,1.4199999570846558,0.10293633490800858,2.161332368850708,0.4140658676624298,0.3043748736381531
-515533828276347937,0.17000000178813934,0.17514392733573914,2.7656667232513428,0.6964151263237,1.6764878034591675
-516808996276343674,1.940000057220459,0.35566115379333496,2.7489657402038574,0.32447442412376404,0.3208483159542084
-518450533276343440,1.7799999713897705,0.5293658971786499,2.2345190048217773,0.6146824955940247,0.4463711678981781
-518018785276341755,0.7400000095367432,0.2124541997909546,2.3832550048828125,0.9813777804374695,5.499008655548096
-514661139276340847,1.399999976158142,0.335770845413208,2.204242706298828,0.6034014821052551,0.5929791927337646
-514110623276338009,1.6399999856948853,0.645529568195343,2.0690011978149414,0.22933845221996307,0.6101469993591309
-517286555276339073,1.3700000047683716,0.3741021752357483,2.407985210418701,0.12381675094366074,0.8321784734725952
-516357245276336109,1.7100000381469727,0.28576114773750305,2.429105043411255,0.20308548212051392,1.0261536836624146
-514027317276333705,0.2800000011920929,0.8677971959114075,2.5068976879119873,0.8584571480751038,1.0239098072052002
-518676686276332846,1.659999966621399,0.17940005660057068,2.2354774475097656,0.4182026982307434,5.4999895095825195
-513660377276324721,2.119999885559082,0.2493228018283844,2.5350441932678223,0.2112419605255127,1.4042547941207886
-514884849276326344,0.6100000143051147,0.010600084438920021,2.2707931995391846,0.6445984244346619,5.499999523162842
-514604260276324600,1.1399999856948853,0.09382162243127823,2.3366012573242188,0.032894525676965714,0.30050352215766907
-518436732276319358,1.7300000190734863,0.6188971996307373,2.780477285385132,0.34190648794174194,1.704695224761963
-514147568276316560,2.0799999237060547,0.29202258586883545,1.9522444009780884,0.6555060744285583,0.3000146746635437
-518916247276309720,1.2400000095367432,0.4596743583679199,2.6607306003570557,0.1813587248325348,0.3815616965293884
-515085919276300508,1.2799999713897705,0.15845993161201477,2.456972122192383,0.4135006368160248,1.27908456325531
-513622666276295485,3.240000009536743,0.2693972885608673,2.349010705947876,0.2968663275241852,0.30000069737434387
-518379309276283334,3.5899999141693115,0.12783190608024597,1.6899125576019287,0.38685473799705505,0.3002091646194458
-518015203276280327,1.149999976158142,0.16102410852909088,2.190894365310669,0.2832311987876892,0.30032095313072205
-514196634276279232,3.069999933242798,0.3677765727043152,1.6583837270736694,0.1038070097565651,0.3000945746898651
-517404906276279668,0.9399999976158142,0.1192377358675003,2.2124245166778564,0.7078081369400024,2.399122714996338
-515745167276278514,0.8999999761581421,0.40870219469070435,2.154170513153076,0.4485117495059967,0.3000044822692871
-514145017276273826,0.8199999928474426,0.6639683842658997,2.1389172077178955,0.10238459706306458,1.0364174842834473
-514503423276273830,0.20999999344348907,0.4250028431415558,3.792388439178467,0.7813544273376465,3.8737316131591797
-518275650276268910,1.25,0.1390303075313568,2.2493669986724854,0.25134360790252686,0.6241554021835327
-515425881276269316,1.3899999856948853,0.23794007301330566,2.08308744430542,0.8639007806777954,0.30889102816581726
-514212349276268166,1.2100000381469727,0.6599803566932678,2.155247449874878,0.7483463883399963,0.3000352680683136
-516743127276268866,2.119999885559082,0.2928573489189148,2.0107388496398926,0.09123992919921875,0.30036625266075134
-516646234276266037,1.1699999570846558,0.5461025834083557,2.7107627391815186,0.1306188553571701,0.3613649606704712
-516225613276265137,1.409999966621399,0.5038548707962036,2.678622245788574,0.11048618704080582,5.33877420425415
-514502449276263168,2.2300000190734863,0.04107904061675072,2.214259624481201,0.529178261756897,5.499162197113037
-514964412276256073,1.8600000143051147,0.12357122451066971,2.1745541095733643,0.16172190010547638,2.6993322372436523
-518422111276248310,0.8299999833106995,0.20431241393089294,2.294234275817871,0.7548561096191406,1.0618908405303955
-513974929276244667,1.8600000143051147,0.3482983410358429,1.8608050346374512,0.3966704308986664,0.36322808265686035
-514814570276241047,0.7599999904632568,1.9759793281555176,2.551692485809326,0.3022584915161133,4.6708149909973145
-516931344276241301,1.440000057220459,1.0669761896133423,2.5652754306793213,0.33147290349006653,5.437453746795654
-519001309276233209,2.380000114440918,0.12910039722919464,2.2540762424468994,0.44264116883277893,0.9212794303894043
-514740879276230158,1.0700000524520874,0.22274819016456604,2.848066806793213,0.46179917454719543,5.499992370605469
-515273920276229867,2.309999942779541,0.6262710690498352,1.8671338558197021,0.3345526456832886,0.3000049591064453
-515044812276227326,1.25,0.12140565365552902,2.0017457008361816,0.4648343026638031,0.9363219141960144
-517450591276227296,3.059999942779541,0.3425501585006714,1.8808538913726807,0.7083947658538818,0.300025075674057
-517146528276226289,0.8100000023841858,0.04838338494300842,2.1420249938964844,0.39241349697113037,5.499999046325684
-517830041276222161,2.130000114440918,0.07500705122947693,1.8020358085632324,0.34639331698417664,0.30075791478157043
-514687742276221312,0.550000011920929,0.08355320245027542,2.8910305500030518,0.3082602024078369,0.5821612477302551
-517738865276220622,2.140000104904175,0.2722345292568207,2.6551501750946045,0.22939172387123108,0.8956254720687866
-515062064276220356,1.4600000381469727,0.39822134375572205,1.7663387060165405,0.5736966133117676,0.3000001311302185
-516994644276219627,2.0399999618530273,0.04160604998469353,1.8085604906082153,0.055420830845832825,5.410755634307861
-518559839276217925,2.4600000381469727,0.41181668639183044,2.2366318702697754,0.30396896600723267,0.3000029921531677
-515546101276221137,1.3200000524520874,0.6230074763298035,2.4510271549224854,0.30293428897857666,0.3000530004501343
-517589779276210859,1.2799999713897705,0.531189501285553,2.4837491512298584,0.21927790343761444,1.9905574321746826
-514492731276207400,3.809999942779541,0.17403677105903625,2.5007684230804443,0.030031070113182068,0.7626276016235352
-518272525276204631,3.240000009536743,4.092506408691406,2.417628049850464,0.653317391872406,5.499696254730225
-515340042276200644,3.4800000190734863,0.3238441050052643,2.293139934539795,0.5452364087104797,1.2394921779632568
-514818424276197010,2.380000114440918,0.22713081538677216,3.387709140777588,0.33837229013442993,5.4994096755981445
-518020859276192470,1.9299999475479126,0.08951564878225327,2.5754988193511963,0.6210173964500427,5.4999542236328125
-515792247276192677,2.259999990463257,0.17123715579509735,2.238349437713623,0.29334813356399536,0.5317453145980835
-515815968276192542,0.75,0.3180945813655853,2.2377374172210693,0.28176048398017883,0.6663467288017273
-517323835276191179,1.5700000524520874,0.14414364099502563,2.138951539993286,0.8398561477661133,1.230102300643921
-517551633276187104,0.9100000262260437,0.24023407697677612,2.5258214473724365,0.7978225350379944,1.1370841264724731
-515875884276174817,0.7400000095367432,1.2002031803131104,2.48787784576416,0.6007766127586365,0.9333509802818298
-514723755276171775,0.009999999776482582,5.986403465270996,3.556016683578491,0.30459070205688477,1.1096723079681396
-515658324276169801,1.7400000095367432,0.09797728806734085,1.506500005722046,0.589248776435852,0.3000043034553528
-517587250276168569,1.8700000047683716,0.16835033893585205,3.071361780166626,0.40122827887535095,1.7360291481018066
-517196737276168019,2.5299999713897705,0.22746925055980682,1.962279200553894,0.03018990159034729,5.495901107788086
-518997388276156701,0.8299999833106995,0.001378035987727344,1.802293062210083,0.9279389977455139,2.3251099586486816
-517100797276156299,0.8600000143051147,0.15193086862564087,1.9656810760498047,0.7786946892738342,0.30034005641937256
-515769919276156591,1.590000033378601,0.3763183355331421,2.1186747550964355,0.8786153793334961,0.47202053666114807
-517092960276156138,0.4099999964237213,0.7386842966079712,2.813535213470459,0.3433498442173004,0.5445833802223206
-514037089276153064,0.800000011920929,0.44690796732902527,1.8785698413848877,0.24920660257339478,0.424563467502594
-514446596276151941,2.180000066757202,1.102455973625183,2.171781539916992,0.2573874890804291,4.874581336975098
-513645552276150945,1.2599999904632568,0.39906585216522217,1.5803223848342896,0.7920043468475342,1.0720645189285278
-513593973276144391,0.38999998569488525,0.2841000556945801,2.5593135356903076,0.6913829445838928,1.5477087497711182
-515367420276143656,0.6800000071525574,0.4636920392513275,2.1271133422851562,0.4458910822868347,0.30002859234809875
-518828972276141103,1.600000023841858,0.15111690759658813,2.815305233001709,0.643584668636322,1.6955540180206299
-518692213276140615,1.350000023841858,0.21496616303920746,2.434154510498047,0.37841150164604187,1.537915825843811
-513969058276134697,2.6600000858306885,0.08926062285900116,2.0596394538879395,0.2727479040622711,0.301143079996109
-515000772276131929,2.619999885559082,0.14125138521194458,2.044053316116333,0.27125561237335205,0.30004775524139404
-515760330276132155,0.6600000262260437,0.08582315593957901,2.3946754932403564,0.6441054344177246,0.31519556045532227
-513646962276123104,0.6600000262260437,0.3420669734477997,2.4847171306610107,0.8624446392059326,1.0506949424743652
-515758655276124876,2.109999895095825,0.3074958026409149,2.3401601314544678,0.19074979424476624,1.0958194732666016
-515210701276118079,1.659999966621399,0.40992459654808044,2.3292272090911865,0.46855559945106506,2.4137380123138428
-516972506276117352,2.8299999237060547,0.04466509819030762,1.7457356452941895,0.03015218675136566,2.382718801498413
-518296945276115231,0.46000000834465027,0.4071112871170044,2.304964780807495,0.7277134656906128,0.5813767910003662
-517045376276098870,1.059999942779541,12.48591423034668,2.2840325832366943,0.9999868273735046,1.0059646368026733
-515637851276115881,0.8500000238418579,0.5298070907592773,2.4033398628234863,0.5313512086868286,0.8665453791618347
-515828846276107307,1.3300000429153442,7.017724990844727,1.7317912578582764,0.2955985963344574,1.409620761871338
-514825320276102215,2.4200000762939453,0.13821068406105042,2.3156096935272217,0.7033991813659668,0.7881789207458496
-515433660276101540,2.0199999809265137,0.1727021187543869,2.3159217834472656,0.22830849885940552,0.30263829231262207
-518109476276099880,1.649999976158142,0.6024402379989624,2.360687732696533,0.4465985894203186,0.7876806855201721
-517876093276099463,1.2400000095367432,0.7964029908180237,2.6647963523864746,0.18855823576450348,0.5533928275108337
-518028621276098645,1.440000057220459,0.23136575520038605,2.0148746967315674,0.20513390004634857,0.30000197887420654
-514140083276098313,2.109999895095825,0.1909804791212082,2.1770100593566895,0.030026115477085114,5.2602081298828125
-514326428276095949,1.2899999618530273,0.22497691214084625,2.266371011734009,0.18042780458927155,2.3484294414520264
-515668111276095772,1.5199999809265137,0.4894230365753174,2.4021363258361816,0.24676918983459473,3.137822389602661
-514260141276089397,4.170000076293945,0.6865819096565247,2.5084378719329834,0.2751375138759613,1.3950897455215454
-513941159276087942,0.7200000286102295,0.7211385369300842,2.309680938720703,0.20437778532505035,1.1300771236419678
-515607429276090085,1.5299999713897705,0.40665632486343384,1.6223528385162354,0.7649665474891663,0.30082815885543823
-515371458276088128,1.9700000286102295,1.1310516595840454,1.9673960208892822,0.24677744507789612,5.498744964599609
-518824599276083895,2.259999990463257,0.2694457173347473,2.187532901763916,0.18936853110790253,1.5941107273101807
-514380480276081199,3.640000104904175,0.2766996920108795,2.470022439956665,0.17456072568893433,0.9547549486160278
-515632785276081089,1.9900000095367432,0.49036905169487,2.482748508453369,0.30587151646614075,0.7744596004486084
-515262881276080755,1.309999942779541,0.4530630111694336,2.1922688484191895,0.40304461121559143,1.099576711654663
-515961840276077470,3.5399999618530273,0.1354469209909439,2.4926486015319824,0.3433409035205841,0.7699505686759949
-518962685276074433,2.369999885559082,0.15579131245613098,2.4282214641571045,0.5098834037780762,1.6077182292938232
-518651333276075066,2.9200000762939453,0.25144436955451965,2.592294454574585,0.5569831132888794,1.7807800769805908
-516004204276075741,0.7099999785423279,0.23900802433490753,2.944995880126953,0.7644345760345459,1.1419894695281982
-515104228276072445,1.4199999570846558,0.48666107654571533,1.94237220287323,0.18697984516620636,0.3000072240829468
-513740835276071860,0.8799999952316284,0.9085673689842224,1.8596583604812622,0.3464401066303253,1.3755884170532227
-515991763276070224,1.1699999570846558,0.9282952547073364,2.75221848487854,0.862392783164978,1.435334324836731
-516089542276069349,1.0199999809265137,0.4838714599609375,2.069020986557007,0.3581727147102356,0.44118016958236694
-514260609276065187,1.4700000286102295,0.16689208149909973,2.406001567840576,0.5180633664131165,1.0576355457305908
-516074160276058598,1.409999966621399,0.4283222258090973,1.7490743398666382,0.40041956305503845,0.30000001192092896
-516182081276050728,1.8600000143051147,0.3921414911746979,2.6773502826690674,0.3660023510456085,1.6387217044830322
-514671988276045992,3.619999885559082,0.41088011860847473,1.8159518241882324,0.36434751749038696,0.30000045895576477
-516557251276042233,1.309999942779541,0.49591225385665894,1.774477481842041,0.46359559893608093,0.3000098764896393
-516125634276040760,1.159999966621399,0.27339255809783936,2.184920072555542,0.5483522415161133,0.30000826716423035
-513993143276036507,1.0700000524520874,0.6118567585945129,2.880260467529297,0.31766435503959656,2.204122543334961
-516771787276037390,2.0199999809265137,0.18997974693775177,2.3778648376464844,0.3390181064605713,1.1773078441619873
-513870906276029606,1.3899999856948853,0.24856159090995789,2.5982956886291504,0.3548312485218048,4.24044132232666
-515876369276032311,0.6899999976158142,4.729795455932617,1.8294965028762817,0.03027365356683731,0.33645960688591003
-518643497276013550,1.649999976158142,0.2438662052154541,2.110447645187378,0.03000827133655548,0.3020848035812378
-518668323276006742,0.5899999737739563,0.49536898732185364,2.4748828411102295,0.33715757727622986,0.7554439306259155
-517460428276002131,0.8600000143051147,0.17398229241371155,2.4360034465789795,0.4762929081916809,0.603755533695221
-514023471274445517,3.2300000190734863,1.9165722131729126,2.172138214111328,0.4097163677215576,5.466829299926758
-516374103274447539,1.1200000047683716,0.22334769368171692,2.295564889907837,0.5723851323127747,0.8328758478164673
-515474111274445565,0.8399999737739563,0.32525867223739624,2.320166826248169,0.3528246283531189,0.30028268694877625
-513688495274440807,2.690000057220459,0.37120717763900757,2.016235828399658,0.5160292983055115,0.3000028729438782
-515982107274442549,1.559999942779541,0.29738253355026245,2.3279309272766113,0.3839071989059448,2.769094944000244
-516370673274440988,1.2699999809265137,0.428229421377182,2.5021860599517822,0.2578202784061432,0.3008602261543274
-515996720274440085,1.8700000047683716,0.32683923840522766,2.4450674057006836,0.7159219980239868,0.8879887461662292
-513666026274437299,2.440000057220459,0.199103444814682,2.1349806785583496,0.4156915843486786,0.3196636140346527
-515017937274437806,1.5299999713897705,0.35062894225120544,2.7205495834350586,0.3277255594730377,2.3844168186187744
-517513313274436873,3.690000057220459,0.11917702853679657,2.3201725482940674,0.030092161148786545,0.9275374412536621
-515418088274436411,1.0199999809265137,0.33761852979660034,2.2915003299713135,0.5120617747306824,1.1164296865463257
-518277929274433846,1.440000057220459,0.6193467974662781,2.3155767917633057,0.608469545841217,0.5725191235542297
-514139444274432556,2.0,0.162314772605896,2.2016310691833496,0.4942675232887268,3.5288279056549072
-516883592274429747,0.4399999976158142,0.716698169708252,2.981858015060425,0.6937638521194458,1.6675159931182861
-518973311274426063,2.069999933242798,0.23464186489582062,2.417696952819824,0.411674439907074,0.673601508140564
-515539805274427445,1.1200000047683716,0.3757622539997101,2.4747514724731445,0.300695538520813,0.8567283153533936
-518819135274422959,0.7200000286102295,0.18653680384159088,2.7737648487091064,0.36287376284599304,2.788984537124634
-514618918274421948,4.21999979019165,0.14207801222801208,2.037623405456543,0.5663414597511292,0.5443525910377502
-516601598274413169,1.3700000047683716,0.39387083053588867,2.1174163818359375,0.19317449629306793,0.8325124382972717
-515942090274411599,3.509999990463257,0.20758554339408875,2.288315773010254,0.3237878382205963,0.3000001311302185
-517144665274411943,3.450000047683716,0.22353528439998627,2.3278539180755615,0.2808842957019806,0.6202664375305176
-514422176274407105,1.8200000524520874,0.2504021227359772,2.4533162117004395,0.42165282368659973,0.5271365642547607
-514928812274405220,3.240000009536743,0.21107305586338043,2.1791868209838867,0.2157406359910965,0.30400604009628296
-514632460274404374,4.650000095367432,0.0021969182416796684,1.987789511680603,0.8031584620475769,1.2505642175674438
-515160090274403959,1.3899999856948853,3.8782477378845215,2.5607783794403076,0.6896930932998657,5.49339485168457
-514666269274403352,1.9199999570846558,0.11695430427789688,2.497082471847534,0.5562535524368286,3.123237371444702
-515682824274403816,1.2899999618530273,0.08547189831733704,2.154386281967163,0.4211655259132385,1.1250137090682983
-516814262274402546,3.7899999618530273,5.270496845245361,2.3160901069641113,0.4344942569732666,3.4890365600585938
-514384655274400564,0.9700000286102295,0.4625542461872101,2.994580030441284,0.28849995136260986,0.9581849575042725
-518224075274395949,1.2599999904632568,0.4009009003639221,2.3568367958068848,0.34172263741493225,0.3280048668384552
-515095315274398307,0.6700000166893005,5.955394268035889,2.4943244457244873,0.4363574981689453,5.234604835510254
-514015402274393177,0.5699999928474426,0.5894954800605774,2.6365342140197754,0.2614095211029053,0.5748456120491028
-513780372274389279,0.8899999856948853,0.33089473843574524,2.17901873588562,0.5348371267318726,0.6643810272216797
-516303667274390200,1.409999966621399,0.3000890910625458,2.288511037826538,0.21961189806461334,0.5086653828620911
-518359642274379035,4.239999771118164,0.1543290764093399,2.2832202911376953,0.20353665947914124,0.8100912570953369
-518165869274379000,1.6100000143051147,0.3268401026725769,2.1209182739257812,0.4100034534931183,0.7263521552085876
-515420496274379899,0.8799999952316284,0.07349709421396255,2.2654354572296143,0.6234917044639587,1.161860704421997
-513819730274385725,0.7200000286102295,4.226122856140137,2.2730276584625244,0.4004710614681244,2.4512548446655273
-517940074274378136,2.240000009536743,0.08783255517482758,2.4247817993164062,0.030963832512497902,1.0584449768066406
-516099772274376099,0.7099999785423279,0.5746220946311951,2.3760125637054443,0.14879314601421356,0.3000020682811737
-515710523274372516,1.2200000286102295,1.0467995405197144,1.9191157817840576,0.54808109998703,0.30001378059387207
-517523263274366866,1.559999942779541,1.0367940664291382,2.880068063735962,0.6850083470344543,5.487051963806152
-515346859274343266,1.4900000095367432,0.3634414076805115,2.631319999694824,0.3434009552001953,0.9076887965202332
-515534208274342304,1.2599999904632568,0.21712522208690643,2.196898937225342,0.23162545263767242,0.300140380859375
-518939705274335988,0.6399999856948853,0.46602576971054077,2.468250274658203,0.8028911352157593,0.8675457835197449
-516105135274335280,1.190000057220459,0.2853794991970062,2.454402446746826,0.7979024648666382,0.8684496879577637
-515508747274329853,2.009999990463257,0.20254948735237122,2.092754602432251,0.402100533246994,0.30001476407051086
-518743894274327068,1.6699999570846558,0.5729944705963135,2.0082218647003174,0.7942169308662415,0.6142902374267578
-516816810274325866,1.8700000047683716,0.42562296986579895,2.1401872634887695,0.606726884841919,0.3000156879425049
-516784096274326034,0.8999999761581421,0.0839245542883873,1.94424569606781,0.5449396967887878,0.7414050102233887
-514412670274325949,5.559999942779541,1.2286438941955566,2.1328768730163574,0.1506187617778778,1.5003182888031006
-517286141274324849,2.009999990463257,0.06692458689212799,1.8198281526565552,0.9604859948158264,0.300020307302475
-516036493274315658,0.8199999928474426,0.6123743057250977,2.7886993885040283,0.4970966875553131,0.6544324159622192
-516712034274314420,0.800000011920929,6.225292682647705,2.706660509109497,0.7601751685142517,5.4436116218566895
-518022394274313134,2.1600000858306885,0.2505578398704529,2.023660659790039,0.32041460275650024,0.30011823773384094
-515835263274311915,1.25,0.2871954143047333,2.9876227378845215,0.8436367511749268,5.499920845031738
-515007709274309693,4.449999809265137,0.34072715044021606,2.496063709259033,0.22991573810577393,1.681289792060852
-517616429274306939,3.940000057220459,0.09552248567342758,2.2143545150756836,0.7262237071990967,5.493791103363037
-516542593274301700,1.0299999713897705,0.35064977407455444,3.4036808013916016,0.8455144166946411,3.555931806564331
-513908564274299357,1.9299999475479126,0.25631245970726013,2.4124796390533447,0.18819881975650787,1.2657697200775146
-517152060274299331,0.6100000143051147,1.9073326587677002,2.4251210689544678,0.2744714021682739,0.31687912344932556
-514768605274298612,0.8199999928474426,0.11858043074607849,2.2784507274627686,0.6525471210479736,0.47947758436203003
-518370164274294581,2.549999952316284,0.13541848957538605,2.4561164379119873,0.2707120478153229,0.7937672138214111
-513819928274293681,0.5400000214576721,0.009752453304827213,2.3817903995513916,0.9996816515922546,5.469918251037598
-518617499274288977,0.6100000143051147,0.5052239894866943,2.9134764671325684,0.10017576068639755,1.8015536069869995
-515038063274289125,2.1600000858306885,0.23459342122077942,2.749547004699707,0.8849924206733704,1.622729778289795
-515389119274286899,1.7000000476837158,0.18948164582252502,2.201387405395508,0.5904083847999573,0.7129553556442261
-515984618274286582,0.6100000143051147,0.18242377042770386,2.4043848514556885,0.6556675434112549,0.8928044438362122
-515695068274286091,0.800000011920929,0.3358613848686218,3.1078615188598633,0.4503757357597351,4.79849100112915
-518636373274283674,1.840000033378601,0.507776141166687,2.054666519165039,0.2756021022796631,0.30000144243240356
-516640625274285491,1.4600000381469727,0.082724429666996,2.1580605506896973,0.5395158529281616,0.9787656664848328
-516091721274281152,1.4700000286102295,0.7661285400390625,2.4979512691497803,0.4128894507884979,0.5435830354690552
-518121412274279546,2.369999885559082,0.14723467826843262,2.367008686065674,0.20330600440502167,1.366123080253601
-516576038274276823,3.359999895095825,1.1335783004760742,2.300013780593872,0.032463736832141876,3.773895025253296
-514301138274278716,0.5,0.5730047821998596,2.147244930267334,0.2628834545612335,1.0134528875350952
-518589519274275585,0.7699999809265137,0.6225056052207947,2.3702781200408936,0.8281244039535522,0.7846089601516724
-514464350274273837,1.4900000095367432,0.22323919832706451,2.4261789321899414,0.4808613955974579,0.3168196678161621
-518406483274268273,0.4699999988079071,0.5118581056594849,2.8072001934051514,0.5098673701286316,2.079162836074829
-515386076274269325,1.2799999713897705,0.04594838246703148,2.0163941383361816,0.7341195344924927,1.898201823234558
-517423937274266883,0.9100000262260437,0.20800040662288666,2.4111201763153076,0.48142096400260925,0.5761578679084778
-517169786274264087,1.1299999952316284,0.4811939299106598,2.3407013416290283,0.4762415587902069,4.236505508422852
-516508931274263300,0.9700000286102295,0.15591345727443695,2.348378896713257,0.9805021286010742,3.329694986343384
-513567125274259920,2.740000009536743,0.498922735452652,2.351562976837158,0.7917780876159668,0.6577871441841125
-515236375274261657,1.5099999904632568,0.10164836794137955,1.863444209098816,0.03303727135062218,0.810110867023468
-515846686274258845,0.30000001192092896,0.0016260319389402866,1.9739116430282593,0.23911669850349426,5.5
-518117692274253423,2.259999990463257,0.12222457677125931,2.1519131660461426,0.45097509026527405,0.30000001192092896
-514532776274252658,0.6499999761581421,0.39634981751441956,1.8870981931686401,0.1595083773136139,0.3000267446041107
-515235915274251220,4.210000038146973,0.13376641273498535,1.9499458074569702,0.6766999959945679,0.30000022053718567
-517659108274252018,0.7099999785423279,0.046681832522153854,2.4489247798919678,0.03819812461733818,5.410904884338379
-516501166274248013,0.6800000071525574,0.319693922996521,2.810148239135742,0.5045468807220459,1.3933476209640503
-516169026274247315,1.159999966621399,1.0090776681900024,2.1467161178588867,0.17631715536117554,0.7254091501235962
-514364614274245952,0.4399999976158142,0.12085720896720886,2.592160224914551,0.7335367798805237,1.7402423620224
-517013355274245290,1.850000023841858,0.26438871026039124,2.571610689163208,0.633670449256897,1.2045811414718628
-517235492274242554,1.8300000429153442,0.11771494150161743,2.4526610374450684,0.5613663792610168,0.4244028627872467
-518453630274241232,2.0299999713897705,0.7422680258750916,2.3327441215515137,0.030001325532794,0.30000051856040955
-518926045274239129,2.430000066757202,0.09360773861408234,2.0337135791778564,0.3983278274536133,1.5084153413772583
-514154958274236958,0.6800000071525574,0.20271603763103485,2.597245693206787,0.6913663148880005,1.3946813344955444
-515378705274236654,2.0899999141693115,0.2844931483268738,2.369910955429077,0.09486380964517593,0.30311352014541626
-518624796274239106,1.8300000429153442,1.0877090692520142,3.169715166091919,0.4428701400756836,5.499989032745361
-515265358274234609,0.6299999952316284,0.015142956748604774,2.035680055618286,0.16048485040664673,0.3747846484184265
-516144241274233862,3.690000057220459,0.39168721437454224,2.2107605934143066,0.4426945745944977,0.309544175863266
-518253543274231452,3.5299999713897705,0.16639353334903717,2.6095426082611084,0.5648819208145142,1.0899991989135742
-516391849274229517,1.4299999475479126,0.32419079542160034,2.4220314025878906,0.25181517004966736,1.5954450368881226
-515835151274226911,2.059999942779541,0.0536063052713871,2.979055643081665,0.7990033626556396,5.4999589920043945
-514608681274225352,0.8600000143051147,0.3969913423061371,2.4785892963409424,0.548225998878479,0.6844669580459595
-518621608274224554,1.0099999904632568,0.7216852903366089,2.1949243545532227,0.7094123959541321,0.5120612978935242
-516443269274215579,0.7300000190734863,0.0858570784330368,2.1036293506622314,0.3106038272380829,4.5009942054748535
-514776689274204435,1.2799999713897705,0.18903067708015442,3.057809352874756,0.6482119560241699,1.9499856233596802
-515599565274202193,0.8799999952316284,0.401486873626709,2.4601821899414062,0.5432512164115906,0.741797685623169
-513557848274198854,0.28999999165534973,1.1392772197723389,2.6688101291656494,0.9999731779098511,1.7020868062973022
-515830607274200540,1.309999942779541,0.20785415172576904,2.507211208343506,0.25306570529937744,0.5978710055351257
-518475945274215355,4.0,3.1429390907287598,2.5476367473602295,0.3031863868236542,5.202370643615723
-518469604274197820,0.23999999463558197,1.04476797580719,3.3280746936798096,0.3630600869655609,1.3481982946395874
-518005222274193965,0.17000000178813934,1.067309021949768,3.41155743598938,0.4876279830932617,4.04162073135376
-517775425274189931,0.8299999833106995,0.0660325363278389,2.431809663772583,0.99997878074646,2.1709065437316895
-516365380274190289,0.49000000953674316,0.29792559146881104,2.2605397701263428,0.42209988832473755,0.4695170819759369
-518807826274186590,1.0,1.0230885744094849,2.668506622314453,0.7982389330863953,1.4063977003097534
-515453529274181145,0.8399999737739563,0.5675585865974426,3.0535061359405518,0.34265193343162537,2.1574878692626953
-517842848274179062,0.7900000214576721,0.8863944411277771,2.960848808288574,0.911129355430603,5.342644214630127
-516605245274168960,0.49000000953674316,6.515227794647217,1.8058656454086304,0.12654419243335724,1.6304668188095093
-513845068274171459,1.0499999523162842,0.3751066327095032,2.1352827548980713,0.6284087300300598,0.4021448493003845
-516438800274167676,0.3799999952316284,0.4458833932876587,2.6876800060272217,0.4701095223426819,0.5719341039657593
-518431486274164641,1.3700000047683716,0.2486930936574936,2.165306806564331,0.13684114813804626,0.9001922011375427
-513558008274162722,1.3200000524520874,0.33619481325149536,2.198263168334961,0.44209739565849304,0.479488730430603
-518793534274162669,1.350000023841858,0.08139782398939133,1.9049659967422485,0.9508546590805054,0.33612626791000366
-517260446274159281,2.799999952316284,0.207320898771286,2.534287691116333,0.6565761566162109,5.494810581207275
-518134127274153699,0.9399999976158142,0.1530652493238449,2.6051299571990967,0.4929410517215729,0.9487777948379517
-516227907274153578,1.059999942779541,0.6545453667640686,1.5602573156356812,0.25595176219940186,0.30000001192092896
-516893707274150749,2.430000066757202,0.07732706516981125,1.9842642545700073,0.039286691695451736,5.462209701538086
-517623702274149539,2.7699999809265137,0.15775851905345917,1.9451237916946411,0.8621653318405151,0.30002570152282715
-518777017274146057,1.600000023841858,0.21139757335186005,2.26865553855896,0.03066442534327507,0.31358957290649414
-514681127274147139,0.7300000190734863,0.0043697357177734375,2.145439863204956,0.979341447353363,5.499806880950928
-518427834274145872,0.47999998927116394,0.06975855678319931,2.4635274410247803,0.615831196308136,3.424362897872925
-514075222274143637,2.0199999809265137,0.08453196287155151,2.397573947906494,0.35921743512153625,0.9847844839096069
-518604161274142247,1.1799999475479126,0.37910789251327515,2.0423696041107178,0.9106583595275879,0.35372164845466614
-514737180275999410,2.5899999141693115,0.669340193271637,2.1448862552642822,0.5165467858314514,4.177386283874512
-518910060275992249,2.7899999618530273,0.5109026432037354,2.2552483081817627,0.20983867347240448,0.3795148432254791
-515072088275992655,3.440000057220459,0.37467867136001587,2.0726962089538574,0.552891731262207,0.58493572473526
-517880341275991055,5.630000114440918,0.0020115284714847803,1.8232403993606567,0.04140171781182289,5.049994945526123
-513563406275989484,2.190000057220459,0.3045538365840912,2.0357258319854736,0.6004714369773865,0.30000612139701843
-516376818275989268,1.649999976158142,0.48769593238830566,2.3645589351654053,0.6219462752342224,1.086801290512085
-514762268275989532,1.4600000381469727,0.3589634597301483,2.374237060546875,0.41515299677848816,0.4871695935726166
-516659093275988577,1.7599999904632568,0.21754610538482666,2.150377035140991,0.7028200626373291,0.30003198981285095
-517263881275987074,1.2000000476837158,0.13221126794815063,2.150063991546631,0.28925642371177673,2.5417699813842773
-515141872275986193,1.100000023841858,0.19883869588375092,2.425450563430786,0.5365270376205444,0.7486105561256409
-518882065275979272,2.0799999237060547,0.1713419407606125,2.1237807273864746,0.35652440786361694,0.3000069260597229
-516156709275981231,1.1200000047683716,0.2338850200176239,2.4605913162231445,0.38492506742477417,1.415921688079834
-516494280275979491,0.9800000190734863,0.2303333431482315,2.249239921569824,0.8521800637245178,0.6012405157089233
-514533143275977178,0.5699999928474426,0.3028635084629059,2.617858648300171,0.4663962125778198,0.5285317301750183
-516217495275974603,1.2100000381469727,0.26767972111701965,2.38702130317688,0.5205401182174683,1.2343922853469849
-517577821275971220,1.2699999809265137,0.2874942719936371,2.2807209491729736,0.05685894936323166,1.1078863143920898
-517760047275970152,2.109999895095825,0.08044715225696564,3.233747959136963,0.38380321860313416,5.499891757965088
-517569910275967049,1.0800000429153442,0.21542143821716309,2.569507122039795,0.27757054567337036,0.9869289994239807
-516704989275967666,0.8100000023841858,0.03851047903299332,2.444739580154419,0.5810292959213257,4.743101119995117
-518707312275963330,0.5199999809265137,0.12261339277029037,2.9727792739868164,0.5129433870315552,3.3918681144714355
-515230175275961178,1.7000000476837158,0.2870926260948181,2.5057899951934814,0.7208728194236755,1.6901087760925293
-515723622275960201,0.6499999761581421,0.5044127702713013,3.036522150039673,0.36993828415870667,1.2258319854736328
-514575343275955380,1.3899999856948853,0.304257869720459,2.436213970184326,0.3557533919811249,2.467878818511963
-513865976275952287,1.840000033378601,0.4413844347000122,2.4260494709014893,0.1466449648141861,0.43681153655052185
-513702953275951579,0.7099999785423279,0.17290347814559937,2.8040859699249268,0.719635009765625,2.7380311489105225
-516563836275951672,0.8199999928474426,0.7273293137550354,2.2010443210601807,0.14878839254379272,0.45357969403266907
-514957104275950199,0.3499999940395355,0.16407868266105652,0.8550443649291992,0.5896905064582825,5.493416786193848
-517851812275949671,0.8899999856948853,0.3313358426094055,2.2654824256896973,0.14683085680007935,2.6091854572296143
-514181699275948791,NaN,1.3754969835281372,2.5790276527404785,0.31446152925491333,0.36207398772239685
-515500138275948501,0.6100000143051147,0.3155595064163208,2.5910754203796387,0.3500744104385376,1.034467101097107
-515856473275948394,1.4500000476837158,0.25407305359840393,2.4899115562438965,0.9752066731452942,0.7999392747879028
-516250145275947224,0.38999998569488525,0.9965640902519226,2.17112135887146,0.4432298541069031,1.0266786813735962
-516551929275946544,1.3700000047683716,0.0022190986201167107,2.0084331035614014,0.11542664468288422,0.8304826021194458
-514893945275945657,1.809999942779541,0.2573883831501007,2.275148630142212,0.2369094341993332,0.3004283010959625
-517164667275944044,4.239999771118164,0.41318589448928833,2.1854801177978516,0.4963836967945099,1.6327356100082397
-514831910275941667,1.7799999713897705,0.2864685356616974,2.327615261077881,0.19292645156383514,0.30001989006996155
-517237315275940165,0.25,1.2565962076187134,3.583815097808838,0.40151265263557434,1.1578339338302612
-516776864275939707,2.509999990463257,0.12328602373600006,2.434122323989868,0.2581806480884552,0.9562888741493225
-517678453275936031,0.6499999761581421,0.1249723955988884,2.673079013824463,0.4651566743850708,1.0224336385726929
-518460682275934121,2.4000000953674316,0.11146937310695648,2.2076613903045654,0.598449170589447,0.6561304330825806
-516791914275933008,0.800000011920929,0.10892889648675919,1.7300832271575928,0.048084814101457596,0.30476391315460205
-515564831275926793,1.2100000381469727,0.3687645196914673,3.193420886993408,0.40919697284698486,1.1012638807296753
-514484475275931787,1.9199999570846558,0.5905328392982483,2.1112911701202393,0.03363719955086708,0.3000326454639435
-514125554275923347,0.4399999976158142,8.790739059448242,1.755744457244873,0.1273723542690277,1.4803266525268555
-516744441275921254,1.6699999570846558,0.32375138998031616,2.9253406524658203,0.724236249923706,1.3022356033325195
-518782402275918480,0.8600000143051147,0.6069265604019165,3.029431104660034,0.22404983639717102,1.4694260358810425
-515520634275918432,0.9599999785423279,0.399695485830307,2.5097339153289795,0.30921074748039246,0.723437488079071
-515658851275917920,0.46000000834465027,0.35155582427978516,2.156489849090576,0.8470083475112915,0.8632267117500305
-515300809275916465,2.0,0.07392723858356476,2.1562023162841797,0.06334446370601654,2.7694902420043945
-518856111275914263,0.4300000071525574,0.0033686200622469187,2.583669900894165,0.03548397868871689,5.43749475479126
-517102202275912722,1.0199999809265137,0.277787983417511,2.2403786182403564,0.905040979385376,0.7028346657752991
-516611420275909171,2.059999942779541,0.12984423339366913,2.2058756351470947,0.5057507157325745,0.33877602219581604
-516069794275909151,1.6100000143051147,0.11521726101636887,1.8302185535430908,0.5463196039199829,0.3000139594078064
-516266838275908739,1.659999966621399,0.14649666845798492,2.589825391769409,1.0,1.1897226572036743
-515031752275902783,1.159999966621399,0.2242787629365921,2.2737841606140137,0.6875821948051453,0.8880385756492615
-515943349275902550,0.4099999964237213,0.444627583026886,2.5265109539031982,0.27270936965942383,0.8913503289222717
-516035191275901935,1.0700000524520874,0.23941653966903687,3.1011769771575928,0.6216313242912292,3.4027414321899414
-516514636275901434,3.690000057220459,0.3366752564907074,2.2698285579681396,0.14757230877876282,0.3001384139060974
-518369927275895984,1.9299999475479126,0.5506497621536255,1.8692822456359863,0.22822396457195282,0.3063099980354309
-516370708275897211,1.399999976158142,0.3044779598712921,1.68562650680542,0.21059367060661316,0.30013343691825867
-514638524275895236,0.3400000035762787,1.523531198501587,2.8756141662597656,0.16256479918956757,0.44368356466293335
-515506031275895578,1.4500000476837158,0.27808016538619995,1.954277753829956,0.03495810925960541,4.793825149536133
-514809128275894188,1.3600000143051147,0.43811067938804626,2.670466661453247,0.3999287188053131,1.085096001625061
-517701417275892470,2.240000009536743,0.4226274788379669,2.159120559692383,0.5646825432777405,0.30000001192092896
-515502726275891292,1.3799999952316284,0.8852238059043884,2.0494067668914795,0.48131051659584045,1.284010648727417
-516344986275888895,0.8299999833106995,0.5172878503799438,1.7741578817367554,0.6577078104019165,0.3000009059906006
-516932382275888388,1.940000057220459,0.2291797399520874,2.2066664695739746,0.27754926681518555,0.3003910481929779
-515926238275888154,2.690000057220459,0.16972331702709198,2.7185070514678955,0.3035714626312256,2.9581198692321777
-514018219275874968,2.3399999141693115,0.007251651957631111,1.7963382005691528,0.8548271059989929,0.9087206125259399
-518691434275854524,1.0700000524520874,3.1536548137664795,2.067617654800415,0.22905443608760834,1.7276051044464111
-517201849275868281,2.5799999237060547,0.31007131934165955,2.194780111312866,0.22646799683570862,0.9171563982963562
-514458469275865655,1.7100000381469727,0.4636312425136566,2.47939133644104,0.26631659269332886,0.30000001192092896
-516834328275859771,3.1600000858306885,0.713846743106842,2.515911102294922,0.3849293291568756,4.084070682525635
-514932141275858501,0.4699999988079071,0.19391551613807678,2.586318254470825,0.3739968240261078,0.9998668432235718
-513618931275854092,1.0399999618530273,0.4406311810016632,2.040430784225464,0.683157742023468,0.3000015318393707
-516396914275856266,1.840000033378601,0.14767920970916748,2.649850845336914,0.34467047452926636,1.4680812358856201
-514814562275855322,2.0999999046325684,0.19702550768852234,2.2170701026916504,0.1289498209953308,0.3000788688659668
-517648306275852741,2.880000114440918,0.08336879312992096,2.7096590995788574,0.2695521414279938,2.022702932357788
-516696461275849069,0.1899999976158142,0.5151367783546448,2.717641592025757,0.9068505764007568,0.7232616543769836
-516653047275848213,1.6699999570846558,0.006650180090218782,2.7187037467956543,0.5032375454902649,0.8510593175888062
-516359708275847341,0.8600000143051147,0.09996019303798676,2.196687698364258,0.7427253127098083,0.8659970164299011
-513721191275838531,2.869999885559082,0.23969992995262146,2.1483466625213623,0.3861512243747711,1.4663383960723877
-514189372275837809,NaN,0.002962394617497921,1.8401976823806763,0.9928126931190491,5.460695743560791
-515783254275837451,0.20999999344348907,0.23643021285533905,2.540583610534668,0.5674664974212646,0.7966346144676208
-517564696275836165,1.0700000524520874,0.22338122129440308,2.489654064178467,0.4777391850948334,0.6124559044837952
-517782827275829735,1.399999976158142,3.8931026458740234,2.134892702102661,0.3138432800769806,3.689112424850464
-515370772275825685,2.8299999237060547,0.32794079184532166,2.119138240814209,0.6684799790382385,0.31800466775894165
-515624761275824450,2.5,0.33407315611839294,2.4860217571258545,0.7021175622940063,1.1248923540115356
-515640287275824067,2.700000047683716,0.3716859221458435,2.6333041191101074,0.4167974293231964,0.5291920900344849
-515202748275822001,0.25999999046325684,0.6192535161972046,2.6795578002929688,0.7117377519607544,1.4866271018981934
-518824680275809994,0.9399999976158142,0.2087041437625885,2.6110401153564453,0.4776442050933838,0.9420709013938904
-515435325275806573,1.9299999475479126,0.28716403245925903,2.211446762084961,0.23269176483154297,0.45732221007347107
-518781423275801000,1.7000000476837158,0.15336719155311584,2.4780919551849365,0.47069230675697327,0.7428709268569946
-513937986275798264,0.6700000166893005,0.32445067167282104,2.0056416988372803,0.3183353841304779,0.30179816484451294
-517799742275797172,2.890000104904175,0.14950920641422272,2.2479164600372314,0.7059497237205505,0.6678388118743896
-515814481275796637,2.359999895095825,0.22479982674121857,2.0628957748413086,0.31936562061309814,1.3048388957977295
-517027848275796452,1.3300000429153442,0.7784677743911743,1.74070143699646,0.15486982464790344,0.300067663192749
-514560851275795320,2.240000009536743,0.411661833524704,2.172989845275879,0.3780897259712219,0.47800254821777344
-513635117275793346,1.7699999809265137,0.12576662003993988,2.4619059562683105,0.7138128876686096,1.128609538078308
-518782762275787315,2.430000066757202,0.30414846539497375,2.56685471534729,0.324496328830719,0.8945233225822449
-517799047275786881,1.2999999523162842,1.5871853828430176,2.64511775970459,0.12930120527744293,5.324317932128906
-513678541275784901,2.299999952316284,0.3694133460521698,2.07497239112854,0.8019235134124756,0.4209800362586975
-516990574275784434,0.17000000178813934,2.1774604320526123,2.8321871757507324,0.7254911065101624,1.2347426414489746
-513984168275771175,1.940000057220459,0.2651568353176117,1.8740296363830566,0.5248553156852722,0.30000001192092896
-517427291275771458,1.1699999570846558,0.2901957333087921,2.454237699508667,0.29867106676101685,1.791313886642456
-518129668275769950,1.100000023841858,0.7505993843078613,3.2009832859039307,0.5600651502609253,3.3203306198120117
-516268373275770929,0.5799999833106995,0.18844252824783325,2.6693012714385986,0.5301899909973145,1.271026611328125
-518137817275769309,1.4500000476837158,0.30061814188957214,2.1667277812957764,0.2528608739376068,0.30000001192092896
-515731714275769478,3.2899999618530273,0.451884925365448,2.380765199661255,0.44190680980682373,1.1350387334823608
-515075762275766826,3.4700000286102295,0.3511221408843994,2.0999486446380615,0.6857181191444397,0.7211182713508606
