object_id,right_ascension,declination,flag_vis,semimajor_axis,semimajor_axis_err,position_angle,position_angle_err,ellipticity,ellipticity_err
-861413194086635739,86.14131945404272,-8.663573995957794,0,1.0986301898956299,NaN,-3.702897310256958,NaN,0.5262401700019836,NaN
-861405378086627909,86.14053780477512,-8.66279095518281,0,1.3120558261871338,NaN,-22.327112197875977,NaN,0.11724093556404114,NaN
-861400118086757120,86.14001180215702,-8.675712013996433,0,1.168915867805481,NaN,39.45311737060547,NaN,0.047568634152412415,NaN
-861379192086729442,86.13791926603861,-8.672944292371911,0,1.3983752727508545,NaN,-6.183259010314941,NaN,0.10124614089727402,NaN
-861374031086743703,86.13740318581024,-8.674370301758405,0,1.4411351680755615,NaN,-22.50311851501465,NaN,0.020175442099571228,NaN
-861366727086301428,86.13667274833075,-8.6301428316727,0,3.12864089012146,NaN,-74.3186264038086,NaN,0.45755496621131897,NaN
-861365846086511945,86.13658461696939,-8.651194594493854,0,1.4727423191070557,NaN,-19.02931785583496,NaN,0.05750685930252075,NaN
-861355803086191483,86.13558030037548,-8.61914835231925,0,1.456540584564209,NaN,-0.11862017214298248,NaN,0.046820130199193954,NaN
-861355471086901958,86.13554715909079,-8.690195810872225,0,1.266442060470581,NaN,-61.467227935791016,NaN,0.03727018088102341,NaN
-861349444086306611,86.13494445332964,-8.630661118749503,0,1.280860424041748,NaN,-35.48598861694336,NaN,0.08892954140901566,NaN
-861339098087009706,86.13390989749477,-8.700970647535563,0,1.4039678573608398,NaN,9.799452781677246,NaN,0.05745675042271614,NaN
-861329992086923528,86.13299925695166,-8.692352817157941,2,3.6843814849853516,NaN,-23.018239974975586,NaN,0.4960952699184418,NaN
-861328779086927125,86.13287795243583,-8.692712573008276,2,1.4034875631332397,NaN,-26.13283348083496,NaN,0.25090673565864563,NaN
-861328467086924880,86.1328467693972,-8.692488043797571,2,2.7252323627471924,NaN,-18.550350189208984,NaN,0.41230180859565735,NaN
-861326677086927293,86.1326677802681,-8.69272935181188,2,4.343585014343262,NaN,18.23897361755371,NaN,0.3437327444553375,NaN
-861321234086969773,86.13212340679917,-8.696977349745268,0,1.8742495775222778,NaN,-43.17695236206055,NaN,0.1689506471157074,NaN
-861320530086904972,86.13205302081631,-8.690497257549163,0,1.7301174402236938,NaN,58.520050048828125,NaN,0.016214823350310326,NaN
-861317939086942840,86.13179399598778,-8.694284057721752,0,1.3486672639846802,NaN,79.7271728515625,NaN,0.19736526906490326,NaN
-861317463085783923,86.13174639283362,-8.578392302150133,0,1.7652231454849243,NaN,-5.338596343994141,NaN,0.6441762447357178,NaN
-861316511086897014,86.13165115810565,-8.689701431919747,0,1.132802963256836,NaN,-0.5009791851043701,NaN,0.13348020613193512,NaN
-861313215085890164,86.13132150030158,-8.589016497141563,0,0.9020647406578064,NaN,-11.643597602844238,NaN,0.13932009041309357,NaN
-861310241087003575,86.13102419427025,-8.700357558723152,0,5.558487415313721,NaN,61.550804138183594,NaN,0.5952082276344299,NaN
-861307702085901657,86.130770280012,-8.59016572671159,0,0.6849414706230164,NaN,-67.74639129638672,NaN,0.22316229343414307,NaN
-861307313087338799,86.13073138164025,-8.733879925524418,0,1.3770791292190552,NaN,-57.123291015625,NaN,0.040711794048547745,NaN
-861307138085776277,86.13071386940797,-8.57762776475595,0,1.3991366624832153,NaN,-31.718564987182617,NaN,0.21466922760009766,NaN
-861297993086999567,86.12979931149633,-8.699956781824099,0,6.136253356933594,NaN,65.67212677001953,NaN,0.39962151646614075,NaN
-861296730086937304,86.1296730991914,-8.693730496625989,2,1.804664969444275,NaN,2.4094724655151367,NaN,0.40205466747283936,NaN
-861296377086043636,86.12963776023425,-8.604363630394538,0,1.1257964372634888,NaN,11.913714408874512,NaN,0.1181524246931076,NaN
-861295766086938062,86.12957662169909,-8.693806269289333,2,1.3711073398590088,NaN,-54.17634201049805,NaN,0.4641832113265991,NaN
-861295068087109294,86.12950684553991,-8.710929492385505,2,1.6294537782669067,NaN,-16.27996826171875,NaN,0.5525047779083252,NaN
-861294457086939178,86.1294457187077,-8.693917885795408,2,2.29209303855896,NaN,31.23461151123047,NaN,0.5301581621170044,NaN
-861294356087112378,86.12943562178215,-8.71123784487343,2,2.1065640449523926,NaN,-32.47996520996094,NaN,0.6129493713378906,NaN
-861294053087110577,86.12940538994344,-8.711057738338809,2,2.096205472946167,NaN,25.612934112548828,NaN,0.598722517490387,NaN
-861293738086988351,86.12937382278794,-8.698835166935092,0,3.153315782546997,NaN,-63.481319427490234,NaN,0.2001766562461853,NaN
-861292949086940603,86.12929493100384,-8.694060328805095,2,2.0209949016571045,NaN,10.975896835327148,NaN,0.568414032459259,NaN
-861292608087113815,86.1292608764538,-8.711381542653756,2,3.864896774291992,NaN,-18.968082427978516,NaN,0.5001705884933472,NaN
-861292234087110488,86.12922340543803,-8.711048831470942,2,2.372573137283325,NaN,34.63719940185547,NaN,0.2241085171699524,NaN
-861292061086941575,86.12920616507579,-8.69415759316566,2,1.0804084539413452,NaN,49.13821792602539,NaN,0.18348634243011475,NaN
-861290440087117665,86.12904405778059,-8.711766521011906,2,8.032632827758789,NaN,8.028629302978516,NaN,0.5952113270759583,NaN
-861290016087112342,86.12900163621408,-8.711234270086777,2,2.2493278980255127,NaN,84.28778076171875,NaN,0.0616547092795372,NaN
-861289884087109129,86.12898840670961,-8.710912964536373,2,1.4103243350982666,NaN,-15.412569999694824,NaN,0.4521602392196655,NaN
-861288831087107567,86.12888315644896,-8.710756724969684,2,2.1116297245025635,NaN,-89.82200622558594,NaN,0.6057177186012268,NaN
-861287286087124327,86.12872862776008,-8.712432785640802,0,4.742992877960205,NaN,12.475229263305664,NaN,0.36562269926071167,NaN
-861287198087110100,86.12871983258793,-8.711010066813481,2,4.49875020980835,NaN,62.21820831298828,NaN,0.40106233954429626,NaN
-861286961086448346,86.12869616814672,-8.644834659868323,0,1.188395380973816,NaN,-15.895402908325195,NaN,0.16697736084461212,NaN
-861285111086106772,86.1285111233851,-8.610677291447724,0,1.8506255149841309,NaN,-85.20504760742188,NaN,0.019558262079954147,NaN
-861284884085781177,86.12848840709272,-8.578117799267115,2,1.818684697151184,NaN,-32.83445739746094,NaN,0.04297911748290062,NaN
-861284763086721998,86.12847636849175,-8.672199884036063,0,1.425111174583435,NaN,-40.29242706298828,NaN,0.06678947061300278,NaN
-861282902087169968,86.12829026558916,-8.7169968131404,0,1.9340569972991943,NaN,42.76879119873047,NaN,0.09262048453092575,NaN
-861282085085781911,86.12820852094825,-8.578191150927736,2,1.1544407606124878,NaN,48.190128326416016,NaN,0.34020593762397766,NaN
-861280955087220142,86.12809559627534,-8.722014206049339,0,56.51150894165039,NaN,83.4283676147461,NaN,0.9077662229537964,NaN
-861279723086981309,86.12797239437056,-8.698130973065906,2,70.66405487060547,NaN,28.273283004760742,NaN,0.5736830830574036,NaN
-861278029087135317,86.1278029349355,-8.713531739786058,2,2.0337016582489014,NaN,42.7525520324707,NaN,0.4183449447154999,NaN
-861277199087134230,86.12771995734465,-8.713423062643377,2,2.9874656200408936,NaN,56.98984146118164,NaN,0.5140382647514343,NaN
-861274747087132921,86.12747479939527,-8.713292146544989,2,1.9864088296890259,NaN,-15.055438041687012,NaN,0.6226519346237183,NaN
-861274667087134959,86.12746670019598,-8.713495965630695,2,2.3041281700134277,NaN,44.173622131347656,NaN,0.42752841114997864,NaN
-861274313087327758,86.12743135905737,-8.732775823082537,0,1.386883020401001,NaN,-70.73002624511719,NaN,0.2838236093521118,NaN
-861273383085777237,86.12733835320854,-8.577723700979421,0,1.2547188997268677,NaN,58.25844955444336,NaN,0.08606937527656555,NaN
-861273358086614042,86.12733587399006,-8.6614042596189,0,1.819791555404663,NaN,14.171454429626465,NaN,0.006842361763119698,NaN
-861272802085381102,86.1272802517759,-8.538110210903847,0,3.1994171142578125,NaN,14.29241943359375,NaN,0.153272345662117,NaN
-861271039085551065,86.12710398896827,-8.555106544029096,0,3.3500497341156006,NaN,83.88815307617188,NaN,0.35373952984809875,NaN
-861266257085452737,86.12662577416475,-8.545273758059137,0,1.530787467956543,NaN,-44.96525573730469,NaN,0.06884646415710449,NaN
-861262092085627408,86.12620928034858,-8.562740890863292,0,1.6135705709457397,NaN,-30.007192611694336,NaN,0.05617084354162216,NaN
-861260696085964317,86.12606962077416,-8.596431713329219,0,1.2243210077285767,NaN,-84.1103515625,NaN,0.03175252303481102,NaN
-861257805085628843,86.12578050215848,-8.562884345779207,0,0.9978560209274292,NaN,-2.6249637603759766,NaN,0.11284852772951126,NaN
-861257031086938992,86.12570310888316,-8.69389923115147,2,3.628209114074707,NaN,-48.154747009277344,NaN,0.6490577459335327,NaN
-861254243086938533,86.12542433441078,-8.693853324227826,2,3.695420503616333,NaN,6.930819034576416,NaN,0.16845060884952545,NaN
-861253696085965183,86.12536969205104,-8.596518314338585,0,1.2553645372390747,NaN,-44.31101608276367,NaN,0.05676782503724098,NaN
-861252491085197733,86.1252491129545,-8.519773386395272,0,1.233820915222168,NaN,-11.308304786682129,NaN,0.480636864900589,NaN
-861248581086644940,86.12485813358822,-8.664494020691153,0,1.4771630764007568,NaN,-38.563724517822266,NaN,0.13183967769145966,NaN
-861247796085292783,86.1247796563759,-8.529278331964074,0,1.489144206047058,NaN,-68.4407958984375,NaN,0.32094845175743103,NaN
-861246932087303566,86.12469325661051,-8.7303566494236,0,1.1764192581176758,NaN,-48.48325729370117,NaN,0.1779785454273224,NaN
-861246563085843150,86.12465634338717,-8.584315007011025,0,1.0821378231048584,NaN,55.578006744384766,NaN,0.19123923778533936,NaN
-861245175085204000,86.12451759862633,-8.520400049594956,0,2.8005943298339844,NaN,53.56145477294922,NaN,0.6631803512573242,NaN
-861243432086143680,86.12434327395017,-8.614368044811664,0,2.6870861053466797,NaN,-67.04511260986328,NaN,0.3820458948612213,NaN
-861241809087421007,86.12418092600267,-8.7421007367733,0,1.480851650238037,NaN,1.7366740703582764,NaN,0.03125210478901863,NaN
-861240988085111107,86.12409886036744,-8.51111074417853,0,1.4656195640563965,NaN,-14.51528549194336,NaN,0.08632045984268188,NaN
-861237953085504103,86.12379530908107,-8.550410321618223,0,1.556668996810913,NaN,-67.65897369384766,NaN,0.10416444391012192,NaN
-861236763085171643,86.12367636454474,-8.517164332319263,0,0.783097505569458,NaN,18.496965408325195,NaN,0.12786804139614105,NaN
-861236611087527960,86.1236611989237,-8.752796038636076,0,1.5363229513168335,NaN,27.379304885864258,NaN,0.11332521587610245,NaN
-861236244085783243,86.12362444510886,-8.578324325555222,0,1.8607532978057861,NaN,-1.1902998685836792,NaN,0.03793803229928017,NaN
-861235459086893203,86.12354596982496,-8.689320340434875,0,7.440212249755859,NaN,1.0449765920639038,NaN,0.6002166271209717,NaN
-861232063087371983,86.1232063101067,-8.737198397007926,0,1.2463297843933105,NaN,83.34883880615234,NaN,0.29163140058517456,NaN
-861230411085273338,86.12304113474474,-8.527333857373224,2,2.012220621109009,NaN,0.821188747882843,NaN,0.05227367952466011,NaN
-861229744087278752,86.12297444307534,-8.727875263332528,0,2.1248199939727783,NaN,44.41903305053711,NaN,0.3097632825374603,NaN
-861229229086787824,86.12292296220198,-8.678782489484922,2,2.401364326477051,NaN,-74.62982940673828,NaN,0.16361543536186218,NaN
-861228299086791499,86.1228299646051,-8.679149927185824,2,3.722665786743164,NaN,-63.919151306152344,NaN,0.16154171526432037,NaN
-861228207086789410,86.12282073946466,-8.67894103908084,2,1.2614729404449463,NaN,82.78551483154297,NaN,0.2117607742547989,NaN
-861227687085303550,86.12276875424064,-8.530355042161373,0,1.1508972644805908,NaN,53.604835510253906,NaN,0.12380219250917435,NaN
-861227569087226086,86.12275699071984,-8.722608678083493,2,3.687668800354004,NaN,-62.0722541809082,NaN,0.12620514631271362,NaN
-861227496086777485,86.12274964828545,-8.677748580240367,2,3.5185434818267822,NaN,17.748428344726562,NaN,0.5850083827972412,NaN
-861227387086782612,86.12273874734909,-8.678261201712642,2,7.102140426635742,NaN,9.684926986694336,NaN,0.4813474118709564,NaN
-861227214085919139,86.12272147324275,-8.591913954034158,0,1.339422583580017,NaN,-10.806937217712402,NaN,0.04524175077676773,NaN
-861226946087228285,86.12269469908028,-8.722828598780822,2,2.432828664779663,NaN,80.7625961303711,NaN,0.528337836265564,NaN
-861226855085272441,86.12268556165918,-8.527244111601643,2,1.918549656867981,NaN,-16.598236083984375,NaN,0.6897516846656799,NaN
-861225223087227443,86.12252239385047,-8.722744365025433,2,1.6632777452468872,NaN,-83.30108642578125,NaN,0.5439521670341492,NaN
-861224746087320675,86.12247464963183,-8.7320675276572,0,1.5572373867034912,NaN,-35.98421859741211,NaN,0.1299639344215393,NaN
-861223586087228341,86.122358636499,-8.722834110376592,2,2.703968048095703,NaN,-52.09189987182617,NaN,0.3451266884803772,NaN
-861220543085378652,86.12205434598525,-8.537865271813942,0,1.206485629081726,NaN,-33.37843322753906,NaN,0.039646491408348083,NaN
-861220299087633825,86.12202996166685,-8.763382526669114,0,1.7420564889907837,NaN,83.5238265991211,NaN,0.1334788054227829,NaN
-861220250085999332,86.12202507745975,-8.59993324104434,0,1.3386414051055908,NaN,-58.954986572265625,NaN,0.04908740520477295,NaN
-861219985085497444,86.12199851541547,-8.549744422961274,0,1.6581753492355347,NaN,-37.105010986328125,NaN,0.07353602349758148,NaN
-861218282085667962,86.1218282315228,-8.566796209476173,0,1.332188367843628,NaN,-60.56067657470703,NaN,0.0356614850461483,NaN
-861217022085698129,86.12170229419444,-8.569812996341213,0,1.3429771661758423,NaN,-0.6853532195091248,NaN,0.6237733364105225,NaN
-861216807085860362,86.1216807706724,-8.586036260759409,0,1.6485594511032104,NaN,-15.263866424560547,NaN,0.16187213361263275,NaN
-861213832087469858,86.12138321400131,-8.746985838806594,0,1.2020423412322998,NaN,1.6941057443618774,NaN,0.2075285166501999,NaN
-861210692085908787,86.12106928705914,-8.590878745029418,0,1.0679824352264404,NaN,21.95123863220215,NaN,0.16122578084468842,NaN
-861210044087596478,86.12100441337702,-8.759647808808467,0,1.0208441019058228,NaN,-68.31425476074219,NaN,0.06506402790546417,NaN
-861209809086612772,86.12098093874287,-8.661277231557326,0,1.3917685747146606,NaN,-89.5184326171875,NaN,0.247732013463974,NaN
-861207726085386922,86.12077269511958,-8.538692244980775,0,1.397499442100525,NaN,-17.396438598632812,NaN,0.024006737396121025,NaN
-861207090086826618,86.12070909457199,-8.682661849274195,0,1.7803722620010376,NaN,-45.60271453857422,NaN,0.35683247447013855,NaN
-861206598087854249,86.12065985353824,-8.785424994872871,0,1.4303208589553833,NaN,67.59024047851562,NaN,0.5260102152824402,NaN
-861204989085319787,86.1204989244413,-8.531978798312224,0,1.6460585594177246,NaN,54.851295471191406,NaN,0.36571845412254333,NaN
-861204562087360702,86.12045623746992,-8.736070250420115,1,1.0972802639007568,NaN,-87.27835083007812,NaN,0.027537191286683083,NaN
-861203435085984665,86.12034356882094,-8.598466532708546,0,1.5251811742782593,NaN,46.780792236328125,NaN,0.047903064638376236,NaN
-861202915085119885,86.12029152094456,-8.511988538721978,0,1.747006893157959,NaN,-10.681892395019531,NaN,0.007907330989837646,NaN
-861200754084782392,86.12007544806812,-8.478239246441504,0,2.406494617462158,NaN,31.057313919067383,NaN,0.25417429208755493,NaN
-861200373085464892,86.12003735098286,-8.546489272453064,0,1.1062487363815308,NaN,-47.978511810302734,NaN,0.1618868112564087,NaN
-861199930085550061,86.11999308680727,-8.555006144125864,0,2.941662073135376,NaN,50.2148323059082,NaN,0.3631843328475952,NaN
-861198943085516335,86.11989431594944,-8.551633523298738,0,2.0511412620544434,NaN,27.988508224487305,NaN,0.3152723014354706,NaN
-861197993085317134,86.11979936934758,-8.531713429082775,0,3.3333022594451904,NaN,29.066110610961914,NaN,0.4181320071220398,NaN
-861195698086890043,86.119569809026,-8.689004335701634,2,57.28965759277344,NaN,35.0827522277832,NaN,0.7379190325737,NaN
-861191541084749419,86.11915416214197,-8.474941994094015,0,1.2183890342712402,NaN,-84.31517791748047,NaN,0.14135131239891052,NaN
-861191397084967977,86.11913974269642,-8.496797702503919,0,1.5106711387634277,NaN,86.4685287475586,NaN,0.31903478503227234,NaN
-861190612086281046,86.11906124353293,-8.628104637342684,2,2.3058419227600098,NaN,-50.499759674072266,NaN,0.6039152145385742,NaN
-861190575086276153,86.11905754312814,-8.62761531293869,2,5.16702127456665,NaN,48.48941421508789,NaN,0.7232909202575684,NaN
-861188904085325712,86.11889044264612,-8.532571202900762,0,2.0173847675323486,NaN,3.777273178100586,NaN,0.016667895019054413,NaN
-861188552086877583,86.11885521923193,-8.687758386473881,0,5.367007732391357,NaN,24.254934310913086,NaN,0.5918668508529663,NaN
-861188551084648038,86.11885517467873,-8.464803854456726,0,1.5612698793411255,NaN,64.14213562011719,NaN,0.11109413951635361,NaN
-861187972087299992,86.11879720917166,-8.72999920277698,0,28.03633689880371,NaN,51.82029724121094,NaN,0.865887463092804,NaN
-861187060087507603,86.11870608146612,-8.750760399619985,0,1.267088770866394,NaN,-72.47698974609375,NaN,0.2637794613838196,NaN
-861185941087272884,86.11859417095881,-8.72728845380386,2,10.180314064025879,NaN,41.737754821777344,NaN,0.651435911655426,NaN
-861185584084947365,86.11855845772614,-8.494736535834242,0,1.529063105583191,NaN,44.95390319824219,NaN,0.2193850874900818,NaN
-861185264085979952,86.11852645677861,-8.597995226447711,0,1.4290134906768799,NaN,3.925424098968506,NaN,0.07126568257808685,NaN
-861184589085565707,86.11845892841983,-8.556570773588506,0,1.3821375370025635,NaN,-45.35279083251953,NaN,0.027842506766319275,NaN
-861184301087547044,86.11843014315635,-8.754704483447037,0,1.4280829429626465,NaN,20.669918060302734,NaN,0.07874427735805511,NaN
-861184224085188006,86.11842248614889,-8.518800692941328,0,1.140415906906128,NaN,31.015525817871094,NaN,0.1413389891386032,NaN
-861184033084971439,86.11840336016375,-8.497143905739026,0,2.0339694023132324,NaN,58.82068634033203,NaN,0.15790453553199768,NaN
-861184025086282296,86.1184025898687,-8.628229603925428,2,3.3032686710357666,NaN,-16.608943939208984,NaN,0.07959195226430893,NaN
-861183044085082730,86.11830447156586,-8.508273018608156,0,1.3787633180618286,NaN,-10.496520042419434,NaN,0.04490017145872116,NaN
-861181731085698249,86.11817317124752,-8.569824992741397,0,2.073948860168457,NaN,-22.195213317871094,NaN,0.03117016889154911,NaN
-861180628085546767,86.11806287954208,-8.554676701910862,0,1.3595032691955566,NaN,-9.45286750793457,NaN,0.2219468206167221,NaN
-861180288086922212,86.11802888313501,-8.692221229991176,2,29.050193786621094,NaN,40.62874984741211,NaN,0.4095008075237274,NaN
-861179203084565257,86.11792038748513,-8.45652570074332,0,1.6726500988006592,NaN,-13.157602310180664,NaN,0.11322633177042007,NaN
-861178778087394173,86.11787783222346,-8.739417310084374,0,1.4951001405715942,NaN,-33.952308654785156,NaN,0.3740655183792114,NaN
-861178304087279176,86.11783040364696,-8.727917692110864,2,6.966348171234131,NaN,51.92230224609375,NaN,0.5040725469589233,NaN
-861176785085557695,86.11767857231058,-8.555769531037985,0,1.4731041193008423,NaN,-12.060952186584473,NaN,0.05826418101787567,NaN
-861176240086289950,86.11762401689673,-8.628995003487125,2,2.241596221923828,NaN,35.72932052612305,NaN,0.5420438051223755,NaN
-861175852084868697,86.1175852172074,-8.486869786093212,0,1.770390272140503,NaN,-70.10675811767578,NaN,0.23998019099235535,NaN
-861175725084963909,86.117572584999,-8.496390922044899,0,1.5782796144485474,NaN,44.515647888183594,NaN,0.29191645979881287,NaN
-861175626086540767,86.1175626132031,-8.654076765001232,0,1.2522848844528198,NaN,-48.23466110229492,NaN,0.21983592212200165,NaN
-861175314086739760,86.11753145231457,-8.673976065928313,0,2.46801495552063,NaN,15.549667358398438,NaN,0.33536139130592346,NaN
-861175200086897372,86.11752008042139,-8.689737246782212,0,2.785532236099243,NaN,-69.49627685546875,NaN,0.41481322050094604,NaN
-861175190086279783,86.1175190883787,-8.627978351962865,2,2.16286563873291,NaN,-73.89729309082031,NaN,0.5482173562049866,NaN
-861175087086818509,86.11750875575733,-8.681850926389481,0,1.1029272079467773,NaN,-47.70170593261719,NaN,0.14729268848896027,NaN
-861173813087283506,86.1173813674557,-8.728350698486006,2,4.761320114135742,NaN,68.97582244873047,NaN,0.34526917338371277,NaN
-861173757084771274,86.1173757121947,-8.477127434168125,0,1.3926873207092285,NaN,28.092905044555664,NaN,0.049831636250019073,NaN
-861173350085183297,86.11733507881414,-8.518329752293734,2,5.347919464111328,NaN,-70.80079650878906,NaN,0.7168453931808472,NaN
-861172246085305902,86.11722463833767,-8.530590266883378,0,3.6874918937683105,NaN,-81.88341522216797,NaN,0.11038050800561905,NaN
-861171238085208065,86.11712382091365,-8.520806522088579,0,1.515415906906128,NaN,12.564518928527832,NaN,0.06924518942832947,NaN
-861170991085823849,86.11709918876899,-8.582384922816399,0,1.5271918773651123,NaN,-30.824565887451172,NaN,0.4372161030769348,NaN
-861170951084700773,86.1170951928412,-8.470077356644833,0,1.3857876062393188,NaN,56.354671478271484,NaN,0.034100309014320374,NaN
-861170942084936749,86.1170942159559,-8.493674981641012,0,1.4964797496795654,NaN,9.597477912902832,NaN,0.21842272579669952,NaN
-861170354087256400,86.11703549682521,-8.725640029154688,0,3.0504353046417236,NaN,-28.073741912841797,NaN,0.239443838596344,NaN
-861169947085667124,86.11699477684387,-8.566712438141408,0,1.3831700086593628,NaN,-1.2447220087051392,NaN,0.05924215912818909,NaN
-861169930086524124,86.11699302277421,-8.65241245931503,0,1.4159425497055054,NaN,-74.89057159423828,NaN,0.07630326598882675,NaN
-861169692086865096,86.11696927373134,-8.686509688329123,0,1.6009495258331299,NaN,-35.1721305847168,NaN,0.06892243772745132,NaN
-861169197084506832,86.11691976378698,-8.450683209170235,0,1.392331600189209,NaN,53.943084716796875,NaN,0.2349923551082611,NaN
-861168291085980343,86.1168291499493,-8.598034353358825,0,1.5312724113464355,NaN,-3.804241895675659,NaN,0.04366806522011757,NaN
-861167708087736564,86.11677082318668,-8.773656452874269,0,1.379284381866455,NaN,-56.76378631591797,NaN,0.08253555744886398,NaN
-861166840086606887,86.116684077608,-8.660688777653213,2,1.871069312095642,NaN,-15.257200241088867,NaN,0.03343596309423447,NaN
-861166538086609437,86.11665386810095,-8.660943744312375,2,1.4487093687057495,NaN,88.3125,NaN,0.39294669032096863,NaN
-861165991086271676,86.1165991118388,-8.62716761739448,0,1.2911893129348755,NaN,55.1040153503418,NaN,0.14571715891361237,NaN
-861165798084534523,86.11657982300497,-8.453452355522396,0,1.4252148866653442,NaN,-80.2795181274414,NaN,0.051126882433891296,NaN
-861165657086720425,86.11656570969157,-8.672042533811062,0,1.2408465147018433,NaN,14.25532054901123,NaN,0.20095190405845642,NaN
-861165455085195565,86.1165455228302,-8.519556524160864,2,2.2400929927825928,NaN,-7.757717132568359,NaN,0.5388283729553223,NaN
-861165054084844229,86.11650548233938,-8.484422905312508,0,1.4774272441864014,NaN,61.80520248413086,NaN,0.21231313049793243,NaN
-861164686085192937,86.11646861933174,-8.519293704620283,2,2.426534652709961,NaN,-9.27817440032959,NaN,0.4878794252872467,NaN
-861164454086604662,86.11644546620836,-8.660466224508893,2,1.4690364599227905,NaN,1.7496687173843384,NaN,0.6431145071983337,NaN
-861164357085106403,86.11643575582939,-8.510640319741093,0,1.5273189544677734,NaN,-82.57040405273438,NaN,0.12798269093036652,NaN
-861164322087422498,86.11643220641984,-8.742249875049577,0,1.3359127044677734,NaN,-7.448023319244385,NaN,0.12264208495616913,NaN
-861162431085785755,86.1162431429124,-8.578575561729293,0,1.5332297086715698,NaN,-25.2016544342041,NaN,0.1239522397518158,NaN
-861162148087398417,86.11621481307726,-8.739841741924648,0,1.2054322957992554,NaN,-88.46232604980469,NaN,0.09977498650550842,NaN
-861161591085180304,86.11615918548796,-8.518030462281363,2,3.2365152835845947,NaN,-7.7659993171691895,NaN,0.057700589299201965,NaN
-861161230087447472,86.11612302503747,-8.744747279280187,0,1.9213414192199707,NaN,38.200164794921875,NaN,0.21340662240982056,NaN
-861161067085545579,86.1161067740874,-8.554557993083096,0,1.7749459743499756,NaN,-84.35070037841797,NaN,0.036400340497493744,NaN
-861160643084699055,86.11606439115461,-8.469905588099932,0,1.4037764072418213,NaN,29.82068634033203,NaN,0.12472248077392578,NaN
-861159520087517394,86.11595200231754,-8.751739423968017,2,2.083956241607666,NaN,-21.160892486572266,NaN,0.049372974783182144,NaN
-861159504084755455,86.11595041301132,-8.475545578753815,0,1.4332717657089233,NaN,-75.2367172241211,NaN,0.04062581807374954,NaN
-861159233085188667,86.11592335464078,-8.518866774309357,2,1.6037404537200928,NaN,-33.96531677246094,NaN,0.4532321095466614,NaN
-861158809085030946,86.11588095422785,-8.503094619247454,0,1.596574306488037,NaN,-46.45655822753906,NaN,0.049245283007621765,NaN
-861158183085168311,86.11581833762665,-8.516831128680405,2,6.582639217376709,NaN,-15.483611106872559,NaN,0.8059979677200317,NaN
-861156883087519684,86.11568832721554,-8.751968433142256,2,1.7131257057189941,NaN,-1.0178172588348389,NaN,0.15443800389766693,NaN
-861154123084845889,86.11541231212729,-8.484588945552968,0,1.5307774543762207,NaN,12.384586334228516,NaN,0.19069333374500275,NaN
-861154070085273921,86.1154070715012,-8.527392102887946,0,1.5095301866531372,NaN,-25.091028213500977,NaN,0.11538128554821014,NaN
-861154057085187236,86.1154057505052,-8.518723637192997,2,7.311980247497559,NaN,32.498451232910156,NaN,0.7053437829017639,NaN
-861153421087526707,86.11534211573081,-8.752670781302449,0,1.3519611358642578,NaN,27.991540908813477,NaN,0.3240441083908081,NaN
-861153170084433781,86.1153170158984,-8.443378155036987,0,1.4319846630096436,NaN,71.50950622558594,NaN,0.4485354423522949,NaN
-861152730084634440,86.11527308783914,-8.463444049482243,0,1.1877158880233765,NaN,-26.319866180419922,NaN,0.05896340310573578,NaN
-861152054084760676,86.11520542081011,-8.476067698827988,0,1.2292901277542114,NaN,76.09091186523438,NaN,0.10798783600330353,NaN
-861151479084581731,86.11514799892075,-8.458173171276027,0,1.4429240226745605,NaN,-78.248779296875,NaN,0.014825966209173203,NaN
-861151282086195895,86.11512822937053,-8.619589524762569,0,1.218679428100586,NaN,5.093446254730225,NaN,0.08270261436700821,NaN
-861151119085177188,86.11511199334542,-8.517718872252233,2,4.326313018798828,NaN,-70.2706069946289,NaN,0.6969048976898193,NaN
-861150874086124086,86.11508748867979,-8.612408620525978,0,1.870471477508545,NaN,-10.983114242553711,NaN,0.07114502042531967,NaN
-861150554086595630,86.11505545233632,-8.659563087796148,0,2.0459184646606445,NaN,-61.4813232421875,NaN,0.49119168519973755,NaN
-861150220085266226,86.11502206742391,-8.526622651035652,0,1.5467816591262817,NaN,-0.680334210395813,NaN,0.023061642423272133,NaN
-861150172086949337,86.11501729881361,-8.694933721582995,0,2.877922773361206,NaN,21.347095489501953,NaN,0.4925386309623718,NaN
-861149898086694344,86.11498984236268,-8.669434473940942,0,1.5945261716842651,NaN,-44.526493072509766,NaN,0.3318602442741394,NaN
-861149889084503457,86.11498894740714,-8.450345754147,0,1.1790540218353271,NaN,12.945368766784668,NaN,0.088133804500103,NaN
-861149127085809059,86.11491274349748,-8.58090594613543,0,1.3102022409439087,NaN,25.665307998657227,NaN,0.10601402819156647,NaN
-861147814085468486,86.11478149943815,-8.546848655618444,0,2.2735636234283447,NaN,-27.604089736938477,NaN,0.42119690775871277,NaN
-861146901086856426,86.11469012363408,-8.685642638505595,0,1.9847486019134521,NaN,14.048423767089844,NaN,0.038423385471105576,NaN
-861146229085487592,86.11462297689404,-8.54875926165381,0,3.3032920360565186,NaN,76.31339263916016,NaN,0.31060588359832764,NaN
-861143490085587168,86.11434902185349,-8.55871688530105,0,3.656470775604248,NaN,-89.45267486572266,NaN,0.5215147137641907,NaN
-861143174085669996,86.11431743294227,-8.566999694671324,0,1.8466514348983765,NaN,10.607861518859863,NaN,0.4743882119655609,NaN
-861142850084755761,86.11428501050169,-8.475576125964434,0,1.3901445865631104,NaN,-13.942964553833008,NaN,0.1698748916387558,NaN
-861141280086120863,86.114128035734,-8.61208636762155,0,1.3425716161727905,NaN,51.69486999511719,NaN,0.0969691053032875,NaN
-861141249084707326,86.11412490917395,-8.470732686238051,0,1.69703209400177,NaN,-25.697710037231445,NaN,0.052221134305000305,NaN
-861140828084808169,86.11408281491562,-8.480816997771749,0,11.225655555725098,NaN,7.27437686920166,NaN,0.03181023895740509,NaN
-861140528085269976,86.11405285650103,-8.52699764334019,0,1.8790628910064697,NaN,21.922801971435547,NaN,0.022090671584010124,NaN
-861139553085195610,86.11395538414033,-8.519561092287432,0,1.7481902837753296,NaN,-30.57440185546875,NaN,0.044585105031728745,NaN
-861139280085217679,86.11392807319956,-8.521767957970157,0,1.2772845029830933,NaN,59.59469985961914,NaN,0.06747844815254211,NaN
-861139224084678223,86.11392241027349,-8.46782233185284,0,2.6891491413116455,NaN,2.1730358600616455,NaN,0.0337870828807354,NaN
-861139158084539039,86.11391583788874,-8.453903905698706,0,1.4013882875442505,NaN,-78.81400299072266,NaN,0.11448588222265244,NaN
-861138859085287945,86.11388598400842,-8.528794588932387,0,2.3889899253845215,NaN,-66.24067687988281,NaN,0.4760357141494751,NaN
-861136197085617286,86.1136197695365,-8.561728666776247,0,1.5437244176864624,NaN,73.37228393554688,NaN,0.08159248530864716,NaN
-861135149084905595,86.11351497580937,-8.490559543456715,2,1.750123381614685,NaN,-76.93538665771484,NaN,0.12299448251724243,NaN
-861134333086955411,86.11343334084131,-8.695541142771187,2,2.325751304626465,NaN,37.92469024658203,NaN,0.5599544048309326,NaN
-861134162086957805,86.11341629398383,-8.695780557632375,2,1.9692928791046143,NaN,-7.734686374664307,NaN,0.315442830324173,NaN
-861134014086953505,86.11340148709566,-8.695350545486095,2,1.9559165239334106,NaN,-87.3754653930664,NaN,0.5526688098907471,NaN
-861133798084909687,86.11337988865056,-8.490968745283107,2,2.270336389541626,NaN,-43.86939239501953,NaN,0.01640314795076847,NaN
-861132298086956677,86.11322985691523,-8.695667751449845,2,2.9407753944396973,NaN,-31.816146850585938,NaN,0.425906240940094,NaN
-861131363087311823,86.11313632794436,-8.731182382619329,2,1.4758578538894653,NaN,89.06974792480469,NaN,0.09250156581401825,NaN
-861130995087321701,86.11309955713722,-8.732170131373392,2,3.0121991634368896,NaN,80.7315444946289,NaN,0.3514171242713928,NaN
-861130966084299185,86.11309661229116,-8.429918561335013,0,13.078716278076172,NaN,39.80919647216797,NaN,0.28495311737060547,NaN
-861130649087316864,86.11306493703569,-8.731686403616164,2,7.242249011993408,NaN,2.0195472240448,NaN,0.5732452273368835,NaN
-861130614086956074,86.11306142678889,-8.695607455276239,2,1.9193027019500732,NaN,-0.8513092398643494,NaN,0.639265239238739,NaN
-861130294087279182,86.11302940654215,-8.72791823286433,2,2.7799723148345947,NaN,2.440591335296631,NaN,0.5257875323295593,NaN
-861129933085251936,86.1129933050105,-8.525193629814835,0,2.1511433124542236,NaN,83.66655731201172,NaN,0.5027149319648743,NaN
-861129318087285025,86.11293182233416,-8.728502549314374,2,2.284369468688965,NaN,8.795084953308105,NaN,0.510183572769165,NaN
-861129034087288987,86.11290341053113,-8.728898732604337,2,1.745955228805542,NaN,-31.76018524169922,NaN,0.15179158747196198,NaN
-861129015087287243,86.11290152850626,-8.728724313077747,2,3.7112457752227783,NaN,61.21114730834961,NaN,0.40018776059150696,NaN
-861128951085396421,86.11289512577805,-8.539642173695176,0,1.2075873613357544,NaN,-0.43904873728752136,NaN,0.10222122073173523,NaN
-861128863086765421,86.11288639033035,-8.676542198190964,0,1.405246615409851,NaN,-31.598262786865234,NaN,0.14772136509418488,NaN
-861128546087318501,86.1128546554701,-8.731850186164875,2,3.37319278717041,NaN,9.055789947509766,NaN,0.4899376928806305,NaN
-861128513087491599,86.11285130224356,-8.749159930187668,0,1.2473070621490479,NaN,75.64424133300781,NaN,0.21267250180244446,NaN
-861128227087275360,86.11282279817303,-8.727536019334032,2,5.17759370803833,NaN,55.81816482543945,NaN,0.28777462244033813,NaN
-861128138087280932,86.11281386542754,-8.728093279113002,2,6.044387340545654,NaN,-15.87647533416748,NaN,0.5031327605247498,NaN
-861127926087314644,86.11279265876132,-8.73146442503354,2,3.1641921997070312,NaN,62.19623565673828,NaN,0.5060927867889404,NaN
-861127765086851589,86.11277659683222,-8.685158927652713,0,1.2526553869247437,NaN,80.047607421875,NaN,0.11579646170139313,NaN
-861127431087284321,86.11274311440914,-8.728432151915571,2,3.138254404067993,NaN,-51.185970306396484,NaN,0.607769787311554,NaN
-861127055085283098,86.11270557548274,-8.528309821853583,0,0.9772884845733643,NaN,-7.667757034301758,NaN,0.13940022885799408,NaN
-861126990087273331,86.11269902626536,-8.727333168642991,2,1.256882905960083,NaN,19.4495906829834,NaN,0.3281531035900116,NaN
-861126661087318362,86.11266619010098,-8.731836254926247,2,4.864227294921875,NaN,26.44163703918457,NaN,0.5068085193634033,NaN
-861126543087313476,86.11265435242714,-8.731347659818898,2,2.9075241088867188,NaN,-67.54338073730469,NaN,0.672192394733429,NaN
-861126447087321358,86.11264476572299,-8.732135836749055,2,5.13125467300415,NaN,66.2677993774414,NaN,0.5822215676307678,NaN
-861126353084363391,86.11263536447967,-8.436339133924278,0,1.2702773809432983,NaN,-40.74112319946289,NaN,0.09624557942152023,NaN
-861126331085960622,86.11263317481442,-8.596062270104728,0,1.0001736879348755,NaN,-60.07819366455078,NaN,0.09322746843099594,NaN
-861126041087284353,86.11260418525244,-8.728435328718117,2,2.0800843238830566,NaN,-44.79017639160156,NaN,0.5276675820350647,NaN
-861125973084530741,86.11259732574084,-8.453074187356945,0,1.2599802017211914,NaN,61.830631256103516,NaN,0.11624480783939362,NaN
-861125968087277082,86.11259684797115,-8.727708218380268,2,2.8442797660827637,NaN,-17.433696746826172,NaN,0.5633770823478699,NaN
-861125486084733488,86.112548624203,-8.473348860540233,0,1.3117973804473877,NaN,-7.071598052978516,NaN,0.17249451577663422,NaN
-861125426086775804,86.11254264528745,-8.6775804095335,0,1.224368691444397,NaN,-9.962377548217773,NaN,0.14350195229053497,NaN
-861124755087278513,86.11247552398667,-8.72785135185637,2,3.3709700107574463,NaN,-70.21151733398438,NaN,0.5886201858520508,NaN
-861124550087317576,86.11245507059736,-8.731757649314279,2,3.154949903488159,NaN,0.44498211145401,NaN,0.5808295607566833,NaN
-861123921087284049,86.11239211003051,-8.728404960521225,2,3.077296018600464,NaN,28.13081169128418,NaN,0.26487231254577637,NaN
-861123749087320041,86.11237499002077,-8.73200413143559,2,3.7879831790924072,NaN,-20.086809158325195,NaN,0.580043613910675,NaN
-861123097084371272,86.11230976796786,-8.437127270358372,0,0.8800482153892517,NaN,-5.836240768432617,NaN,0.24647772312164307,NaN
-861122977087355835,86.1122977686778,-8.735583562824846,0,1.3411346673965454,NaN,8.018806457519531,NaN,0.0701582133769989,NaN
-861122710084864535,86.11227102063742,-8.486453575328934,1,1.6909939050674438,NaN,32.124168395996094,NaN,0.5249016880989075,NaN
-861122370085940344,86.11223708552602,-8.594034471732591,0,4.120672225952148,NaN,9.296367645263672,NaN,0.6623888611793518,NaN
-861122191084700879,86.11221915691769,-8.470087931513996,0,1.5160253047943115,NaN,6.017647743225098,NaN,0.20821711421012878,NaN
-861122128084997327,86.11221284559593,-8.49973278747758,0,2.1217916011810303,NaN,86.75706481933594,NaN,0.008619872853159904,NaN
-861121075085514641,86.11210751099568,-8.55146417572323,0,1.495462417602539,NaN,-35.70130157470703,NaN,0.04645063355565071,NaN
-861120371085110818,86.112037154262,-8.51108185609769,0,2.274355173110962,NaN,67.71308898925781,NaN,0.021830368787050247,NaN
-861120369086934340,86.1120369327373,-8.693434077494073,0,4.816294193267822,NaN,-48.846954345703125,NaN,0.38172194361686707,NaN
-861119289084472425,86.11192898323053,-8.447242561507078,0,1.9994171857833862,NaN,38.779109954833984,NaN,0.014305724762380123,NaN
-861118831086029274,86.11188311106127,-8.602927439056351,0,1.780716061592102,NaN,70.1968765258789,NaN,0.20312552154064178,NaN
-861118767085753877,86.11187672354329,-8.575387787487305,0,1.549891710281372,NaN,15.222350120544434,NaN,0.07962249964475632,NaN
-861118745087105200,86.11187459151036,-8.710520065008494,2,108.9887924194336,NaN,55.57777404785156,NaN,0.25686368346214294,NaN
-861118745085354950,86.11187451831908,-8.535495012441856,0,1.7792257070541382,NaN,8.461577415466309,NaN,0.019044727087020874,NaN
-861118527085396512,86.11185273731559,-8.539651279085087,0,1.4081939458847046,NaN,-16.81105613708496,NaN,0.1842799335718155,NaN
-861118248087740423,86.1118248393952,-8.774042394693655,0,2.838573694229126,NaN,71.94664001464844,NaN,0.09607032686471939,NaN
-861118165086921646,86.11181656678819,-8.692164633021589,0,1.2402034997940063,NaN,68.24999237060547,NaN,0.04722385108470917,NaN
-861117862087566654,86.11178625424722,-8.75666547110174,0,1.2362853288650513,NaN,-2.7500433921813965,NaN,0.1548265963792801,NaN
-861117413084892833,86.1117413267483,-8.489283387629428,2,2.190370559692383,NaN,-55.0194091796875,NaN,0.520083487033844,NaN
-861116732084890873,86.111673277531,-8.489087321878227,2,5.593832969665527,NaN,11.883294105529785,NaN,0.5017014145851135,NaN
-861116630087662551,86.11166309333089,-8.766255171867021,0,1.927255392074585,NaN,-22.044458389282227,NaN,0.015335001051425934,NaN
-861114245087341353,86.11142452360339,-8.73413533388861,0,3.508291482925415,NaN,33.826656341552734,NaN,0.5421403646469116,NaN
-861113303085012679,86.11133039494968,-8.501267960843538,0,3.159773826599121,NaN,71.7675552368164,NaN,0.5928205847740173,NaN
-861113251085610875,86.11132511495407,-8.561087563489496,0,2.464536428451538,NaN,85.85619354248047,NaN,0.4166826009750366,NaN
-861113034085702683,86.11130343501205,-8.570268365390383,0,1.1748546361923218,NaN,29.58169937133789,NaN,0.1928892284631729,NaN
-861112631084548387,86.11126313379859,-8.454838722492346,0,1.3556352853775024,NaN,21.13055992126465,NaN,0.013343244791030884,NaN
-861112552086512631,86.11125525983331,-8.651263148188253,0,1.1881603002548218,NaN,-22.30154800415039,NaN,0.11898671835660934,NaN
-861112051085062081,86.11120511216555,-8.506208183068155,0,1.2589364051818848,NaN,35.61052703857422,NaN,0.1447555273771286,NaN
-861111739084139179,86.11117391955075,-8.413917972789093,0,1.4184703826904297,NaN,35.50444412231445,NaN,0.0382588654756546,NaN
-861110307084936607,86.1110307344848,-8.493660772008889,2,2.2517361640930176,NaN,25.089059829711914,NaN,0.06176553666591644,NaN
-861108956086604839,86.11089567005594,-8.660483938414144,0,1.4198538064956665,NaN,-17.259977340698242,NaN,0.048922136425971985,NaN
-861108449087607228,86.11084492552062,-8.760722899043582,0,1.340347409248352,NaN,6.809530735015869,NaN,0.10841250419616699,NaN
-861108321083968438,86.11083217279189,-8.39684387140507,0,5.837582588195801,NaN,-34.646026611328125,NaN,0.3406914174556732,NaN
-861108270085616397,86.1108270916379,-8.56163974669874,0,3.316563606262207,NaN,-14.104193687438965,NaN,0.2567984163761139,NaN
-861108116084292340,86.11081161559272,-8.429234071949674,0,4.724637031555176,NaN,-89.06143188476562,NaN,0.17156316339969635,NaN
-861107896085576221,86.11078964502651,-8.557622136600648,0,1.9056880474090576,NaN,42.26311492919922,NaN,0.16439612209796906,NaN
-861107723085593745,86.11077233250828,-8.559374528798212,0,1.2333637475967407,NaN,-1.5337717533111572,NaN,0.25598829984664917,NaN
-861107418084932669,86.11074185544159,-8.493266943068653,2,2.107060670852661,NaN,31.99068260192871,NaN,0.14283865690231323,NaN
-861107382087763305,86.11073829086817,-8.776330531457639,0,1.4227443933486938,NaN,-74.3514175415039,NaN,0.26419875025749207,NaN
-861107142085821045,86.11071423589546,-8.582104584366585,0,1.5054911375045776,NaN,-65.40797424316406,NaN,0.007698654662817717,NaN
-861106832084321689,86.11068321598447,-8.432168997132386,0,3.143630027770996,NaN,-4.897048473358154,NaN,0.562272310256958,NaN
-861105351087426703,86.1105351891868,-8.742670314382348,0,1.2700706720352173,NaN,-44.04206848144531,NaN,0.23624609410762787,NaN
-861104685085980903,86.11046857675346,-8.598090301516855,0,2.1624934673309326,NaN,-0.42522314190864563,NaN,0.22590447962284088,NaN
-861104365084015816,86.1104365148311,-8.401581695208773,0,1.0360814332962036,NaN,52.511783599853516,NaN,0.08767304569482803,NaN
-861103817086461069,86.11038175165547,-8.646106987314633,0,5.161884307861328,NaN,45.088233947753906,NaN,0.7984734773635864,NaN
-861102899087763204,86.11028990809714,-8.77632047234026,0,2.9612958431243896,NaN,-45.78348922729492,NaN,0.5943334698677063,NaN
-861102879085096637,86.11028795427251,-8.509663735596138,0,1.5405299663543701,NaN,-80.548828125,NaN,0.09432776272296906,NaN
-861102817084374224,86.11028178753419,-8.437422464954134,0,2.0104451179504395,NaN,-10.935154914855957,NaN,0.02670968882739544,NaN
-861102052085691078,86.11020529736412,-8.569107811059771,0,2.510342836380005,NaN,1.60348379611969,NaN,0.313545823097229,NaN
-861102015087458048,86.11020157284607,-8.745804844969596,2,2.8016068935394287,NaN,75.75379180908203,NaN,0.5810269713401794,NaN
-861101881085124886,86.11018815558606,-8.512488681451929,0,1.4594292640686035,NaN,0.12473303079605103,NaN,0.2508069574832916,NaN
-861099185086836934,86.10991851679971,-8.683693454850262,0,1.287328839302063,NaN,20.336660385131836,NaN,0.04380522668361664,NaN
-861098541085232304,86.10985415173779,-8.523230451975472,0,1.5836212635040283,NaN,-82.68023681640625,NaN,0.034668609499931335,NaN
-861097473087459225,86.10974739891019,-8.74592256617841,2,2.059375286102295,NaN,-31.466638565063477,NaN,0.23580047488212585,NaN
-861097458084705381,86.10974583374909,-8.47053814281984,0,1.5825614929199219,NaN,-28.660078048706055,NaN,0.1663372963666916,NaN
-861097215086702281,86.10972155490828,-8.67022812497118,2,3.718881845474243,NaN,49.67943572998047,NaN,0.42416954040527344,NaN
-861094707086798993,86.10947074854883,-8.679899308260955,0,1.6537214517593384,NaN,-11.766745567321777,NaN,0.08281496167182922,NaN
-861094539085802651,86.1094539936977,-8.580265167259839,0,1.5934545993804932,NaN,2.714716911315918,NaN,0.05962170287966728,NaN
-861094478084330595,86.10944789980762,-8.433059525023186,0,1.6956572532653809,NaN,-21.448680877685547,NaN,0.06505998969078064,NaN
-861094355085327038,86.10943554442193,-8.532703896747522,0,1.1464769840240479,NaN,-24.686302185058594,NaN,0.13630609214305878,NaN
-861093755084568584,86.10937559518622,-8.456858424395577,0,1.3541357517242432,NaN,-14.117891311645508,NaN,0.04662890359759331,NaN
-861093712087739791,86.1093712015872,-8.773979177410162,2,2.5403435230255127,NaN,-15.215208053588867,NaN,0.019961422309279442,NaN
-861093604085994810,86.10936049360255,-8.59948108947492,0,1.5510040521621704,NaN,-19.931116104125977,NaN,0.05432402715086937,NaN
-861092861085088505,86.1092861653171,-8.5088505925709,0,1.384454369544983,NaN,-19.24063491821289,NaN,0.17733348906040192,NaN
-861092777085689864,86.10927778686998,-8.5689864760727,0,1.8470672369003296,NaN,7.768866062164307,NaN,0.2130681723356247,NaN
-861092632084070976,86.10926326704163,-8.407097646411463,0,3.20939040184021,NaN,62.36312484741211,NaN,0.5333722829818726,NaN
-861091591084050287,86.10915911083508,-8.40502870887208,0,2.5564522743225098,NaN,66.59146118164062,NaN,0.20903407037258148,NaN
-861090669087477470,86.10906694861181,-8.747747074856532,2,3.8823490142822266,NaN,-22.445369720458984,NaN,0.6328535079956055,NaN
-861090241086448028,86.10902417234568,-8.644802892931187,0,1.4835963249206543,NaN,-22.906816482543945,NaN,0.09803254157304764,NaN
-861090226086825382,86.1090226754134,-8.68253829245161,0,2.1850578784942627,NaN,21.04953384399414,NaN,0.3897041380405426,NaN
-861089959085054891,86.1089959867427,-8.505489127283447,0,1.3039571046829224,NaN,45.26774597167969,NaN,0.054437305778265,NaN
-861089939087507226,86.1089939023859,-8.750722696322613,0,1.4208390712738037,NaN,-57.86479568481445,NaN,0.02196410484611988,NaN
-861089455085643789,86.10894558616036,-8.564378905939076,0,2.9601504802703857,NaN,-87.2859878540039,NaN,0.25115644931793213,NaN
-861089345085663425,86.10893458948283,-8.566342592396554,0,3.4991724491119385,NaN,-33.9024658203125,NaN,0.05677458271384239,NaN
-861088978087634395,86.10889789239882,-8.763439535232154,0,1.5063197612762451,NaN,-31.505529403686523,NaN,0.026984700933098793,NaN
-861088849086841243,86.10888492356042,-8.684124341724246,0,1.4388102293014526,NaN,12.475449562072754,NaN,0.12422508746385574,NaN
-861087900086712712,86.1087900212142,-8.6712712222445,2,3.9798684120178223,NaN,4.004758358001709,NaN,0.0738736242055893,NaN
-861087778086786280,86.10877780202009,-8.678628090369033,0,1.6300510168075562,NaN,13.29912281036377,NaN,0.30433472990989685,NaN
-861087430087737883,86.10874301740225,-8.773788386271617,2,1.360874891281128,NaN,-64.42225646972656,NaN,0.416289359331131,NaN
-861086697085495105,86.10866972732164,-8.549510580298627,0,1.6316851377487183,NaN,-21.800514221191406,NaN,0.25360745191574097,NaN
-861086499087659541,86.10864996509412,-8.765954126010943,0,1.1398334503173828,NaN,32.77788162231445,NaN,0.04796411842107773,NaN
-861085997087458993,86.10859972608316,-8.745899356176979,2,4.434160232543945,NaN,75.11300659179688,NaN,0.030627470463514328,NaN
-861085863087958063,86.10858631689295,-8.795806357422064,0,1.6366560459136963,NaN,-14.583355903625488,NaN,0.04900120571255684,NaN
-861084580085706519,86.10845801040205,-8.570651937823868,0,1.6037373542785645,NaN,26.875667572021484,NaN,0.027396542951464653,NaN
-861084399086918270,86.10843992598512,-8.69182702963321,0,1.6251888275146484,NaN,-10.962175369262695,NaN,0.03454679623246193,NaN
-861084196084151849,86.1084196391203,-8.415184962570548,2,3.1978228092193604,NaN,86.8865966796875,NaN,0.1129535436630249,NaN
-861084083086698809,86.10840832918622,-8.669880996482895,2,2.313352584838867,NaN,-21.52518081665039,NaN,0.47009819746017456,NaN
-861083754086894583,86.10837541763759,-8.68945837010235,0,1.4197752475738525,NaN,23.835418701171875,NaN,0.25055697560310364,NaN
-861083653084150160,86.10836536048944,-8.415016064501248,2,1.6173934936523438,NaN,89.89263916015625,NaN,0.3236349821090698,NaN
-861083583087706853,86.10835835331598,-8.77068531522549,0,1.4070090055465698,NaN,-42.092628479003906,NaN,0.013693581335246563,NaN
-861083152084764848,86.10831521914918,-8.476484815727924,0,2.0714383125305176,NaN,-89.142333984375,NaN,0.4161650240421295,NaN
-861082919084056298,86.10829190248091,-8.405629812261589,0,1.4237425327301025,NaN,5.961081504821777,NaN,0.2761356830596924,NaN
-861080867085471310,86.10808670812953,-8.547131097237976,0,1.6715538501739502,NaN,12.216546058654785,NaN,0.27846330404281616,NaN
-861080723086815121,86.10807236336277,-8.681512158347543,0,1.8173600435256958,NaN,22.482379913330078,NaN,0.011203239671885967,NaN
-861080265085169336,86.10802651687568,-8.516933692438817,0,1.3179088830947876,NaN,43.80349349975586,NaN,0.11720023304224014,NaN
-861080121085041338,86.10801212867405,-8.504133851355368,0,1.4162273406982422,NaN,18.49363136291504,NaN,0.03576768934726715,NaN
-861080024087257405,86.10800242032369,-8.725740519335416,0,17.53397560119629,NaN,46.019744873046875,NaN,0.33856576681137085,NaN
-861079507084959365,86.10795075671392,-8.49593655444569,0,1.1469147205352783,NaN,86.74716186523438,NaN,0.077363520860672,NaN
-861079462086171991,86.10794626242911,-8.617199198613243,0,1.2827051877975464,NaN,-77.31486511230469,NaN,0.11127778887748718,NaN
-861079425085327529,86.107942559587,-8.532752957715932,0,5.10176420211792,NaN,-34.15779495239258,NaN,0.15437239408493042,NaN
-861078895085820138,86.10788953971267,-8.582013887268138,0,1.706838607788086,NaN,1.0818508863449097,NaN,0.0673195943236351,NaN
-861078847087904641,86.10788479865397,-8.790464168777216,0,1.3732731342315674,NaN,-39.06187057495117,NaN,0.11960072815418243,NaN
-861078847085625670,86.107884704934,-8.562567021723165,0,1.8520047664642334,NaN,-56.13942337036133,NaN,0.217940554022789,NaN
-861078827084372861,86.1078827740934,-8.437286144093743,0,1.1443252563476562,NaN,51.82855224609375,NaN,0.14176999032497406,NaN
-861078710083964588,86.10787107565267,-8.396458800865483,0,1.586683750152588,NaN,2.9766058921813965,NaN,0.0822816714644432,NaN
-861077191084887885,86.10771915390431,-8.488788523948495,0,1.2835005521774292,NaN,2.055297613143921,NaN,0.2595643699169159,NaN
-861076467084387626,86.10764679415377,-8.438762648073856,0,1.4754750728607178,NaN,22.221620559692383,NaN,0.0395929180085659,NaN
-861076292085645790,86.10762920593623,-8.564579067678393,0,1.5131021738052368,NaN,13.79411792755127,NaN,0.07577504962682724,NaN
-861075757086709264,86.10757576296926,-8.67092648721375,2,6.321974277496338,NaN,-69.8699722290039,NaN,0.8203465938568115,NaN
-861075073084842829,86.10750737746623,-8.4842829429689,0,1.2637337446212769,NaN,-12.962032318115234,NaN,0.07466715574264526,NaN
-861074906087821336,86.10749067625588,-8.782133697913268,0,1.3090306520462036,NaN,-64.64993286132812,NaN,0.1716630756855011,NaN
-861074657085780695,86.10746578610761,-8.578069571308644,0,1.181505560874939,NaN,-69.35005187988281,NaN,0.05943549796938896,NaN
-861074397083815905,86.10743977610693,-8.381590521069201,0,2.7546708583831787,NaN,-74.0263671875,NaN,0.4212946891784668,NaN
-861073506086917207,86.1073506876509,-8.691720744660238,0,7.333461761474609,NaN,-16.591373443603516,NaN,0.8235753178596497,NaN
-861073446087909550,86.10734468680452,-8.79095506335713,0,1.433463215827942,NaN,-24.26238441467285,NaN,0.09332408756017685,NaN
-861073254087471354,86.10732549215028,-8.747135445150713,2,5.3300461769104,NaN,41.435306549072266,NaN,0.7032119035720825,NaN
-861072863084659285,86.10728636424936,-8.465928577150047,0,4.633361339569092,NaN,-37.22955322265625,NaN,0.6728475689888,NaN
-861072462086912389,86.10724622150434,-8.691238906064745,0,1.8827944993972778,NaN,24.034305572509766,NaN,0.07856561243534088,NaN
-861071991084561218,86.10719910104811,-8.456121854459804,0,1.8868281841278076,NaN,-47.65865707397461,NaN,0.13995647430419922,NaN
-861069700087938829,86.10697002229999,-8.793882926416794,0,1.8490488529205322,NaN,69.1556625366211,NaN,0.19765371084213257,NaN
-861069308085031103,86.10693083883162,-8.503110370579133,0,1.2397215366363525,NaN,48.303714752197266,NaN,0.15094490349292755,NaN
-861069089084980722,86.10690891094886,-8.49807225734325,0,2.0656027793884277,NaN,24.14393424987793,NaN,0.057601287961006165,NaN
-861068873085515867,86.10688735128349,-8.55158673987264,2,3.4605932235717773,NaN,52.396705627441406,NaN,0.49530303478240967,NaN
-861067806085624598,86.10678066343918,-8.56245982284287,0,1.5853800773620605,NaN,67.0438232421875,NaN,0.11005552113056183,NaN
-861067792087454046,86.10677928256902,-8.745404637624759,2,2.566042423248291,NaN,-77.89176177978516,NaN,0.4069279432296753,NaN
-861067635085517434,86.10676357603941,-8.551743465757525,2,1.763556957244873,NaN,-60.5515022277832,NaN,0.25425735116004944,NaN
-861067481087261125,86.10674813220005,-8.726112540895505,2,3.5280580520629883,NaN,-70.58150482177734,NaN,0.4391585886478424,NaN
-861067031084749517,86.10670316617717,-8.474951719176984,1,1.191447138786316,NaN,76.24784851074219,NaN,0.23873268067836761,NaN
-861066952084536315,86.10669525473985,-8.453631523179487,0,1.285443902015686,NaN,-83.87548828125,NaN,0.2101091593503952,NaN
-861066940087505163,86.10669400813785,-8.750516373706235,0,2.347325086593628,NaN,-47.9056396484375,NaN,0.017171887680888176,NaN
-861066909087262897,86.10669096976297,-8.726289764726522,2,1.3973817825317383,NaN,5.138409614562988,NaN,0.21743489801883698,NaN
-861066811085515487,86.1066811342713,-8.551548714139615,2,1.6420968770980835,NaN,-3.820204734802246,NaN,0.4192774295806885,NaN
-861066152084218698,86.10661528676366,-8.421869861549709,0,1.3275096416473389,NaN,-9.053051948547363,NaN,0.134556382894516,NaN
-861066092087937964,86.10660922970276,-8.79379648002683,0,1.511083722114563,NaN,-45.99580764770508,NaN,0.014726878143846989,NaN
-861066006086883182,86.10660065523771,-8.688318283018496,2,2.2317867279052734,NaN,-24.33993911743164,NaN,0.43180006742477417,NaN
-861065882084108116,86.10658826198308,-8.410811657253316,0,1.329882264137268,NaN,-9.01410961151123,NaN,0.11543479561805725,NaN
-861065780087833195,86.10657809799567,-8.78331954315354,0,1.3572280406951904,NaN,-24.941598892211914,NaN,0.16761678457260132,NaN
-861065755086884738,86.10657552756798,-8.688473845547856,2,1.5230213403701782,NaN,-44.08506774902344,NaN,0.3488484025001526,NaN
-861065352085208739,86.10653528267143,-8.520873983043625,0,1.3769547939300537,NaN,3.4553117752075195,NaN,0.024132955819368362,NaN
-861065096086881555,86.10650962445116,-8.688155521416029,2,1.588391661643982,NaN,17.575956344604492,NaN,0.2921285927295685,NaN
-861065053084349684,86.10650536997885,-8.434968481280967,0,1.4197578430175781,NaN,-76.72303009033203,NaN,0.051975470036268234,NaN
-861064831086879788,86.10648315198537,-8.687978898894215,2,2.1156651973724365,NaN,-18.831798553466797,NaN,0.5685970783233643,NaN
-861064554086877439,86.10645549885616,-8.687743971539698,2,3.1281073093414307,NaN,2.263568639755249,NaN,0.7620863318443298,NaN
-861063987087939335,86.10639873817,-8.793933527379545,0,2.3181092739105225,NaN,-59.851558685302734,NaN,0.4752275347709656,NaN
-861063435086721313,86.10634350215568,-8.672131354519534,0,1.432334303855896,NaN,-21.01426887512207,NaN,0.049473442137241364,NaN
-861063059083556952,86.10630590655737,-8.355695278870234,0,1.262768268585205,NaN,32.05097961425781,NaN,0.08342946320772171,NaN
-861062776087264021,86.1062776508617,-8.726402185041986,2,2.606619119644165,NaN,64.00465393066406,NaN,0.07607681304216385,NaN
-861062487084823595,86.1062487538028,-8.482359506750276,0,2.244990110397339,NaN,-73.4229507446289,NaN,0.4488295018672943,NaN
-861062418086429571,86.10624187590791,-8.642957153767306,0,1.2766958475112915,NaN,34.691162109375,NaN,0.09269260615110397,NaN
-861062212085590700,86.10622129230723,-8.55907008256648,0,1.9412003755569458,NaN,-4.1263628005981445,NaN,0.21226824820041656,NaN
-861061917085535580,86.10619177200914,-8.553558082206923,2,2.12591814994812,NaN,-53.29958724975586,NaN,0.2493814378976822,NaN
-861060996084584432,86.10609964552654,-8.458443221562197,0,1.7969331741333008,NaN,4.486603260040283,NaN,0.03544435277581215,NaN
-861060614084128243,86.10606144098546,-8.41282433038538,0,1.2388615608215332,NaN,20.71189308166504,NaN,0.08480162173509598,NaN
-861060593087950673,86.10605938844094,-8.795067384392937,0,1.6610606908798218,NaN,-27.570846557617188,NaN,0.04879562929272652,NaN
-861060402085534399,86.10604021334738,-8.55343990873775,2,2.455432891845703,NaN,-10.542083740234375,NaN,0.3098704218864441,NaN
-861060192085972391,86.10601926035702,-8.597239160595764,0,1.29867422580719,NaN,21.45745849609375,NaN,0.0983838140964508,NaN
-861059901086874125,86.10599014819815,-8.687412597900563,0,7.8761186599731445,NaN,-12.009628295898438,NaN,0.8099009394645691,NaN
-861059659086840820,86.10596598917397,-8.684082091064644,0,1.499462604522705,NaN,-31.48843002319336,NaN,0.08640541136264801,NaN
-861058133085725286,86.10581331008086,-8.572528671245877,0,2.1913461685180664,NaN,26.568017959594727,NaN,0.035121966153383255,NaN
-861057619087789157,86.10576197586128,-8.778915766636791,0,1.2744219303131104,NaN,-51.70079803466797,NaN,0.18419131636619568,NaN
-861057518087267570,86.10575180768002,-8.726757095531331,2,1.9498025178909302,NaN,74.49717712402344,NaN,0.28844669461250305,NaN
-861057076087847039,86.10570761979957,-8.784703919761952,0,1.7070646286010742,NaN,22.934494018554688,NaN,0.05398291349411011,NaN
-861056773085876935,86.1056773418361,-8.58769355008831,0,1.2470343112945557,NaN,30.683948516845703,NaN,0.06789954751729965,NaN
-861056722085623894,86.10567224689433,-8.562389451927714,0,1.7196677923202515,NaN,52.96240234375,NaN,0.4158041775226593,NaN
-861056558086886193,86.1056558773863,-8.688619355022299,0,1.653525710105896,NaN,-0.7529251575469971,NaN,0.13425403833389282,NaN
-861055713087678739,86.10557132242168,-8.767873959027265,0,1.519370675086975,NaN,22.1724796295166,NaN,0.09161890298128128,NaN
-861055168086881050,86.1055168769611,-8.68810509009738,2,1.6237562894821167,NaN,-0.9857690930366516,NaN,0.019778184592723846,NaN
-861055154086853059,86.10551547067111,-8.68530595156495,2,3.2579524517059326,NaN,79.88152313232422,NaN,0.3477826416492462,NaN
-861054801085566808,86.10548011786257,-8.556680847445621,0,1.4277355670928955,NaN,18.139402389526367,NaN,0.12610498070716858,NaN
-861054363086849982,86.10543633951679,-8.68499829764482,2,1.306190013885498,NaN,-52.578338623046875,NaN,0.38671955466270447,NaN
-861054112086878461,86.1054112485985,-8.687846168987553,2,3.8767666816711426,NaN,-17.830591201782227,NaN,0.5757270455360413,NaN
-861054019086863505,86.10540190944295,-8.686350560847522,0,2.4905521869659424,NaN,-6.929898738861084,NaN,0.2913443148136139,NaN
-861053881086784352,86.10538813554471,-8.678435289054972,0,1.4025185108184814,NaN,-15.7286376953125,NaN,0.007962432689964771,NaN
-861053790083955457,86.1053790475697,-8.395545764786435,2,2.2210161685943604,NaN,19.098173141479492,NaN,0.022954652085900307,NaN
-861053671083945615,86.10536716321757,-8.39456153331938,0,1.9179552793502808,NaN,-1.4507731199264526,NaN,0.10494349896907806,NaN
-861053297086876716,86.10532975127414,-8.687671681743808,2,2.0540711879730225,NaN,69.7815933227539,NaN,0.4910446107387543,NaN
-861053090084992775,86.10530900537842,-8.499277585468361,0,1.4048503637313843,NaN,-38.9486198425293,NaN,0.016667092218995094,NaN
-861053035084613477,86.10530352073438,-8.461347720907172,0,1.5102275609970093,NaN,-49.37683868408203,NaN,0.0233206357806921,NaN
-861052893086873731,86.1052893537702,-8.687373127173208,2,2.100701093673706,NaN,-19.113372802734375,NaN,0.5038222074508667,NaN
-861052791083473621,86.10527912714907,-8.347362133997523,0,1.915908694267273,NaN,-42.172645568847656,NaN,0.04240679740905762,NaN
-861052614086858378,86.10526149599328,-8.685837882598832,0,6.2152276039123535,NaN,-20.265392303466797,NaN,0.6797896027565002,NaN
-861052443086885475,86.10524435434216,-8.688547527836974,0,47.82606887817383,NaN,-16.044790267944336,NaN,0.9651674628257751,NaN
-861051296084113656,86.1051296837232,-8.411365654422223,0,1.9609957933425903,NaN,-15.99618911743164,NaN,0.27637919783592224,NaN
-861051208086748799,86.10512086563143,-8.674879933894292,2,4.30568265914917,NaN,-19.77301788330078,NaN,0.6730309724807739,NaN
-861051187083671198,86.10511875397515,-8.367119899005605,0,2.3735218048095703,NaN,-26.947246551513672,NaN,0.19298981130123138,NaN
-861051007085629796,86.10510070190978,-8.562979614115976,0,1.4757412672042847,NaN,29.536298751831055,NaN,0.030618147924542427,NaN
-861050871084706827,86.1050871208954,-8.470682712423324,0,1.789077877998352,NaN,23.383344650268555,NaN,0.014880682341754436,NaN
-861050243086745806,86.10502438828321,-8.674580636157204,2,2.423945665359497,NaN,-27.477432250976562,NaN,0.6233545541763306,NaN
-861050211086849418,86.10502111148155,-8.68494181666149,0,4.307724475860596,NaN,-6.8067216873168945,NaN,0.49312564730644226,NaN
-861049819086743220,86.10498191163578,-8.674322051207884,2,2.883485794067383,NaN,-0.7595605254173279,NaN,0.7424895167350769,NaN
-861049767086846391,86.10497676777483,-8.684639179881213,2,1.7156107425689697,NaN,-4.8634114265441895,NaN,0.39983266592025757,NaN
-861049282086827043,86.1049282491578,-8.682704322836653,0,1.912099838256836,NaN,75.9030532836914,NaN,0.2987859547138214,NaN
-861049156086741106,86.10491565468614,-8.674110671161865,2,2.3972842693328857,NaN,-34.14359664916992,NaN,0.483246386051178,NaN
-861049049083753766,86.10490494870473,-8.37537665713711,0,4.3674445152282715,NaN,77.26988220214844,NaN,0.379419207572937,NaN
-861049026086844403,86.10490262708575,-8.684440354585927,2,2.9336278438568115,NaN,14.257335662841797,NaN,0.4872373938560486,NaN
-861048225085530693,86.10482257737947,-8.553069311598401,0,2.0527091026306152,NaN,-74.06201934814453,NaN,0.014271399937570095,NaN
-861048182086840964,86.10481827508973,-8.684096476507172,2,3.2502071857452393,NaN,-18.107446670532227,NaN,0.5141556262969971,NaN
-861047951086838323,86.10479512047576,-8.68383231007918,2,1.6600146293640137,NaN,-27.57803726196289,NaN,0.47072267532348633,NaN
-861047939087737313,86.10479393817782,-8.77373136508659,2,1.5948699712753296,NaN,-45.35832595825195,NaN,0.1346268504858017,NaN
-861047870086843122,86.10478700724983,-8.684312265481308,2,1.6831347942352295,NaN,-71.79888916015625,NaN,0.46746793389320374,NaN
-861047802083951657,86.10478026292678,-8.395165760029142,2,2.195991277694702,NaN,-53.51325607299805,NaN,0.18820594251155853,NaN
-861047282085645301,86.10472824810104,-8.564530129184481,0,1.3792634010314941,NaN,-65.20471954345703,NaN,0.01754855364561081,NaN
-861046683087611798,86.10466836645463,-8.76117984969472,0,1.55259370803833,NaN,-7.3761420249938965,NaN,0.07750400900840759,NaN
-861046048083826795,86.10460483017809,-8.382679510002685,0,3.4429824352264404,NaN,55.63893127441406,NaN,0.46337249875068665,NaN
-861044635083569990,86.10446358287403,-8.35699909009846,0,1.471360683441162,NaN,16.18583869934082,NaN,0.06970150768756866,NaN
-861044478086809787,86.10444788650065,-8.680978763188318,0,4.2353339195251465,NaN,-28.428197860717773,NaN,0.5625101327896118,NaN
-861044459087735913,86.1044459069443,-8.77359139223123,2,3.901340961456299,NaN,48.537837982177734,NaN,0.13167579472064972,NaN
-861043974086856432,86.10439747131842,-8.68564321540997,0,6.689932346343994,NaN,-17.33089828491211,NaN,0.7184746861457825,NaN
-861043889084979285,86.1043889467125,-8.497928574299499,0,1.663599967956543,NaN,-87.58613586425781,NaN,0.22992229461669922,NaN
-861043612083749497,86.10436122505806,-8.37494979883763,0,1.7006491422653198,NaN,-88.83602905273438,NaN,0.31372880935668945,NaN
-861043475086675012,86.10434757711592,-8.667501258854559,0,3.4130492210388184,NaN,45.34822463989258,NaN,0.3801214396953583,NaN
-861042796084901495,86.10427967979155,-8.490149541407138,0,1.4545644521713257,NaN,16.888978958129883,NaN,0.0795120969414711,NaN
-861042563085292321,86.10425634900942,-8.529232103753497,0,1.7368613481521606,NaN,-27.853307723999023,NaN,0.21364833414554596,NaN
-861042327083387822,86.10423271371016,-8.338782221668929,2,7.451982021331787,NaN,70.46304321289062,NaN,0.4226204454898834,NaN
-861042157084456370,86.10421570582476,-8.445637098072696,0,0.943711519241333,NaN,-22.016376495361328,NaN,0.1002955436706543,NaN
-861042036083609981,86.10420367234452,-8.360998163977465,0,3.4368178844451904,NaN,-57.51286315917969,NaN,0.34589698910713196,NaN
-861041744083466286,86.10417444250261,-8.346628623365557,0,1.43593430519104,NaN,2.249695062637329,NaN,0.041712164878845215,NaN
-861040689084287074,86.10406899713396,-8.428707403949467,0,1.7161043882369995,NaN,-85.80451965332031,NaN,0.01830739714205265,NaN
-861040237085898615,86.1040237791293,-8.589861521360246,0,1.2007638216018677,NaN,-20.47258758544922,NaN,0.13249096274375916,NaN
-861039747083765532,86.10397479056692,-8.376553222735232,0,1.3606581687927246,NaN,-43.114105224609375,NaN,0.15028107166290283,NaN
-861039668087781962,86.10396682408485,-8.778196268417735,0,1.812718391418457,NaN,-6.754661560058594,NaN,0.23100599646568298,NaN
-861039276083336238,86.10392764143741,-8.333623837622401,0,2.4229238033294678,NaN,67.10445404052734,NaN,0.3069469928741455,NaN
-861038850087959308,86.10388505662613,-8.79593087008316,0,1.8117531538009644,NaN,-27.745384216308594,NaN,0.059048842638731,NaN
-861038441085183776,86.1038441348595,-8.518377643064136,0,1.108536720275879,NaN,16.399978637695312,NaN,0.10071828961372375,NaN
-861038092084646168,86.10380920168068,-8.464616850208852,0,1.235457181930542,NaN,-68.06859588623047,NaN,0.19418691098690033,NaN
-861038084083384690,86.10380842855069,-8.338469034603317,2,2.6114776134490967,NaN,60.02959442138672,NaN,0.21768026053905487,NaN
-861037792085540997,86.10377922979816,-8.554099722777345,0,1.5927815437316895,NaN,2.697230339050293,NaN,0.016903523355722427,NaN
-861037773084066515,86.10377732078967,-8.406651549727528,0,1.4560726881027222,NaN,66.78350830078125,NaN,0.07838957756757736,NaN
-861037771086662364,86.10377710044516,-8.666236473524188,0,6.021411895751953,NaN,-9.862363815307617,NaN,0.7168042063713074,NaN
-861037600085862802,86.10376008200416,-8.586280225559593,0,1.0558760166168213,NaN,-51.18536376953125,NaN,0.086874820291996,NaN
-861037575084203220,86.10375752942393,-8.420322027585064,0,1.4112467765808105,NaN,-12.147391319274902,NaN,0.08937136083841324,NaN
-861037504083291112,86.10375047599094,-8.329111222718963,0,2.7901978492736816,NaN,84.85729217529297,NaN,0.20536716282367706,NaN
-861036609084850172,86.10366098945548,-8.485017282385861,0,1.072670340538025,NaN,-83.41213989257812,NaN,0.048405639827251434,NaN
-861035145085451470,86.10351450991747,-8.545147007943623,0,1.874082326889038,NaN,11.696179389953613,NaN,0.20531658828258514,NaN
-861034712085437232,86.10347126796232,-8.5437232731892,0,2.5411338806152344,NaN,-80.72913360595703,NaN,0.4893532693386078,NaN
-861034550085423947,86.10345504246206,-8.54239478173062,0,1.6666390895843506,NaN,36.874942779541016,NaN,0.4142855703830719,NaN
-861034376084268174,86.10343767654513,-8.426817457406852,0,1.5538139343261719,NaN,-44.67786407470703,NaN,0.1031239926815033,NaN
-861034157086201541,86.1034157920218,-8.620154144495574,0,6.640874862670898,NaN,-11.106162071228027,NaN,0.018754227086901665,NaN
-861033841083293498,86.10338411261768,-8.329349858095206,2,3.0419113636016846,NaN,-67.00686645507812,NaN,0.33427760004997253,NaN
-861033525084893466,86.1033525106626,-8.489346637824049,0,1.4432512521743774,NaN,3.2364039421081543,NaN,0.26837489008903503,NaN
-861033313085005851,86.10333135901082,-8.50058518201592,0,1.2789638042449951,NaN,77.40071105957031,NaN,0.00696955481544137,NaN
-861032770085246209,86.10327706085357,-8.52462096401525,0,1.1713529825210571,NaN,-21.885265350341797,NaN,0.1917027235031128,NaN
-861032602084536570,86.10326023544876,-8.453657008743347,0,1.4163305759429932,NaN,-56.22860336303711,NaN,0.03557910397648811,NaN
-861032220087274828,86.1032220952488,-8.72748288851201,2,1.8590853214263916,NaN,33.53325271606445,NaN,0.28702136874198914,NaN
-861032062085490399,86.10320624713098,-8.549039928328778,0,2.060725688934326,NaN,60.37935256958008,NaN,0.3081856369972229,NaN
-861032034087936321,86.1032034595644,-8.793632146737812,0,1.3076250553131104,NaN,-65.80268859863281,NaN,0.09715386480093002,NaN
-861032006085649919,86.10320064486291,-8.564991918447799,0,2.6082370281219482,NaN,-20.68031120300293,NaN,0.11670581996440887,NaN
-861031590084868194,86.10315909522903,-8.486819406245326,0,1.5645887851715088,NaN,28.657197952270508,NaN,0.04128554090857506,NaN
-861031479083292879,86.1031479712364,-8.329287990107797,2,1.820806860923767,NaN,-8.726956367492676,NaN,0.261383056640625,NaN
-861031437083425761,86.10314373084701,-8.342576185270957,0,1.6461600065231323,NaN,71.12841796875,NaN,0.057338565587997437,NaN
-861031090084632705,86.1031090665579,-8.463270517235173,0,1.2869733572006226,NaN,82.55349731445312,NaN,0.27476149797439575,NaN
-861030870083080389,86.10308703285826,-8.308038982657099,0,1.8873193264007568,NaN,4.343145847320557,NaN,0.06697975844144821,NaN
-861030748085928299,86.10307484992897,-8.592829941411903,0,3.2048957347869873,NaN,8.565263748168945,NaN,0.3107631504535675,NaN
-861030516083551276,86.10305163840309,-8.355127682115201,0,3.660102367401123,NaN,-15.904807090759277,NaN,0.5114639401435852,NaN
-861030512083563393,86.10305120976092,-8.356339340218183,0,1.116742491722107,NaN,-87.38104248046875,NaN,0.230643168091774,NaN
-861030218087275139,86.10302188153014,-8.727513957115583,2,3.110294818878174,NaN,14.097197532653809,NaN,0.28320014476776123,NaN
-861029056083881847,86.1029056139776,-8.388184709858235,0,1.47030770778656,NaN,-56.47612762451172,NaN,0.1359078288078308,NaN
-861028705085444266,86.1028705024035,-8.544426646405872,0,1.259653091430664,NaN,72.52301025390625,NaN,0.07941506057977676,NaN
-861028583085456465,86.10285833354453,-8.545646584403555,0,1.1395139694213867,NaN,18.581016540527344,NaN,0.19396638870239258,NaN
-861028565085516208,86.102856555699,-8.5516208769614,0,1.743046522140503,NaN,38.0636100769043,NaN,0.3172234892845154,NaN
-861028262085040629,86.10282620967368,-8.50406293199422,0,1.276395559310913,NaN,-70.96623229980469,NaN,0.01717596873641014,NaN
-861028214086673116,86.10282140713794,-8.667311633751982,0,3.9855904579162598,NaN,-13.49074649810791,NaN,0.7976579070091248,NaN
-861028059083403961,86.10280598522682,-8.340396131211879,2,5.113698959350586,NaN,-14.661158561706543,NaN,0.7719036340713501,NaN
-861027945084463454,86.10279451261032,-8.446345496508483,0,1.452888011932373,NaN,17.25449562072754,NaN,0.06695648282766342,NaN
-861027824083313205,86.10278245107492,-8.331320576745117,0,1.3396042585372925,NaN,25.2375431060791,NaN,0.07049626857042313,NaN
-861027397083271225,86.10273971379519,-8.32712258401153,0,2.669546365737915,NaN,-57.09451675415039,NaN,0.573840856552124,NaN
-861027313083361567,86.10273138326151,-8.33615673823894,0,4.2252349853515625,NaN,13.279642105102539,NaN,0.4095851480960846,NaN
-861027281086936805,86.1027281696057,-8.693680563645449,0,1.2036452293395996,NaN,44.51576614379883,NaN,0.06956866383552551,NaN
-861027112085357177,86.10271124285428,-8.535717759163422,0,5.442263603210449,NaN,2.9914727210998535,NaN,0.2687494456768036,NaN
-861026477083205190,86.10264775595428,-8.320519022848027,0,1.512678623199463,NaN,-15.284782409667969,NaN,0.6473909616470337,NaN
-861026420083246018,86.10264201498343,-8.324601814505057,0,1.3166720867156982,NaN,-5.1886305809021,NaN,0.17551887035369873,NaN
-861026192083131951,86.10261926057724,-8.313195146598368,0,1.8916220664978027,NaN,25.065853118896484,NaN,0.06653017550706863,NaN
-861026011083869533,86.10260114085845,-8.386953337596626,1,1.1396843194961548,NaN,-42.70272445678711,NaN,0.09668993204832077,NaN
-861025765082956198,86.1025765210271,-8.295619815961242,0,4.6558990478515625,NaN,35.4071159362793,NaN,0.6398015022277832,NaN
-861025151083334015,86.10251519188297,-8.333401529313843,0,11.131061553955078,NaN,-60.50096893310547,NaN,0.779373049736023,NaN
-861024640087499477,86.10246404236064,-8.749947790269509,0,1.2996755838394165,NaN,23.500080108642578,NaN,0.036429233849048615,NaN
-861024504083090142,86.10245047783738,-8.309014230245488,0,1.5150572061538696,NaN,-22.83898162841797,NaN,0.11860130727291107,NaN
-861024412083389168,86.10244126820763,-8.338916884100142,2,4.111483097076416,NaN,-67.16868591308594,NaN,0.07797089219093323,NaN
-861024293086730111,86.1024293414838,-8.673011172965097,0,1.4836997985839844,NaN,-20.229820251464844,NaN,0.12150270491838455,NaN
-861023994083248555,86.10239941391777,-8.32485553825079,0,5.21170711517334,NaN,-77.93474578857422,NaN,0.5126352310180664,NaN
-861023528083699351,86.10235286208753,-8.36993512102597,0,4.29704475402832,NaN,-53.942691802978516,NaN,0.5923588871955872,NaN
-861023398084213781,86.10233987136283,-8.42137819916624,0,1.3546545505523682,NaN,-33.706398010253906,NaN,0.05362682789564133,NaN
-861023339082918802,86.10233399394113,-8.291880229188086,0,1.4471735954284668,NaN,-15.643742561340332,NaN,0.10730648040771484,NaN
-861023286083964406,86.10232866616957,-8.396440682737126,0,1.2611039876937866,NaN,29.857131958007812,NaN,0.08353518694639206,NaN
-861022487086881740,86.10224879498223,-8.688174001052493,0,2.2892699241638184,NaN,-71.52206420898438,NaN,0.4429183304309845,NaN
-861022274084423564,86.10222740100664,-8.442356457403196,0,1.3509434461593628,NaN,-84.27548217773438,NaN,0.05797357112169266,NaN
-861022268083639056,86.10222687632931,-8.363905677412552,0,1.385505199432373,NaN,30.34359359741211,NaN,0.2343374490737915,NaN
-861021851087005421,86.10218514133861,-8.70054212721926,0,8.499610900878906,NaN,-68.98929595947266,NaN,0.6789606809616089,NaN
-861021536087454312,86.10215367086342,-8.745431206169702,0,1.9160363674163818,NaN,-5.337577819824219,NaN,0.030184190720319748,NaN
-861021343086139386,86.10213439024092,-8.613938640205873,0,1.1288574934005737,NaN,-39.62519836425781,NaN,0.048185795545578,NaN
-861021301085066814,86.10213012347778,-8.506681423975467,0,1.3224154710769653,NaN,24.57611656188965,NaN,0.1985134333372116,NaN
-861020318084167258,86.10203185253324,-8.41672585309016,0,2.113959789276123,NaN,0.4056693911552429,NaN,0.03687785938382149,NaN
-861018382084949901,86.10183828693857,-8.49499013737211,0,2.734265089035034,NaN,46.846961975097656,NaN,0.4357792139053345,NaN
-861018370085431503,86.10183707085476,-8.543150398109216,0,1.5593572854995728,NaN,28.940914154052734,NaN,0.07167220115661621,NaN
-861017850086822865,86.10178500841184,-8.68228658558099,0,2.672978639602661,NaN,44.49872970581055,NaN,0.2919708788394928,NaN
-861016209083950549,86.10162098699233,-8.395054973814762,0,1.2910999059677124,NaN,16.061172485351562,NaN,0.1677972376346588,NaN
-861016050083397132,86.10160501592344,-8.339713252896807,2,5.510505676269531,NaN,40.884681701660156,NaN,0.6257025003433228,NaN
-861015138084970759,86.10151384858607,-8.497075937791939,0,2.728989839553833,NaN,75.9744644165039,NaN,0.4456474781036377,NaN
-861015113085361508,86.10151139707162,-8.536150891991563,0,0.9863868355751038,NaN,-84.08415985107422,NaN,0.07029543817043304,NaN
-861014172083086393,86.10141727911808,-8.308639354057389,0,1.4567530155181885,NaN,26.41501808166504,NaN,0.06541382521390915,NaN
-861013272085389053,86.10132724549065,-8.538905348015643,0,1.6443816423416138,NaN,-78.15740966796875,NaN,0.043147895485162735,NaN
-861012990083644833,86.10129903629755,-8.364483343224038,0,1.1810768842697144,NaN,85.82510375976562,NaN,0.04743703082203865,NaN
-861012427084799873,86.10124270512404,-8.479987311208241,0,1.1957290172576904,NaN,5.512218475341797,NaN,0.03444229066371918,NaN
-861012247083542348,86.10122474101168,-8.354234803238464,0,1.0222231149673462,NaN,-25.829648971557617,NaN,0.04660220444202423,NaN
-861012043083738946,86.1012043431593,-8.373894607386001,0,1.199070930480957,NaN,-2.166102886199951,NaN,0.0750824511051178,NaN
-861011950083586487,86.10119506465945,-8.35864874704186,0,2.2296249866485596,NaN,-80.77323913574219,NaN,0.11646529287099838,NaN
-861011888083945213,86.10118882558045,-8.394521306830617,0,1.5398746728897095,NaN,9.458045959472656,NaN,0.09513293951749802,NaN
-861011390085454881,86.10113908424991,-8.545488105136233,0,1.7129921913146973,NaN,27.645652770996094,NaN,0.05180688947439194,NaN
-861011211083338392,86.10112117264293,-8.333839211265866,1,1.1775352954864502,NaN,61.13037872314453,NaN,0.16987694799900055,NaN
-861011176085789571,86.10111760271157,-8.578957104625596,0,1.3418431282043457,NaN,43.743595123291016,NaN,0.09613797813653946,NaN
-861011066083638646,86.10110662325181,-8.363864656790744,0,3.9692978858947754,NaN,53.062355041503906,NaN,0.14093898236751556,NaN
-861011039083692740,86.10110395737338,-8.369274002714167,0,1.5239150524139404,NaN,15.733979225158691,NaN,0.09773796796798706,NaN
-861010414085668981,86.10104147364778,-8.566898199321065,0,1.9075675010681152,NaN,19.656265258789062,NaN,0.2470017820596695,NaN
-861010013082665429,86.10100130031128,-8.266542994103197,0,1.6677666902542114,NaN,-4.154902935028076,NaN,0.10305255651473999,NaN
-861009918084950835,86.10099182085487,-8.495083523532253,0,1.1288100481033325,NaN,-78.74502563476562,NaN,0.1738196611404419,NaN
-861009391086753239,86.10093918102035,-8.675323926076933,0,1.75082528591156,NaN,8.358040809631348,NaN,0.3721916675567627,NaN
-861008970083396385,86.10089707316143,-8.339638510082297,0,2.547999620437622,NaN,62.86051940917969,NaN,0.3770841658115387,NaN
-861008871083915991,86.10088715483266,-8.39159915425552,0,1.3663320541381836,NaN,-20.381425857543945,NaN,0.11131814867258072,NaN
-861008756083518600,86.10087562916685,-8.35186005965561,0,1.7070033550262451,NaN,3.862271308898926,NaN,0.04555446282029152,NaN
-861008706087734390,86.10087068507377,-8.773439011954546,0,1.8639627695083618,NaN,-6.274613857269287,NaN,0.036586593836545944,NaN
-861008500087298199,86.10085004533494,-8.729819969807119,0,1.2785695791244507,NaN,71.52423095703125,NaN,0.06498166918754578,NaN
-861008406083619671,86.1008406679024,-8.361967188893383,0,1.677849292755127,NaN,13.397323608398438,NaN,0.17843686044216156,NaN
-861008185085799780,86.10081853230933,-8.579978038980066,0,1.3458577394485474,NaN,-41.44136047363281,NaN,0.03752227872610092,NaN
-861008064082654688,86.10080640797952,-8.26546885964322,0,2.9980533123016357,NaN,-76.21914672851562,NaN,0.49328407645225525,NaN
-861007464084444497,86.10074648680923,-8.444449753185037,0,9.208513259887695,NaN,-16.37922477722168,NaN,0.08713854104280472,NaN
-861007091087581612,86.10070918624231,-8.758161282543135,0,1.2158654928207397,NaN,82.5127944946289,NaN,0.0455942340195179,NaN
-861006325085891488,86.10063255817232,-8.58914883900782,0,1.395049810409546,NaN,24.142616271972656,NaN,0.23081812262535095,NaN
-861005326084375988,86.1005326583865,-8.437598832730433,0,1.1813766956329346,NaN,-19.10141372680664,NaN,0.18945644795894623,NaN
-861004121084555142,86.10041214756879,-8.455514280807424,0,6.283334732055664,NaN,-87.56387329101562,NaN,0.03596756234765053,NaN
-861003812083334244,86.10038125564411,-8.333424407431547,0,1.2107367515563965,NaN,26.698366165161133,NaN,0.048360154032707214,NaN
-861003188085237497,86.10031883475538,-8.52374975757287,0,2.140918016433716,NaN,-23.360336303710938,NaN,0.0943533331155777,NaN
-861002872086560891,86.10028724563556,-8.656089188829974,2,39.187896728515625,NaN,51.867881774902344,NaN,0.024420656263828278,NaN
-861002651087310021,86.10026511627838,-8.731002158425666,0,1.1974128484725952,NaN,-4.41314172744751,NaN,0.0870325043797493,NaN
-861002566085839593,86.10025660550367,-8.583959343040263,0,1.256209135055542,NaN,-22.177480697631836,NaN,0.060313962399959564,NaN
-861002195083737856,86.10021953432013,-8.373785699174336,0,3.4276983737945557,NaN,37.27421951293945,NaN,0.33671504259109497,NaN
-861002030085704790,86.10020301230665,-8.570479092889252,0,1.3667844533920288,NaN,-18.839031219482422,NaN,0.12916308641433716,NaN
-861001793084065356,86.10017932285645,-8.40653561488175,0,5.575366497039795,NaN,-53.815433502197266,NaN,0.6618647575378418,NaN
-861001765084013107,86.10017654326506,-8.40131074182308,0,1.3481147289276123,NaN,77.88300323486328,NaN,0.04480772837996483,NaN
-861001675082850161,86.10016750353515,-8.285016188452103,0,1.5573493242263794,NaN,-14.54672908782959,NaN,0.09812105447053909,NaN
-861001469083356255,86.10014698846054,-8.335625512483398,0,3.2415719032287598,NaN,8.552846908569336,NaN,0.5263017416000366,NaN
-861001450083393862,86.10014505775895,-8.339386205531802,0,1.3752392530441284,NaN,-18.537038803100586,NaN,0.04187387600541115,NaN
-861001188082612112,86.1001188880436,-8.261211265387027,0,3.8867263793945312,NaN,89.15992736816406,NaN,0.6939592957496643,NaN
-861001076086866923,86.10010768072269,-8.686692319208332,0,1.2550326585769653,NaN,-73.57896423339844,NaN,0.06109300255775452,NaN
-861001053083460394,86.10010534196934,-8.346039440113154,0,2.0145936012268066,NaN,4.006464004516602,NaN,0.09128199517726898,NaN
-861000267087098438,86.10002677280099,-8.709843884982096,2,1.3879796266555786,NaN,-42.89140319824219,NaN,0.39251813292503357,NaN
-861000035082783566,86.10000350528402,-8.278356636658852,0,2.027442455291748,NaN,73.03254699707031,NaN,0.2671441435813904,NaN
-860999458082527193,86.0999458693172,-8.252719310136754,0,1.5838863849639893,NaN,4.290318965911865,NaN,0.06759603321552277,NaN
-860999239085571423,86.09992393474865,-8.557142363675672,0,3.5294175148010254,NaN,-78.50508880615234,NaN,0.5928846001625061,NaN
-860999194082903706,86.09991948451476,-8.29037068799605,0,1.3152576684951782,NaN,-18.66590690612793,NaN,0.015394470654428005,NaN
-860999115085696096,86.09991150210206,-8.569609630662816,0,1.666619896888733,NaN,31.3411808013916,NaN,0.039553944021463394,NaN
-860999085087098357,86.09990858066915,-8.709835723802811,2,2.1750478744506836,NaN,45.41891098022461,NaN,0.5316295623779297,NaN
-860999075087964709,86.09990759105816,-8.796470974901066,0,1.3993252515792847,NaN,60.14622497558594,NaN,0.010635016486048698,NaN
-860998963087095577,86.09989636911534,-8.70955771768585,2,1.6423250436782837,NaN,-88.71282958984375,NaN,0.2553686499595642,NaN
-860998843084046472,86.09988437321749,-8.404647274849733,0,1.2748198509216309,NaN,-80.42770385742188,NaN,0.05491316318511963,NaN
-860998792087099943,86.0998792325182,-8.709994336912414,2,2.040431261062622,NaN,48.4809684753418,NaN,0.2743704915046692,NaN
-860998604082717877,86.09986043482839,-8.271787701125948,0,1.9590691328048706,NaN,-78.1031723022461,NaN,0.28685107827186584,NaN
-860998502087097186,86.09985023099213,-8.709718671666192,2,2.230118751525879,NaN,11.651238441467285,NaN,0.5150072574615479,NaN
-860998487082816569,86.0998487421164,-8.281656946031783,0,1.0767478942871094,NaN,79.47441101074219,NaN,0.016651658341288567,NaN
-860998457083514271,86.09984578752344,-8.351427165969431,0,6.3025712966918945,NaN,-34.22869873046875,NaN,0.6017583012580872,NaN
-860998129084941355,86.09981294151535,-8.494135557378419,0,2.2935478687286377,NaN,-16.69857406616211,NaN,0.24995580315589905,NaN
-860997960085854240,86.09979600512732,-8.58542401952491,0,1.5240020751953125,NaN,-49.542301177978516,NaN,0.03411006182432175,NaN
-860997913087233982,86.09979132428683,-8.723398296434103,2,37.34605407714844,NaN,63.74362564086914,NaN,0.43449604511260986,NaN
-860997715087094698,86.09977150671422,-8.709469870053125,2,1.461247205734253,NaN,-77.7101821899414,NaN,0.2617747187614441,NaN
-860997457087096639,86.09974579392764,-8.709663932869592,2,1.2391681671142578,NaN,-50.88390350341797,NaN,0.2950176000595093,NaN
-860997223083126966,86.09972230797416,-8.312696698512507,0,1.7290868759155273,NaN,68.86089324951172,NaN,0.17160092294216156,NaN
-860997120083532918,86.09971203515862,-8.353291871974845,0,1.9694206714630127,NaN,86.74286651611328,NaN,0.26065877079963684,NaN
-860996868083501271,86.09968688570576,-8.35012719603341,0,3.2663943767547607,NaN,40.334991455078125,NaN,0.5071714520454407,NaN
-860996825083541953,86.09968251153524,-8.354195355570056,0,1.6302051544189453,NaN,-18.79156494140625,NaN,0.2058926671743393,NaN
-860996607085629972,86.09966074402092,-8.562997261173658,0,1.5669761896133423,NaN,-36.215492248535156,NaN,0.39356544613838196,NaN
-860996189082876310,86.09961892603108,-8.287631030277376,0,5.260547637939453,NaN,5.389606952667236,NaN,0.2458939254283905,NaN
-860995593084456017,86.09955930102613,-8.445601778924813,0,4.720739364624023,NaN,47.282073974609375,NaN,0.7021022439002991,NaN
-860995527083801516,86.09955274675146,-8.380151629140341,0,1.1609090566635132,NaN,-76.35194396972656,NaN,0.0865415707230568,NaN
-860995418083279093,86.09954189101045,-8.327909378147655,0,1.9130585193634033,NaN,-46.77859878540039,NaN,0.17351095378398895,NaN
-860995372087021546,86.09953727047039,-8.702154647687442,0,1.5976195335388184,NaN,-21.533105850219727,NaN,0.07047860324382782,NaN
-860995369084005656,86.09953690055545,-8.400565679545519,0,1.291982889175415,NaN,-39.291263580322266,NaN,0.1202983632683754,NaN
-860994938085582193,86.09949386932735,-8.558219335497357,0,1.2535666227340698,NaN,-68.89765930175781,NaN,0.2969686686992645,NaN
-860994454082713013,86.09944543881674,-8.27130130893792,0,2.5489842891693115,NaN,-43.35520935058594,NaN,0.17389750480651855,NaN
-860994408084208987,86.0994408719445,-8.420898799529535,0,2.107701301574707,NaN,34.96139144897461,NaN,0.2785727083683014,NaN
-860994397085611684,86.09943972086384,-8.561168441732473,0,1.2869373559951782,NaN,68.81043243408203,NaN,0.08456926047801971,NaN
-860994219082341037,86.09942190611737,-8.234103733521323,0,1.5407229661941528,NaN,10.26099967956543,NaN,0.6066698431968689,NaN
-860994217085065296,86.09942176405204,-8.506529695591453,0,1.165185570716858,NaN,-22.785682678222656,NaN,0.2343883067369461,NaN
-860994193082936583,86.09941933740448,-8.293658388567243,0,3.0994794368743896,NaN,24.135112762451172,NaN,0.2823062241077423,NaN
-860993933082890366,86.09939337638873,-8.289036671277909,0,5.448620796203613,NaN,50.89468002319336,NaN,0.751761257648468,NaN
-860993893082950972,86.09938936640714,-8.29509720588804,2,1.1660284996032715,NaN,-70.19280242919922,NaN,0.34553244709968567,NaN
-860993453084828701,86.09934538409742,-8.482870175939873,2,1.268598198890686,NaN,85.27955627441406,NaN,0.3941000699996948,NaN
-860993298083047609,86.09932983554421,-8.304760924556426,0,1.501594066619873,NaN,29.117977142333984,NaN,0.19140470027923584,NaN
-860993280085556725,86.0993280980316,-8.5556725908971,0,1.4481968879699707,NaN,-4.621267795562744,NaN,0.19116337597370148,NaN
-860993274087823912,86.0993274414593,-8.782391213939876,0,2.0698354244232178,NaN,-33.692840576171875,NaN,0.004717528820037842,NaN
-860992765082639921,86.09927657093641,-8.263992162869519,0,1.6952999830245972,NaN,3.8455426692962646,NaN,0.2835950553417206,NaN
-860992547082951778,86.09925475140747,-8.295177872002531,2,2.0817034244537354,NaN,61.582183837890625,NaN,0.180199533700943,NaN
-860992452085538293,86.0992452423228,-8.553829327177748,0,1.4684278964996338,NaN,50.040767669677734,NaN,0.08610666543245316,NaN
-860991878085771743,86.0991878499204,-8.577174381021418,0,1.6781681776046753,NaN,-26.539403915405273,NaN,0.1645520180463791,NaN
-860991742083628053,86.09917426700126,-8.362805317783536,0,1.1908689737319946,NaN,-28.960411071777344,NaN,0.1009419709444046,NaN
-860991549084831278,86.09915495847225,-8.483127891782948,2,4.23415470123291,NaN,30.86228370666504,NaN,0.6049768924713135,NaN
-860991465085309703,86.09914655095398,-8.530970360440833,0,2.161163806915283,NaN,8.911543846130371,NaN,0.12222380936145782,NaN
-860991418087844949,86.09914181900666,-8.784494993223117,0,1.3702220916748047,NaN,-46.636722564697266,NaN,0.06338103115558624,NaN
-860991405087710560,86.09914051553567,-8.771056074805202,0,1.5046353340148926,NaN,-13.85371208190918,NaN,0.0498812310397625,NaN
-860991234084949899,86.09912346495017,-8.494989907250128,0,1.6274234056472778,NaN,6.4728193283081055,NaN,0.05200470611453056,NaN
-860990534085679755,86.09905349894593,-8.567975585650482,0,4.082756042480469,NaN,-47.41871643066406,NaN,0.7358365654945374,NaN
-860990430082625247,86.09904306823107,-8.262524767781564,2,1.9830869436264038,NaN,-7.656956672668457,NaN,0.030374767258763313,NaN
-860990022085462595,86.09900225598693,-8.546259556628943,0,1.4199219942092896,NaN,-26.65172004699707,NaN,0.07225508242845535,NaN
-860989877082901132,86.09898777085995,-8.29011322498174,0,1.9263476133346558,NaN,75.37151336669922,NaN,0.26823586225509644,NaN
-860989344082957240,86.09893442879469,-8.29572401839263,2,2.648573875427246,NaN,-8.928250312805176,NaN,0.0914732813835144,NaN
-860988912086857489,86.09889124500499,-8.685748958801984,0,1.3340622186660767,NaN,-56.052490234375,NaN,0.27535513043403625,NaN
-860988881082766942,86.09888813561328,-8.276694224116625,0,3.937425136566162,NaN,89.66053771972656,NaN,0.4176400303840637,NaN
-860988713085382145,86.0988713186863,-8.538214515186876,0,1.7531731128692627,NaN,66.68538665771484,NaN,0.07143472880125046,NaN
-860988009087869446,86.09880095480817,-8.78694460920951,0,1.3795936107635498,NaN,-27.395292282104492,NaN,0.014174611307680607,NaN
-860987624082626961,86.09876241399795,-8.26269613574586,2,1.2568761110305786,NaN,-62.77174758911133,NaN,0.4152413606643677,NaN
-860987474083101586,86.09874741116555,-8.310158672078037,0,5.616889476776123,NaN,63.32855224609375,NaN,0.5515240430831909,NaN
-860987354083788536,86.09873544618533,-8.378853651226464,0,1.16216242313385,NaN,-43.600257873535156,NaN,0.06660022586584091,NaN
-860987232084015277,86.09872321236726,-8.401527765669302,0,1.9519011974334717,NaN,0.8444962501525879,NaN,0.13636356592178345,NaN
-860986811082827000,86.09868114964746,-8.282700049561893,0,2.30607008934021,NaN,48.77469253540039,NaN,0.3297027349472046,NaN
-860986527082515891,86.09865278214251,-8.251589174798847,0,1.1954370737075806,NaN,18.523801803588867,NaN,0.1664581000804901,NaN
-860986288083740250,86.09862887951927,-8.37402502783548,0,1.6261279582977295,NaN,-14.05803394317627,NaN,0.3442358672618866,NaN
-860986260083282846,86.09862603005388,-8.32828466683608,0,1.2793022394180298,NaN,35.01543426513672,NaN,0.1540311574935913,NaN
-860985989082255966,86.09859898873812,-8.225596636438272,2,2.865039110183716,NaN,11.756464004516602,NaN,0.5708373785018921,NaN
-860985867083656966,86.09858676414025,-8.365696641778602,0,1.4669189453125,NaN,-38.145328521728516,NaN,0.04131525009870529,NaN
-860985396082379848,86.09853964670855,-8.237984899456913,2,3.555443048477173,NaN,-77.85388946533203,NaN,0.573509931564331,NaN
-860985004087389846,86.09850049863431,-8.738984690774513,0,2.389862537384033,NaN,-51.446983337402344,NaN,0.03294748440384865,NaN
-860985001082696881,86.09850017865207,-8.269688156645826,0,1.2831859588623047,NaN,54.798221588134766,NaN,0.060183100402355194,NaN
-860984956087670687,86.09849564949279,-8.767068753655355,0,1.4553462266921997,NaN,-34.64820861816406,NaN,0.1050347089767456,NaN
-860983816083125744,86.09838167360586,-8.312574430225638,0,1.1986035108566284,NaN,65.44489288330078,NaN,0.11356644332408905,NaN
-860983811082255147,86.09838115431077,-8.225514774578308,2,4.930858135223389,NaN,-8.799999237060547,NaN,0.46750494837760925,NaN
-860983621082813970,86.09836218931817,-8.281397073296139,2,14.0377779006958,NaN,-44.63904571533203,NaN,0.1389385312795639,NaN
-860983413083528614,86.09834130246202,-8.352861484271752,0,5.024389266967773,NaN,47.46662139892578,NaN,0.43189507722854614,NaN
-860982111085364674,86.098211187794,-8.536467412472609,0,2.5992929935455322,NaN,-19.8439884185791,NaN,0.03792816027998924,NaN
-860981856082795622,86.098185610768,-8.279562293007322,0,2.2387378215789795,NaN,8.996952056884766,NaN,0.37314650416374207,NaN
-860981764083288553,86.09817640392188,-8.328855388730254,0,3.748072862625122,NaN,80.3292007446289,NaN,0.6811193227767944,NaN
-860981407085403978,86.09814078229132,-8.540397842781276,0,3.262976884841919,NaN,57.96793746948242,NaN,0.4193348288536072,NaN
-860981397087396682,86.09813979374344,-8.73966823330635,0,4.2228240966796875,NaN,-17.31894302368164,NaN,0.5599012970924377,NaN
-860981352086723157,86.09813526516373,-8.67231570568805,0,1.6026874780654907,NaN,-14.130518913269043,NaN,0.06043326109647751,NaN
-860981343082489235,86.09813437114633,-8.24892350722052,0,1.6257256269454956,NaN,-25.734941482543945,NaN,0.4604240655899048,NaN
-860980696085483255,86.09806968442632,-8.548325573338273,0,1.9279983043670654,NaN,-26.196063995361328,NaN,0.06230514124035835,NaN
-860979841082790543,86.09798414292771,-8.279054323686127,0,4.691425323486328,NaN,-53.79555130004883,NaN,0.521594762802124,NaN
-860979768087191833,86.09797681985599,-8.719183334634698,0,11.02186107635498,NaN,-76.92737579345703,NaN,0.5843543410301208,NaN
-860979692082438175,86.09796920876067,-8.24381754956463,0,2.0217642784118652,NaN,-14.965106964111328,NaN,0.02688749134540558,NaN
-860979336084055615,86.09793368229117,-8.40556158800225,0,4.346110820770264,NaN,-42.15450668334961,NaN,0.6459463834762573,NaN
-860979225083555723,86.09792258684409,-8.355572372101536,0,1.9589238166809082,NaN,-0.5496830940246582,NaN,0.2754867374897003,NaN
-860979137082670132,86.09791374132865,-8.267013264889865,2,1.518485188484192,NaN,-89.02835083007812,NaN,0.473643034696579,NaN
-860978929083230218,86.09789290373348,-8.323021805413886,0,1.5149567127227783,NaN,-29.100313186645508,NaN,0.17615969479084015,NaN
-860978343082552747,86.09783431323507,-8.25527479087423,0,1.5338125228881836,NaN,7.9266180992126465,NaN,0.18381769955158234,NaN
-860978137083753483,86.09781374618312,-8.375348356392793,0,2.01676082611084,NaN,-4.852458953857422,NaN,0.029033903032541275,NaN
-860977738084039514,86.09777388906957,-8.40395143292051,2,5.188596725463867,NaN,-60.768882751464844,NaN,0.6422009468078613,NaN
-860977577083705173,86.0977577200867,-8.370517303286011,0,1.4835338592529297,NaN,-30.13701820373535,NaN,0.06278786808252335,NaN
-860977233082668463,86.09772339542418,-8.266846358554364,2,4.166352272033691,NaN,-36.067142486572266,NaN,0.60874342918396,NaN
-860977118086094211,86.09771181665697,-8.609421192731322,0,1.7191213369369507,NaN,13.96932601928711,NaN,0.046335771679878235,NaN
-860976517084032624,86.09765172428149,-8.403262404883966,2,6.920942306518555,NaN,38.88754653930664,NaN,0.16587473452091217,NaN
-860976406082688893,86.09764060457893,-8.268889367418515,0,1.43077552318573,NaN,-5.611865520477295,NaN,0.12666094303131104,NaN
-860976301082447981,86.09763015339054,-8.244798197870862,0,1.3243857622146606,NaN,26.93157958984375,NaN,0.10202305763959885,NaN
-860976279082666143,86.0976279219441,-8.266614314791584,2,1.5854867696762085,NaN,-10.348085403442383,NaN,0.6074557900428772,NaN
-860976220083739370,86.09762208161864,-8.373937026323915,0,1.5209813117980957,NaN,81.99806213378906,NaN,0.17382477223873138,NaN
-860976196084027857,86.09761960691446,-8.4027857070859,2,5.866508960723877,NaN,77.98898315429688,NaN,0.6659790873527527,NaN
-860976008083857766,86.09760089218678,-8.385776615707927,0,1.5731931924819946,NaN,-9.22666072845459,NaN,0.2539192736148834,NaN
-860975935087232699,86.09759352754745,-8.723269990193005,0,4.967788219451904,NaN,45.309959411621094,NaN,0.66778165102005,NaN
-860975845083550574,86.09758456931868,-8.355057433707929,0,1.3136478662490845,NaN,20.081279754638672,NaN,0.045172806829214096,NaN
-860975486083791983,86.0975486435519,-8.379198399901966,0,3.211303234100342,NaN,16.06452178955078,NaN,0.36505547165870667,NaN
-860975019083874630,86.0975019530879,-8.387463066113016,0,12.499776840209961,NaN,3.4587957859039307,NaN,0.0580345056951046,NaN
-860974938082611555,86.09749384832472,-8.261155535415801,0,1.1389175653457642,NaN,6.184525489807129,NaN,0.12527760863304138,NaN
-860974663085730623,86.09746630974908,-8.573062309413471,0,1.5022313594818115,NaN,-49.16411209106445,NaN,0.043215516954660416,NaN
-860974484083334876,86.09744849998214,-8.333487631722335,0,1.3574920892715454,NaN,39.82807540893555,NaN,0.34397080540657043,NaN
-860974403083284003,86.09744030436732,-8.328400371356352,0,1.772270679473877,NaN,-29.133554458618164,NaN,0.09481657296419144,NaN
-860974360083970261,86.09743602543942,-8.397026180030236,0,1.6051653623580933,NaN,22.845712661743164,NaN,0.10769786685705185,NaN
-860974082082707587,86.09740823357927,-8.270758775786737,0,6.164451599121094,NaN,-11.678215026855469,NaN,0.6400781869888306,NaN
-860973766085432181,86.09737663125951,-8.543218182115089,0,1.2081972360610962,NaN,9.215179443359375,NaN,0.04742705449461937,NaN
-860973730083556639,86.0973730370545,-8.355663925328308,0,1.401210904121399,NaN,29.921459197998047,NaN,0.02858489379286766,NaN
-860973691084836454,86.09736912734154,-8.483645451954073,0,1.7910645008087158,NaN,71.0015869140625,NaN,0.18693526089191437,NaN
-860973388085469647,86.09733886479901,-8.546964765284809,0,1.6885331869125366,NaN,41.2911262512207,NaN,0.37691444158554077,NaN
-860973334082846227,86.09733348402192,-8.284622745111893,0,1.3241437673568726,NaN,-83.33968353271484,NaN,0.11927560716867447,NaN
-860973233082932092,86.09732331976305,-8.29320927612622,0,1.4479612112045288,NaN,15.406000137329102,NaN,0.19794633984565735,NaN
-860972796083219864,86.09727966358051,-8.321986414826448,0,1.3488408327102661,NaN,-9.388086318969727,NaN,0.052797507494688034,NaN
-860972576084697787,86.09725765655261,-8.469778756473008,0,1.3952993154525757,NaN,-15.749979972839355,NaN,0.054806116968393326,NaN
-860972247082854956,86.09722474677469,-8.285495636840444,0,1.4941951036453247,NaN,-11.610676765441895,NaN,0.15546682476997375,NaN
-860972135082183137,86.09721355848465,-8.21831372394341,0,1.3685495853424072,NaN,8.525834083557129,NaN,0.1472570151090622,NaN
-860971581082375976,86.09715815675445,-8.237597646336855,2,12.272865295410156,NaN,-4.7288360595703125,NaN,0.03420889005064964,NaN
-860971217082452691,86.09712171355987,-8.245269196016814,0,1.334289789199829,NaN,32.262908935546875,NaN,0.09902744740247726,NaN
-860970997087107405,86.09709973997565,-8.710740584879028,0,2.0895497798919678,NaN,31.30598258972168,NaN,0.08142869174480438,NaN
-860970294084148975,86.09702947643288,-8.414897544235663,0,1.5115373134613037,NaN,7.362043380737305,NaN,0.015274746343493462,NaN
-860969902087885248,86.09699020385118,-8.788524880042402,0,1.3434683084487915,NaN,-2.0513672828674316,NaN,0.0591394305229187,NaN
-860969721083421852,86.09697212959829,-8.3421852758759,0,1.833492636680603,NaN,-44.042545318603516,NaN,0.43249422311782837,NaN
-860969602084226033,86.09696024620719,-8.422603379914731,0,1.121215581893921,NaN,-84.48190307617188,NaN,0.213567852973938,NaN
-860969185082618786,86.09691859469463,-8.26187861289052,0,1.759020209312439,NaN,65.80220031738281,NaN,0.11786924302577972,NaN
-860969116085694025,86.09691161071932,-8.569402535219929,0,1.861316442489624,NaN,-84.22457122802734,NaN,0.01177190337330103,NaN
-860968366087474836,86.09683663955627,-8.747483600390161,0,1.3583499193191528,NaN,38.94691467285156,NaN,0.1904233694076538,NaN
-860968335086427163,86.09683351702785,-8.64271637330548,0,3.7786431312561035,NaN,-5.944480895996094,NaN,0.2674594819545746,NaN
-860968115086440893,86.09681154872693,-8.644089322899196,2,2.60233473777771,NaN,-3.99349308013916,NaN,0.6029451489448547,NaN
-860968108083577861,86.09681089886782,-8.357786107126092,0,1.7806859016418457,NaN,-33.425174713134766,NaN,0.2751728892326355,NaN
-860968042084695944,86.09680421133102,-8.469594450324404,0,1.2928740978240967,NaN,-9.258301734924316,NaN,0.024054475128650665,NaN
-860967797085473341,86.09677972509716,-8.547334139579075,0,1.406486988067627,NaN,26.27726936340332,NaN,0.06201469898223877,NaN
-860967727082757768,86.09677277115355,-8.275776870998609,0,4.4814958572387695,NaN,81.81640625,NaN,0.6040990948677063,NaN
-860967583086438824,86.09675832917293,-8.643882443054647,2,1.8795708417892456,NaN,-28.94809341430664,NaN,0.4145156145095825,NaN
-860967529083103038,86.09675292255892,-8.310303897190838,0,1.4297175407409668,NaN,28.561382293701172,NaN,0.11682122200727463,NaN
-860967222083144935,86.09672228899586,-8.314493573343137,0,1.4079722166061401,NaN,-19.974620819091797,NaN,0.04885071888566017,NaN
-860967122082063108,86.0967122695462,-8.206310868927895,0,1.672613501548767,NaN,20.204824447631836,NaN,0.2781248688697815,NaN
-860967086084486480,86.09670864904432,-8.448648037392942,0,3.2019991874694824,NaN,82.35848999023438,NaN,0.5029259324073792,NaN
-860966955086437017,86.09669559052207,-8.64370172430331,2,2.387483835220337,NaN,-24.163501739501953,NaN,0.5647667646408081,NaN
-860966587083518727,86.09665873929535,-8.35187278371236,0,1.5924103260040283,NaN,-9.546759605407715,NaN,0.10479593276977539,NaN
-860966518083546801,86.0966518769834,-8.354680114104012,0,2.9695911407470703,NaN,81.69019317626953,NaN,0.46099087595939636,NaN
-860966441082801268,86.09664413103305,-8.280126849711628,2,14.938477516174316,NaN,84.92572784423828,NaN,0.42781394720077515,NaN
-860966390086434874,86.09663909233142,-8.643487401620442,2,1.6950984001159668,NaN,-11.04178524017334,NaN,0.44530075788497925,NaN
-860966119082642877,86.09661191348594,-8.264287760857412,0,2.5084593296051025,NaN,19.890592575073242,NaN,0.4489111602306366,NaN
-860966075085016229,86.09660752235867,-8.50162292029251,0,1.2570271492004395,NaN,64.47494506835938,NaN,0.05695459619164467,NaN
-860966040082049280,86.09660402198698,-8.204928036118838,0,1.1105382442474365,NaN,9.49015998840332,NaN,0.11856311559677124,NaN
-860966028086433325,86.0966028028596,-8.643332530592875,2,1.4159826040267944,NaN,-15.817760467529297,NaN,0.4851152300834656,NaN
-860965863087978852,86.0965863089025,-8.797885210580096,0,1.5674461126327515,NaN,-11.17087173461914,NaN,0.07674725353717804,NaN
-860965788087966923,86.09657882817041,-8.796692326892982,0,1.5592164993286133,NaN,-50.93775177001953,NaN,0.04507836699485779,NaN
-860965729086431745,86.09657294664997,-8.643174529514239,2,1.3452624082565308,NaN,57.402095794677734,NaN,0.24599020183086395,NaN
-860965526082009750,86.09655267630438,-8.20097507420099,0,2.1330082416534424,NaN,-2.255115509033203,NaN,0.04021083563566208,NaN
-860965113083369492,86.09651137598685,-8.33694926421483,0,1.2917121648788452,NaN,63.86520767211914,NaN,0.10547153651714325,NaN
-860965014087330060,86.09650142420811,-8.733006038430021,2,1.5201010704040527,NaN,-3.0344908237457275,NaN,0.10158683359622955,NaN
-860964988086429828,86.09649881925918,-8.642982803512414,2,2.8434832096099854,NaN,-19.299697875976562,NaN,0.6783632636070251,NaN
-860964546084871485,86.0964546094393,-8.487148569721468,0,1.346534252166748,NaN,-54.01620101928711,NaN,0.04892219230532646,NaN
-860964444085688583,86.0964444461625,-8.568858333475488,0,1.5558258295059204,NaN,-51.074039459228516,NaN,0.03560847043991089,NaN
-860964350086414297,86.09643507068996,-8.641429752296672,0,22.540035247802734,NaN,-14.83888053894043,NaN,0.7790222764015198,NaN
-860963500087334205,86.09635005849478,-8.733420539461507,2,1.9409432411193848,NaN,-2.959726095199585,NaN,0.05512359365820885,NaN
-860962533082774050,86.09625336211401,-8.277405024262801,0,2.864778757095337,NaN,-54.141536712646484,NaN,0.4860001504421234,NaN
-860962007083330554,86.09620077871412,-8.333055475399165,0,1.2325811386108398,NaN,41.5467643737793,NaN,0.0938413068652153,NaN
-860961918086419246,86.09619183185447,-8.641924699668072,0,10.149504661560059,NaN,-17.564617156982422,NaN,0.8961389064788818,NaN
-860961701084243766,86.09617011533031,-8.42437663808652,0,1.3291524648666382,NaN,-27.838045120239258,NaN,0.13270369172096252,NaN
-860961411084567289,86.0961411175395,-8.45672897101938,0,1.1860179901123047,NaN,-76.02110290527344,NaN,0.04648967832326889,NaN
-860961144082339294,86.09611447751129,-8.233929411117419,0,1.1465128660202026,NaN,8.825145721435547,NaN,0.18340511620044708,NaN
-860960913083678196,86.09609137887058,-8.367819684307733,0,1.9264684915542603,NaN,-26.97827911376953,NaN,0.34968510270118713,NaN
-860960893086398257,86.09608937298272,-8.639825709454968,0,4.307465076446533,NaN,-6.399560451507568,NaN,0.6387906670570374,NaN
-860960849083939919,86.0960849763103,-8.393991985909498,0,1.4065871238708496,NaN,-33.78921127319336,NaN,0.2857401669025421,NaN
-860960575083379348,86.09605754873499,-8.337934822884598,0,1.4991532564163208,NaN,0.5509349703788757,NaN,0.06133781373500824,NaN
-860960494082589349,86.09604942627415,-8.258934957238367,0,2.6529054641723633,NaN,22.701791763305664,NaN,0.24508270621299744,NaN
-860960269083139548,86.09602694427778,-8.313954877964193,0,1.7623039484024048,NaN,33.23288345336914,NaN,0.18889053165912628,NaN
-860959430085694247,86.0959430857146,-8.569424789273492,0,1.3714957237243652,NaN,-85.82808685302734,NaN,0.026281308382749557,NaN
-860959329083207202,86.09593297092295,-8.320720237812619,2,2.0037152767181396,NaN,75.87507629394531,NaN,0.12424343824386597,NaN
-860958940087248456,86.09589401871766,-8.724845601300085,2,3.3432846069335938,NaN,56.68408966064453,NaN,0.5518845319747925,NaN
-860957986082878684,86.09579861302409,-8.287868453697643,0,3.942927122116089,NaN,-40.88787841796875,NaN,0.36535510420799255,NaN
-860957621082786787,86.09576213694602,-8.278678761908862,0,6.846002578735352,NaN,-67.09991455078125,NaN,0.09190241247415543,NaN
-860957562083005893,86.0957562056331,-8.300589393553757,0,1.4541935920715332,NaN,-16.823530197143555,NaN,0.03752857819199562,NaN
-860957521085703384,86.09575212525273,-8.570338401009943,0,1.3700840473175049,NaN,-7.0033159255981445,NaN,0.046156179159879684,NaN
-860957521082683185,86.09575212618793,-8.268318529383999,0,1.5737407207489014,NaN,7.172153472900391,NaN,0.10911337286233902,NaN
-860957503084107805,86.09575032117478,-8.41078057147652,0,2.05596661567688,NaN,-25.563337326049805,NaN,0.3385578393936157,NaN
-860957139082721192,86.09571393099674,-8.27211924918218,0,2.1625173091888428,NaN,63.604278564453125,NaN,0.0944165587425232,NaN
-860956931083131073,86.09569318590235,-8.313107312448683,0,2.4420204162597656,NaN,-5.751047611236572,NaN,0.026641862466931343,NaN
-860956912084434625,86.09569120688987,-8.44346257302937,2,1.7023228406906128,NaN,19.91609764099121,NaN,0.09349720180034637,NaN
-860956636086863601,86.09566363636377,-8.68636016974873,0,1.2850418090820312,NaN,-9.704493522644043,NaN,0.07048876583576202,NaN
-860956593082000388,86.09565930191722,-8.20003889635175,0,1.1478590965270996,NaN,-75.8428726196289,NaN,0.08591896295547485,NaN
-860956514082570355,86.09565149814271,-8.25703558961219,0,1.6526480913162231,NaN,36.87895965576172,NaN,0.41523128747940063,NaN
-860956459085773645,86.09564598554371,-8.577364597432359,0,1.44313383102417,NaN,23.670974731445312,NaN,0.05590055510401726,NaN
-860956323083208923,86.095632355913,-8.320892394164751,2,2.373328447341919,NaN,-45.16862869262695,NaN,0.2853517532348633,NaN
-860955909083738980,86.09559097350626,-8.37389809463127,0,1.3198751211166382,NaN,83.93157196044922,NaN,0.1992482990026474,NaN
-860955424085635944,86.09554248391102,-8.563594452366978,0,2.2832019329071045,NaN,16.191692352294922,NaN,0.02211720123887062,NaN
-860955129084433071,86.09551299004627,-8.443307185458677,2,1.5637530088424683,NaN,65.58013153076172,NaN,0.18139684200286865,NaN
-860955107087251918,86.09551077103632,-8.7251918371574,2,7.3422465324401855,NaN,50.8509521484375,NaN,0.7784446477890015,NaN
-860954827085179111,86.09548273583086,-8.51791111644756,0,3.3033547401428223,NaN,-2.227663278579712,NaN,0.5024783611297607,NaN
-860954499085546661,86.09544991801154,-8.554666129783477,0,1.4699242115020752,NaN,-12.124807357788086,NaN,0.049614306539297104,NaN
-860954320086797902,86.09543206213768,-8.679790257711714,0,1.424459457397461,NaN,26.453641891479492,NaN,0.03875775635242462,NaN
-860953981081763419,86.0953981757173,-8.176341983446594,0,3.3346378803253174,NaN,19.477832794189453,NaN,0.2948395311832428,NaN
-860953963083103826,86.09539632310738,-8.310382616163961,0,2.4820432662963867,NaN,36.089622497558594,NaN,0.5286269783973694,NaN
-860953464083252410,86.0953464878969,-8.325241091054641,0,2.1397664546966553,NaN,-5.98036527633667,NaN,0.03360289707779884,NaN
-860953352083872110,86.09533529254105,-8.387211026440538,0,3.364177703857422,NaN,-78.95773315429688,NaN,0.5597399473190308,NaN
-860953307086526072,86.09533074473286,-8.652607259138929,2,2.050196886062622,NaN,87.36319732666016,NaN,0.271539568901062,NaN
-860952782081769769,86.09527821786914,-8.176976959198203,0,1.290824055671692,NaN,32.936256408691406,NaN,0.23572182655334473,NaN
-860952555084459421,86.09525552302529,-8.445942198967947,0,1.4781885147094727,NaN,-10.244368553161621,NaN,0.07099293917417526,NaN
-860952362082284199,86.09523625946115,-8.228419978387361,2,1.5526846647262573,NaN,-28.17778968811035,NaN,0.42410531640052795,NaN
-860952000081709511,86.09520008340569,-8.17095117586107,0,3.1695878505706787,NaN,49.935203552246094,NaN,0.34294936060905457,NaN
-860951685086525247,86.09516853169309,-8.652524730514445,2,1.186190128326416,NaN,-77.90174102783203,NaN,0.17933231592178345,NaN
-860951179085654911,86.09511795795372,-8.565491187396242,0,1.9255133867263794,NaN,3.0895602703094482,NaN,0.1938849240541458,NaN
-860951128082277289,86.0951128541993,-8.227728993212502,2,2.6100385189056396,NaN,3.282341241836548,NaN,0.030069628730416298,NaN
-860951056087066187,86.0951056849674,-8.706618786479716,2,1.8302334547042847,NaN,-36.13857650756836,NaN,0.4993041157722473,NaN
-860950950086528333,86.09509509313158,-8.652833380587708,2,2.726925849914551,NaN,54.27543640136719,NaN,0.5513021349906921,NaN
-860950805087404520,86.09508058219568,-8.740452072478135,0,1.069403886795044,NaN,-73.60769653320312,NaN,0.08972717076539993,NaN
-860950729082572184,86.09507291724769,-8.257218452010973,0,1.392376184463501,NaN,73.4834976196289,NaN,0.04104633256793022,NaN
-860950676084143618,86.09506766445068,-8.414361852262859,0,1.515811562538147,NaN,-42.86941146850586,NaN,0.032658085227012634,NaN
-860950563087269321,86.09505631871988,-8.726932118597825,0,7.289849281311035,NaN,45.11570358276367,NaN,0.8642733097076416,NaN
-860950345085408060,86.09503452569243,-8.54080609840143,0,2.1877355575561523,NaN,7.517209053039551,NaN,0.4380362331867218,NaN
-860950196085525954,86.09501962404725,-8.552595489880813,0,3.9295284748077393,NaN,-43.850502014160156,NaN,0.5346607565879822,NaN
-860950072082901347,86.09500722282816,-8.290134760805197,0,1.4742435216903687,NaN,-63.619300842285156,NaN,0.022005172446370125,NaN
-860949734083049789,86.09497344579157,-8.30497890821107,0,1.3865463733673096,NaN,48.76637649536133,NaN,0.0414557158946991,NaN
-860949438082811044,86.0949438407806,-8.281104400997506,0,2.016833782196045,NaN,62.55894470214844,NaN,0.3673766851425171,NaN
-860949313082969489,86.0949313531524,-8.296948986089236,0,1.2520831823349,NaN,-58.439388275146484,NaN,0.00551464781165123,NaN
-860949232086527313,86.09492327448243,-8.652731302669784,2,3.0504558086395264,NaN,-86.80316162109375,NaN,0.5313499569892883,NaN
-860949159086128413,86.0949159047141,-8.612841321186501,0,1.0598949193954468,NaN,-14.069401741027832,NaN,0.1337209790945053,NaN
-860949154081587119,86.09491549672256,-8.158711989648072,0,1.1426538228988647,NaN,4.2950639724731445,NaN,0.4249505400657654,NaN
-860949124085565188,86.09491246036738,-8.556518847164789,0,1.8924611806869507,NaN,63.39832305908203,NaN,0.0170539952814579,NaN
-860948774087065423,86.09487740039172,-8.7065423018575,2,3.290846586227417,NaN,-71.57923126220703,NaN,0.6285166144371033,NaN
-860948750082035501,86.09487505530674,-8.203550195508894,0,1.587788462638855,NaN,10.494258880615234,NaN,0.07537399232387543,NaN
-860948363082634550,86.09483639510432,-8.263455071452118,0,1.3691112995147705,NaN,-1.581702470779419,NaN,0.11379346996545792,NaN
-860947551081569298,86.09475517890442,-8.156929873397663,0,1.6353719234466553,NaN,20.530841827392578,NaN,0.1167510524392128,NaN
-860947447085683108,86.09474477213048,-8.568310805644522,0,1.507643699645996,NaN,-30.857606887817383,NaN,0.09413017332553864,NaN
-860947335085643953,86.09473351620579,-8.564395327527528,0,1.3394156694412231,NaN,7.399083137512207,NaN,0.09662788361310959,NaN
-860947238084776565,86.09472389441808,-8.477656580602023,2,1.4183616638183594,NaN,70.6675033569336,NaN,0.058869052678346634,NaN
-860947179082430542,86.09471794474041,-8.243054261254944,0,1.2697027921676636,NaN,22.162696838378906,NaN,0.25123897194862366,NaN
-860947021081797431,86.09470214971947,-8.179743136812977,0,2.1514663696289062,NaN,-26.274137496948242,NaN,0.5007330179214478,NaN
-860946882081674140,86.09468826214365,-8.16741407485151,0,1.3196682929992676,NaN,25.055456161499023,NaN,0.075495146214962,NaN
-860946801086527201,86.09468013164178,-8.652720175858517,2,1.6551978588104248,NaN,58.76279830932617,NaN,0.3249358534812927,NaN
-860946796086511790,86.09467960614576,-8.651179031643332,0,1.592278242111206,NaN,-21.042251586914062,NaN,0.11109612882137299,NaN
-860946310084169378,86.09463102918635,-8.416937843913306,0,1.1797175407409668,NaN,-47.4444694519043,NaN,0.12714752554893494,NaN
-860946040086077274,86.09460407983146,-8.607727483970828,0,1.8181872367858887,NaN,-17.01889419555664,NaN,0.0156819149851799,NaN
-860945865084185368,86.09458656520181,-8.418536877340902,0,1.1609007120132446,NaN,-25.78574562072754,NaN,0.09463924914598465,NaN
-860945798084778185,86.09457988706176,-8.477818511681905,2,1.3696260452270508,NaN,-20.874300003051758,NaN,0.058506909757852554,NaN
-860945651087064862,86.09456518555791,-8.70648620470952,2,3.072786569595337,NaN,-72.88152313232422,NaN,0.6484642624855042,NaN
-860945147082544237,86.09451477043346,-8.254423791592574,2,1.8047724962234497,NaN,-30.62215805053711,NaN,0.2085265964269638,NaN
-860944936082406793,86.0944936459572,-8.240679309425296,0,3.2500598430633545,NaN,84.62538146972656,NaN,0.6448642015457153,NaN
-860944899085423480,86.09448992717243,-8.54234809370509,0,1.6898939609527588,NaN,51.635101318359375,NaN,0.21237069368362427,NaN
-860944800087765753,86.09448001739904,-8.776575339355889,0,1.3637269735336304,NaN,61.204429626464844,NaN,0.05882197991013527,NaN
-860944340084536389,86.09443404784649,-8.453638980579603,0,1.8738300800323486,NaN,26.728572845458984,NaN,0.07406121492385864,NaN
-860944311084704168,86.09443116244165,-8.470416886792911,0,1.8439432382583618,NaN,-75.75760650634766,NaN,0.03831978142261505,NaN
-860944201083468235,86.09442018419317,-8.346823571744894,0,3.173328399658203,NaN,-70.40904235839844,NaN,0.13983790576457977,NaN
-860944072082545651,86.09440727339263,-8.254565191237614,2,1.8233222961425781,NaN,-30.292877197265625,NaN,0.08605708926916122,NaN
-860943923085283283,86.09439238677088,-8.528328369811648,0,1.4477113485336304,NaN,-7.71682596206665,NaN,0.008664937689900398,NaN
-860943802083353669,86.0943802333253,-8.335366913066185,0,1.890459418296814,NaN,-36.47576904296875,NaN,0.027036277577280998,NaN
-860943697083511643,86.09436978795512,-8.351164386995508,0,2.6565072536468506,NaN,-32.52376937866211,NaN,0.18861691653728485,NaN
-860943497081980496,86.0943497864464,-8.19804963188364,0,1.394171953201294,NaN,44.988765716552734,NaN,0.11736562103033066,NaN
-860943021086192802,86.09430214654525,-8.619280215870734,0,1.4550131559371948,NaN,-10.9945707321167,NaN,0.11609276384115219,NaN
-860943013082006990,86.09430131785929,-8.200699068025978,0,1.6027547121047974,NaN,-53.376487731933594,NaN,0.08226532489061356,NaN
-860942847087064046,86.09428477753993,-8.706404689669451,2,2.5968210697174072,NaN,-68.79129028320312,NaN,0.5221819281578064,NaN
-860942451082348122,86.09424519223819,-8.234812287720942,0,4.450543403625488,NaN,86.95478820800781,NaN,0.7735443711280823,NaN
-860942311087053175,86.09423116311055,-8.705317537955155,2,2.772111177444458,NaN,-71.56033325195312,NaN,0.5092059373855591,NaN
-860942241081488069,86.09422412248612,-8.148806970202402,0,1.2506887912750244,NaN,18.938236236572266,NaN,0.0751921609044075,NaN
-860942172082709339,86.09421727815172,-8.270933932261666,0,1.5576270818710327,NaN,1.4311013221740723,NaN,0.23645035922527313,NaN
-860942079084223682,86.09420798763003,-8.422368213849968,0,2.214911937713623,NaN,-21.254535675048828,NaN,0.5026569366455078,NaN
-860942057084020849,86.09420574352028,-8.402084934177898,0,1.1966032981872559,NaN,-43.46591567993164,NaN,0.111330546438694,NaN
-860941811083830865,86.09418112605347,-8.383086550313239,0,1.9770259857177734,NaN,39.97686004638672,NaN,0.35596534609794617,NaN
-860941806083913989,86.0941806779527,-8.391398924910613,0,1.5014845132827759,NaN,9.463290214538574,NaN,0.047715332359075546,NaN
-860941607083739657,86.09416074810122,-8.373965719272643,0,1.8022571802139282,NaN,72.1197738647461,NaN,0.2950490117073059,NaN
-860940867087142297,86.09408675126843,-8.714229725226144,0,1.4895775318145752,NaN,-1.6665641069412231,NaN,0.04628550261259079,NaN
-860940757082201120,86.09407575364739,-8.220112007134798,0,1.4364744424819946,NaN,15.469488143920898,NaN,0.12076015770435333,NaN
-860940652082818744,86.09406524126653,-8.281874467941249,0,1.6160744428634644,NaN,4.707515239715576,NaN,0.06843400746583939,NaN
-860940351083048831,86.09403515147874,-8.304883198059121,0,1.343207836151123,NaN,-0.10101724416017532,NaN,0.16980622708797455,NaN
-860940119081432087,86.09401192973633,-8.143208738184072,0,5.337798118591309,NaN,-6.731588840484619,NaN,0.4074464440345764,NaN
-860940002086645799,86.09400024675858,-8.664579951851756,0,1.7139455080032349,NaN,6.052877426147461,NaN,0.04416164010763168,NaN
-860939841081515893,86.09398419554235,-8.151589303846217,0,8.231322288513184,NaN,-12.722756385803223,NaN,0.9006645679473877,NaN
-860939813083670996,86.09398131666669,-8.367099658471004,0,3.4899325370788574,NaN,-21.461977005004883,NaN,0.4770801365375519,NaN
-860939695087052463,86.0939695824556,-8.705246304262666,2,1.8426544666290283,NaN,-53.85821533203125,NaN,0.4467104375362396,NaN
-860939684083274065,86.09396845774529,-8.327406594189705,0,3.178950071334839,NaN,-21.410533905029297,NaN,0.1335982382297516,NaN
-860939624087188175,86.0939624121108,-8.718817559708258,2,82.5498275756836,NaN,73.17955780029297,NaN,0.8887137174606323,NaN
-860939587087063242,86.09395874890532,-8.706324266420772,2,3.8190696239471436,NaN,-80.1047592163086,NaN,0.6575299501419067,NaN
-860939545086927405,86.09395456374827,-8.69274059396589,0,1.6190828084945679,NaN,-27.991436004638672,NaN,0.05468748137354851,NaN
-860939331081694014,86.09393319326988,-8.169401485393667,0,4.697674751281738,NaN,-62.08049774169922,NaN,0.32105937600135803,NaN
-860939231085312287,86.0939231010725,-8.531228732571119,0,1.633771300315857,NaN,-31.444580078125,NaN,0.02384900487959385,NaN
-860939169083205359,86.09391696950864,-8.320535937602456,0,1.962557077407837,NaN,-3.880403995513916,NaN,0.07287055999040604,NaN
-860939166084670271,86.09391669330653,-8.467027107113427,0,1.3473753929138184,NaN,-38.512943267822266,NaN,0.0039982921443879604,NaN
-860939087082461978,86.09390871010012,-8.246197856222967,0,2.41839337348938,NaN,29.477783203125,NaN,0.2615160644054413,NaN
-860939062084115603,86.09390624210072,-8.411560314692903,0,2.743223190307617,NaN,34.50832748413086,NaN,0.2323157787322998,NaN
-860938460084000640,86.09384604884723,-8.400064060925141,0,1.118096113204956,NaN,-85.0245361328125,NaN,0.29836663603782654,NaN
-860938280082593277,86.09382808223208,-8.259327705253481,0,1.339989423751831,NaN,-30.079282760620117,NaN,0.10956664383411407,NaN
-860938008083318782,86.09380089068665,-8.33187823911216,1,1.1783477067947388,NaN,51.10746765136719,NaN,0.1501532942056656,NaN
-860937941087051763,86.09379410863522,-8.705176394547221,2,1.8073148727416992,NaN,-67.54441833496094,NaN,0.3665561378002167,NaN
-860937618082490018,86.09376184489193,-8.249001857752924,0,1.834475040435791,NaN,-3.3103268146514893,NaN,0.06985092163085938,NaN
-860937524085727439,86.0937524147294,-8.572743958160668,0,1.41453218460083,NaN,46.165870666503906,NaN,0.04225229099392891,NaN
-860937174083546613,86.09371748314948,-8.354661317861742,0,1.3385229110717773,NaN,14.672799110412598,NaN,0.04165959730744362,NaN
-860937103081566098,86.09371034079209,-8.15660987961152,0,1.7101643085479736,NaN,40.25623321533203,NaN,0.050651442259550095,NaN
-860936994081757915,86.09369944424407,-8.175791585279939,0,1.1688084602355957,NaN,58.70899963378906,NaN,0.026807449758052826,NaN
-860936821085343035,86.09368212995957,-8.53430351147409,2,1.8077936172485352,NaN,66.11847686767578,NaN,0.0943545401096344,NaN
-860936806081556478,86.09368064230242,-8.155647850034725,0,1.3428499698638916,NaN,75.05014038085938,NaN,0.15914791822433472,NaN
-860936745082013086,86.09367456830061,-8.20130868994877,0,2.016584873199463,NaN,-68.00421905517578,NaN,0.396699994802475,NaN
-860936241082244716,86.09362411507202,-8.22447169163948,0,1.094232439994812,NaN,-42.59801483154297,NaN,0.11698860675096512,NaN
-860936020081499142,86.09360207194865,-8.149914246169244,0,4.407337188720703,NaN,-10.243887901306152,NaN,0.8212327361106873,NaN
-860935986087051154,86.0935986539965,-8.70511546763634,2,2.13885235786438,NaN,-57.89568328857422,NaN,0.547328770160675,NaN
-860935949082527340,86.09359492803397,-8.25273403860503,0,1.666275143623352,NaN,-1.413033127784729,NaN,0.12942670285701752,NaN
-860935253082783771,86.09352530534215,-8.27837719487096,2,4.942255973815918,NaN,5.596679210662842,NaN,0.47498831152915955,NaN
-860935204085358267,86.09352047023711,-8.535826728563174,0,1.4533536434173584,NaN,5.0040693283081055,NaN,0.07905334234237671,NaN
-860935089083237299,86.0935089373157,-8.323729920624617,0,1.4733010530471802,NaN,-13.551839828491211,NaN,0.06291447579860687,NaN
-860934859081616930,86.09348591060412,-8.161693055094057,0,1.4590907096862793,NaN,27.647232055664062,NaN,0.06750351935625076,NaN
-860934633082786643,86.09346332645704,-8.278664308459717,2,2.153080463409424,NaN,-47.12555694580078,NaN,0.37229982018470764,NaN
-860934630087746294,86.09346308524503,-8.77462946941229,0,1.4278912544250488,NaN,-58.26637649536133,NaN,0.03483523428440094,NaN
-860934494085208101,86.09344944942055,-8.520810182140638,0,1.391018271446228,NaN,61.858985900878906,NaN,0.07944481819868088,NaN
-860934411084322792,86.09344111720051,-8.432279250207992,0,1.8458222150802612,NaN,80.44694519042969,NaN,0.2923877537250519,NaN
-860934369084813225,86.09343699968981,-8.481322516242289,0,1.6550124883651733,NaN,61.80392074584961,NaN,0.27638348937034607,NaN
-860934138085343114,86.0934138397317,-8.53431140105968,2,1.153748631477356,NaN,-3.121638536453247,NaN,0.3283572494983673,NaN
-860934064085472859,86.0934064377088,-8.547285915327679,0,3.2547872066497803,NaN,87.53411102294922,NaN,0.18500936031341553,NaN
-860934027081724903,86.093402727226,-8.172490305516376,0,1.8400846719741821,NaN,-18.746301651000977,NaN,0.07613586634397507,NaN
-860933754082700963,86.09337542873449,-8.270096307287872,0,1.5383293628692627,NaN,-27.10423469543457,NaN,0.17971907556056976,NaN
-860933665087662841,86.09336655016496,-8.766284111297853,0,1.3865537643432617,NaN,3.729177236557007,NaN,0.08742940425872803,NaN
-860933565083173990,86.0933565483514,-8.31739902855235,0,4.349954605102539,NaN,84.00853729248047,NaN,0.11307153850793839,NaN
-860932920081411240,86.09329204454384,-8.141124068095099,0,6.367674827575684,NaN,89.8942642211914,NaN,0.699052095413208,NaN
-860932846082081969,86.09328466912488,-8.208196955772996,0,2.16614031791687,NaN,-61.146060943603516,NaN,0.31196147203445435,NaN
-860932266082682960,86.09322660845851,-8.268296003427883,0,2.161001443862915,NaN,-65.91923522949219,NaN,0.2750468850135803,NaN
-860932253084185231,86.09322538235743,-8.418523103020494,0,1.3934404850006104,NaN,80.53253936767578,NaN,0.15597020089626312,NaN
-860932211085652300,86.09322111029321,-8.565230083252981,0,2.292015552520752,NaN,24.100276947021484,NaN,0.03992711380124092,NaN
-860932149084547843,86.09321498260839,-8.454784379051748,2,2.3910458087921143,NaN,67.71749114990234,NaN,0.03473601117730141,NaN
-860932019087257572,86.09320193547622,-8.725757283115657,0,1.399533987045288,NaN,-2.8273885250091553,NaN,0.2124657928943634,NaN
-860931612083025640,86.0931612204898,-8.302564070285486,0,3.000746726989746,NaN,62.77278518676758,NaN,0.45910364389419556,NaN
-860931578081701888,86.09315780186945,-8.17018889541414,0,1.9776495695114136,NaN,-23.442655563354492,NaN,0.1655081957578659,NaN
-860931536084939752,86.09315367344634,-8.493975258118487,0,1.8037550449371338,NaN,65.89275360107422,NaN,0.06169998273253441,NaN
-860931138082161723,86.09311380725019,-8.21617230219917,0,1.6013641357421875,NaN,15.349346160888672,NaN,0.3211282193660736,NaN
-860930929084128123,86.09309298410227,-8.412812333096468,0,2.4598686695098877,NaN,-12.633468627929688,NaN,0.30969342589378357,NaN
-860930785085117681,86.093078567508,-8.511768101678557,0,6.128732681274414,NaN,32.534950256347656,NaN,0.5204067826271057,NaN
-860930749085108905,86.09307493297636,-8.510890536735905,0,1.8587760925292969,NaN,-80.3341064453125,NaN,0.4312584102153778,NaN
-860930700084542962,86.09307002924812,-8.454296222119554,2,2.5510988235473633,NaN,84.52574157714844,NaN,0.44950276613235474,NaN
-860930687081417794,86.09306871717602,-8.14177942453269,0,1.782713532447815,NaN,-5.815029144287109,NaN,0.36511924862861633,NaN
-860930495087701995,86.09304955954576,-8.770199587421367,0,1.470270037651062,NaN,-7.981445789337158,NaN,0.09094564616680145,NaN
-860930368082994989,86.0930368344074,-8.299498919959717,0,1.555885672569275,NaN,-11.294548988342285,NaN,0.10129839926958084,NaN
-860930319081514134,86.09303195225256,-8.151413420853068,0,2.783249855041504,NaN,5.215303421020508,NaN,0.22585751116275787,NaN
-860930280087061213,86.09302805497781,-8.706121366375,2,4.440081596374512,NaN,-73.80516815185547,NaN,0.7137419581413269,NaN
-860930110082164079,86.09301105912158,-8.216407927532034,0,2.0088722705841064,NaN,46.44879913330078,NaN,0.4378148317337036,NaN
-860930003084443009,86.09300031781896,-8.444300907984001,0,1.588183045387268,NaN,33.7863883972168,NaN,0.127549409866333,NaN
-860929871081607602,86.09298719910018,-8.160760264941715,0,1.4275864362716675,NaN,-15.825848579406738,NaN,0.07502871751785278,NaN
-860928925082041534,86.09289258730901,-8.204153451943789,0,2.188251256942749,NaN,36.579307556152344,NaN,0.5012205243110657,NaN
-860928881086083574,86.09288813222763,-8.608357432216986,0,1.0821677446365356,NaN,76.52786254882812,NaN,0.14788700640201569,NaN
-860928762087049106,86.09287624344559,-8.704910604468301,0,6.1801581382751465,NaN,-71.94457244873047,NaN,0.7805626392364502,NaN
-860927803081525480,86.09278033775465,-8.152548005247779,0,1.6171202659606934,NaN,-42.099308013916016,NaN,0.13441351056098938,NaN
-860927769083787776,86.09277693478039,-8.378777607957485,0,1.8473175764083862,NaN,-14.070584297180176,NaN,0.2716256380081177,NaN
-860927431086549069,86.09274315716902,-8.654906988513593,0,1.59464693069458,NaN,82.71391296386719,NaN,0.0983506441116333,NaN
-860927403081286844,86.09274038991346,-8.128684484148092,0,1.9790680408477783,NaN,43.38301467895508,NaN,0.27140653133392334,NaN
-860927361087384454,86.09273612904721,-8.73844543013315,0,1.7379769086837769,NaN,-32.14817810058594,NaN,0.009666083380579948,NaN
-860927165081279957,86.09271652742792,-8.127995762394704,0,1.6429510116577148,NaN,59.97496032714844,NaN,0.3332529664039612,NaN
-860927139085731094,86.0927139536225,-8.573109428067784,0,1.4576070308685303,NaN,-7.726607799530029,NaN,0.05280284583568573,NaN
-860927105082493915,86.09271059208967,-8.24939159956315,0,1.0846836566925049,NaN,6.248860836029053,NaN,0.13513240218162537,NaN
-860926890081652261,86.09268904003511,-8.165226153754732,0,3.4650163650512695,NaN,30.40880584716797,NaN,0.6078914999961853,NaN
-860926858088008053,86.09268582430072,-8.800805372431366,0,1.5275987386703491,NaN,12.292506217956543,NaN,0.1041140928864479,NaN
-860926834085780151,86.09268346541575,-8.57801516862021,0,1.4436430931091309,NaN,-54.694725036621094,NaN,0.07430102676153183,NaN
-860926171081424954,86.09261710976092,-8.142495438730286,0,2.6061744689941406,NaN,-84.9154052734375,NaN,0.44182515144348145,NaN
-860925962083334654,86.09259628538452,-8.333465473030769,0,3.3909621238708496,NaN,-1.4410747289657593,NaN,0.4355175793170929,NaN
-860925933083285013,86.09259338125396,-8.328501359690643,0,3.5377066135406494,NaN,-28.707334518432617,NaN,0.27305546402931213,NaN
-860925826082598092,86.0925826608454,-8.259809263599152,0,1.1847535371780396,NaN,46.77198791503906,NaN,0.10036510229110718,NaN
-860925761087060070,86.09257615753845,-8.706007029608417,2,5.473633766174316,NaN,-72.34908294677734,NaN,0.8340592980384827,NaN
-860925630082546148,86.09256302009597,-8.254614844762692,2,6.0827460289001465,NaN,-81.02062225341797,NaN,0.7177420258522034,NaN
-860925526083246844,86.09255262052056,-8.32468445656792,2,2.799415349960327,NaN,45.44609832763672,NaN,0.547770619392395,NaN
-860925278085440009,86.09252782324137,-8.544000971297388,0,1.373121738433838,NaN,-55.770015716552734,NaN,0.06639453023672104,NaN
-860925059084063776,86.09250595493374,-8.406377616509435,0,1.5488293170928955,NaN,-23.039154052734375,NaN,0.04152527078986168,NaN
-860924941087423386,86.09249419135446,-8.742338689175003,0,1.9103267192840576,NaN,-12.262018203735352,NaN,0.04024970903992653,NaN
-860924884083245792,86.0924884997087,-8.32457923808152,2,1.2711955308914185,NaN,-65.02364349365234,NaN,0.2551896572113037,NaN
-860924714082525263,86.09247148406024,-8.252526345524158,2,2.7049765586853027,NaN,44.13299560546875,NaN,0.5437975525856018,NaN
-860924505081519748,86.09245050315494,-8.151974807743251,0,2.9424753189086914,NaN,54.407955169677734,NaN,0.6017266511917114,NaN
-860924209087051151,86.09242092010929,-8.705115124458091,0,4.746224403381348,NaN,-78.02239227294922,NaN,0.7185240983963013,NaN
-860924053082680398,86.09240536123775,-8.268039857754834,0,3.377624034881592,NaN,59.15498733520508,NaN,0.24025282263755798,NaN
-860923653084220213,86.09236532446533,-8.422021343227227,0,1.4727281332015991,NaN,-10.761100769042969,NaN,0.3877095878124237,NaN
-860923576082844763,86.09235763282231,-8.284476334803133,2,2.0019311904907227,NaN,4.821364879608154,NaN,0.2293245643377304,NaN
-860923434082509596,86.09234346123506,-8.250959676911835,2,2.0523431301116943,NaN,0.9075349569320679,NaN,0.06164836511015892,NaN
-860923255083808037,86.09232555242646,-8.380803766973841,0,1.5184504985809326,NaN,7.2222490310668945,NaN,0.04210292547941208,NaN
-860923033085982079,86.09230334841268,-8.59820799669945,0,1.1629751920700073,NaN,79.08641052246094,NaN,0.2475297749042511,NaN
-860922964082646046,86.09229647068436,-8.264604696998909,0,1.7140846252441406,NaN,-57.839351654052734,NaN,0.09393628686666489,NaN
-860922672081697196,86.0922672244782,-8.169719604651684,0,4.714231014251709,NaN,-5.66596794128418,NaN,0.5485090017318726,NaN
-860922529087722838,86.0922529449696,-8.772283825861505,0,2.0465073585510254,NaN,-39.31380081176758,NaN,0.05215662345290184,NaN
-860922204081516051,86.09222041426075,-8.151605112385626,0,1.2790583372116089,NaN,-14.508906364440918,NaN,0.08921097218990326,NaN
-860922024082618949,86.09220245742421,-8.261894984648936,0,13.771191596984863,NaN,54.31045913696289,NaN,0.01892183907330036,NaN
-860921951082527451,86.09219517902636,-8.252745133061062,2,3.1807215213775635,NaN,54.941646575927734,NaN,0.5160776972770691,NaN
-860921884082510124,86.09218843627687,-8.25101248601701,2,2.0352530479431152,NaN,-70.0001449584961,NaN,0.3225569725036621,NaN
-860921824082844577,86.0921824106377,-8.284457772370688,2,1.8055747747421265,NaN,19.646907806396484,NaN,0.10602055490016937,NaN
-860921748082508226,86.09217483629124,-8.25082267821547,2,2.40099835395813,NaN,-79.70825958251953,NaN,0.2839066982269287,NaN
-860921746084057811,86.09217461451352,-8.405781156806842,0,1.750183343887329,NaN,-0.08547896891832352,NaN,0.15762020647525787,NaN
-860921737082049848,86.09217374055503,-8.204984818140186,0,1.5742465257644653,NaN,-12.36563777923584,NaN,0.1214093491435051,NaN
-860921679083735669,86.09216797955509,-8.373566958198726,0,1.587580919265747,NaN,-28.857816696166992,NaN,0.05979853868484497,NaN
-860921622086802683,86.09216225600603,-8.68026830117218,0,1.4572912454605103,NaN,55.997581481933594,NaN,0.05591192841529846,NaN
-860921525081141130,86.09215252947659,-8.114113097096645,0,1.3262701034545898,NaN,47.23139190673828,NaN,0.03285692259669304,NaN
-860921500085561415,86.09215004790542,-8.556141577558474,0,3.488816499710083,NaN,40.367698669433594,NaN,0.09434009343385696,NaN
-860921444086993333,86.09214447794878,-8.69933336509699,0,1.2378517389297485,NaN,23.612924575805664,NaN,0.04773476719856262,NaN
-860921013082976195,86.09210139979531,-8.297619512104674,0,1.4500735998153687,NaN,26.799301147460938,NaN,0.039223313331604004,NaN
-860920912084676475,86.09209128408128,-8.467647512549528,0,1.4685239791870117,NaN,29.943477630615234,NaN,0.05381994694471359,NaN
-860920749083148387,86.09207496404666,-8.314838782817562,0,1.309531331062317,NaN,5.65072774887085,NaN,0.12107527256011963,NaN
-860920693083564084,86.09206931234854,-8.356408444745911,0,1.9620473384857178,NaN,3.4242522716522217,NaN,0.07295996695756912,NaN
-860920646081731418,86.09206467278028,-8.173141892942924,0,1.4044321775436401,NaN,2.605210065841675,NaN,0.06704072654247284,NaN
-860920392085606224,86.09203921032791,-8.560622498527893,2,6.393343925476074,NaN,38.639957427978516,NaN,0.6771724820137024,NaN
-860920364082742865,86.09203648648251,-8.274286509923954,0,1.6905988454818726,NaN,33.78642272949219,NaN,0.10014866292476654,NaN
-860920349082510056,86.09203494044316,-8.251005640898995,2,1.3204827308654785,NaN,39.08932113647461,NaN,0.28104525804519653,NaN
-860920235083245212,86.09202355698653,-8.324521273600292,2,2.273864984512329,NaN,-13.098360061645508,NaN,0.061512116342782974,NaN
-860919514082541365,86.0919514300313,-8.254136585113178,2,4.432124137878418,NaN,-4.686463832855225,NaN,0.3225180506706238,NaN
-860919382085068557,86.09193824432505,-8.506855719746788,0,1.3611582517623901,NaN,19.730501174926758,NaN,0.05776083096861839,NaN
-860919318085707311,86.09193182058205,-8.570731173520382,0,1.3441166877746582,NaN,25.4240779876709,NaN,0.04093455523252487,NaN
-860919306087049665,86.09193062298404,-8.704966519105982,0,5.229393005371094,NaN,-77.82728576660156,NaN,0.7638722062110901,NaN
-860919173087295084,86.09191737768789,-8.729508475217019,0,8.727426528930664,NaN,47.978515625,NaN,0.8471240401268005,NaN
-860919155082735382,86.09191556834674,-8.27353824287378,0,2.3863444328308105,NaN,-9.392158508300781,NaN,0.2416849583387375,NaN
-860919130085194064,86.09191301250974,-8.519406441367511,0,4.046097278594971,NaN,-61.72974395751953,NaN,0.08719298243522644,NaN
-860918881082210370,86.09188813305505,-8.22103709055301,0,1.4200751781463623,NaN,0.13006776571273804,NaN,0.05602456256747246,NaN
-860918821084185006,86.09188219136189,-8.418500663228345,0,23.295549392700195,NaN,4.329616546630859,NaN,0.36905843019485474,NaN
-860918797083527638,86.09187970333109,-8.352763880024215,0,3.211538076400757,NaN,-59.270591735839844,NaN,0.3285699486732483,NaN
-860918728082397133,86.09187289661968,-8.239713398357507,0,4.452748775482178,NaN,50.10837936401367,NaN,0.162669375538826,NaN
-860918517081958035,86.09185179490949,-8.195803515249107,0,1.3901338577270508,NaN,-7.541756629943848,NaN,0.17692628502845764,NaN
-860918478083077057,86.09184785271056,-8.307705744718461,0,3.908597946166992,NaN,-33.96809005737305,NaN,0.35622164607048035,NaN
-860918426084695164,86.09184263015818,-8.469516442663615,0,1.6973923444747925,NaN,-57.16745376586914,NaN,0.1090579628944397,NaN
-860918120081064508,86.09181205159777,-8.10645085088778,0,1.9065799713134766,NaN,-2.0808463096618652,NaN,0.20243486762046814,NaN
-860918117081717793,86.09181173771252,-8.171779334733198,0,2.707921028137207,NaN,50.287940979003906,NaN,0.4106760621070862,NaN
-860917895083348478,86.09178954310677,-8.334847890388625,0,2.861689329147339,NaN,-66.55653381347656,NaN,0.5611091256141663,NaN
-860917674083333508,86.09176745906949,-8.333350817100104,0,1.8413554430007935,NaN,3.6349246501922607,NaN,0.0864337608218193,NaN
-860917565086904888,86.091756533858,-8.690488838925225,0,1.7947603464126587,NaN,-30.58814239501953,NaN,0.05403934791684151,NaN
-860917302083227930,86.09173027210939,-8.322793083783067,0,1.7252339124679565,NaN,-3.896834135055542,NaN,0.06320648640394211,NaN
-860916937086799417,86.09169370781463,-8.679941779238058,0,1.6805665493011475,NaN,-74.48160552978516,NaN,0.22723302245140076,NaN
-860916904085024202,86.09169049506107,-8.50242026184832,2,2.014103412628174,NaN,14.212163925170898,NaN,0.03193294256925583,NaN
-860916605081145655,86.0916605825093,-8.114565532380164,0,5.561415195465088,NaN,62.4725341796875,NaN,0.7737221717834473,NaN
-860916586082538047,86.09165869041139,-8.253804760950903,2,2.576277494430542,NaN,58.026145935058594,NaN,0.24337467551231384,NaN
-860916340082351170,86.09163405395579,-8.235117026312277,0,2.259899139404297,NaN,69.22882080078125,NaN,0.1848977655172348,NaN
-860915863081778873,86.09158637765661,-8.177887363806395,0,2.0468809604644775,NaN,-68.35855102539062,NaN,0.40614113211631775,NaN
-860915670085021053,86.09156704525984,-8.502105337512045,2,1.6334278583526611,NaN,-17.90293312072754,NaN,0.48172837495803833,NaN
-860915626084420632,86.09156266283759,-8.442063215220259,0,1.1427090167999268,NaN,50.64663314819336,NaN,0.10732657462358475,NaN
-860915529083823404,86.09155299714251,-8.382340410934138,0,1.823744535446167,NaN,-20.709774017333984,NaN,0.015943186357617378,NaN
-860915371082879157,86.0915371465639,-8.28791579371986,0,3.1565682888031006,NaN,87.82261657714844,NaN,0.3985100984573364,NaN
-860915270082914656,86.09152709357123,-8.291465635116637,0,1.587684154510498,NaN,-4.548725605010986,NaN,0.08918046951293945,NaN
-860915208082770457,86.09152082282802,-8.277045701903178,2,2.5705652236938477,NaN,7.025042533874512,NaN,0.06160004436969757,NaN
-860915207083695590,86.09152075495679,-8.369559037212635,0,8.605364799499512,NaN,85.74527740478516,NaN,0.4257183372974396,NaN
-860915181083906620,86.09151812489219,-8.39066204688376,1,1.8723372220993042,NaN,-32.768306732177734,NaN,0.41274088621139526,NaN
-860914755083644480,86.0914755641557,-8.364448076753803,0,1.8617304563522339,NaN,-8.908998489379883,NaN,0.1650409698486328,NaN
-860914508086556121,86.09145085944341,-8.655612133439796,0,1.4424827098846436,NaN,9.582294464111328,NaN,0.08168233186006546,NaN
-860914129081704642,86.09141290523029,-8.170464220441442,0,1.9734671115875244,NaN,-62.294246673583984,NaN,0.34964072704315186,NaN
-860913900082091503,86.09139003316965,-8.209150348152026,0,8.926547050476074,NaN,-45.28483200073242,NaN,0.09303423762321472,NaN
-860913895087047991,86.0913895587494,-8.704799144961703,0,2.979529857635498,NaN,-79.33491516113281,NaN,0.6228897571563721,NaN
-860913748083836184,86.09137480881978,-8.383618488672361,2,5.438714981079102,NaN,51.10530090332031,NaN,0.5314667224884033,NaN
-860913702081695954,86.0913702854408,-8.1695954999038,0,1.6750653982162476,NaN,-55.4161376953125,NaN,0.38148051500320435,NaN
-860913618082438567,86.09136182892426,-8.243856728295373,0,1.444800853729248,NaN,6.722811698913574,NaN,0.04233682528138161,NaN
-860913534084701437,86.09135346860911,-8.470143727913449,0,1.7792432308197021,NaN,-19.47285270690918,NaN,0.1915440559387207,NaN
-860913464082450053,86.09134644697825,-8.24500537278566,0,1.4177024364471436,NaN,10.124423027038574,NaN,0.12033087015151978,NaN
-860913328082235715,86.09133281118554,-8.223571586780208,0,1.8583483695983887,NaN,-4.392291069030762,NaN,0.03855057805776596,NaN
-860913311081609959,86.0913311149105,-8.160995940577623,0,1.6980078220367432,NaN,-45.10265350341797,NaN,0.04228079691529274,NaN
-860913088081219760,86.09130889558905,-8.12197609189046,0,1.7676985263824463,NaN,45.4200553894043,NaN,0.07945451885461807,NaN
-860913072081231306,86.09130729613938,-8.123130661122484,2,1.1467485427856445,NaN,27.96990203857422,NaN,0.43286117911338806,NaN
-860912883083359920,86.09128831801871,-8.33599200237422,0,1.5141315460205078,NaN,21.13361167907715,NaN,0.11124287545681,NaN
-860912864081169697,86.09128648360904,-8.116969711065511,0,2.4959230422973633,NaN,55.767982482910156,NaN,0.38659369945526123,NaN
-860912533081227196,86.09125339066271,-8.122719687114163,2,2.569026231765747,NaN,52.46955871582031,NaN,0.24895690381526947,NaN
-860912528082503709,86.09125284188475,-8.250370939825476,0,2.724923610687256,NaN,-89.22134399414062,NaN,0.3863942325115204,NaN
-860912497087044205,86.09124973782262,-8.70442059294369,0,6.1193928718566895,NaN,-76.51434326171875,NaN,0.8016059398651123,NaN
-860911818083847484,86.09118180015284,-8.38474847537153,0,2.2532002925872803,NaN,-1.958329677581787,NaN,0.3947875201702118,NaN
-860911599082531313,86.09115996631597,-8.253131390733033,2,2.688314914703369,NaN,-55.682254791259766,NaN,0.31387394666671753,NaN
-860911165087422566,86.09111650905318,-8.742256606557964,0,1.3307569026947021,NaN,-41.73529052734375,NaN,0.14515966176986694,NaN
-860911065082075359,86.09110653987764,-8.207535957253643,0,1.4777607917785645,NaN,17.392230987548828,NaN,0.10872220247983932,NaN
-860911044080943656,86.09110449629685,-8.094365627923484,0,1.3347108364105225,NaN,77.48150634765625,NaN,0.2924046814441681,NaN
-860910757083757057,86.09107576699516,-8.375705701002158,0,1.725241780281067,NaN,-56.07188034057617,NaN,0.19667303562164307,NaN
-860910721081417385,86.09107219534157,-8.141738561984273,0,4.18338680267334,NaN,-59.860076904296875,NaN,0.27420318126678467,NaN
-860910615087047155,86.09106158914102,-8.704715595893179,0,2.4183473587036133,NaN,-65.59211730957031,NaN,0.5085581541061401,NaN
-860910155082110583,86.09101555037599,-8.211058310183061,0,1.6849499940872192,NaN,-89.1014175415039,NaN,0.20294824242591858,NaN
-860909961084902143,86.0909961792209,-8.490214354686012,0,2.301079511642456,NaN,66.60480499267578,NaN,0.30784693360328674,NaN
-860909639082202170,86.09096396406791,-8.220217008194483,0,1.430190920829773,NaN,0.4851085841655731,NaN,0.11380021274089813,NaN
-860909342082561906,86.09093422045993,-8.256190605308884,2,4.2203545570373535,NaN,-56.06801223754883,NaN,0.1846764087677002,NaN
-860909186083838397,86.09091864314317,-8.383839704984512,2,4.692689418792725,NaN,89.7631607055664,NaN,0.4594246447086334,NaN
-860909103084471691,86.09091033320797,-8.447169119746746,0,1.0956826210021973,NaN,3.918025016784668,NaN,0.2211749255657196,NaN
-860908842082768173,86.09088429043403,-8.2768173875079,2,1.6309796571731567,NaN,67.42349243164062,NaN,0.35645487904548645,NaN
-860908634085269995,86.09086342228117,-8.526999553557792,0,1.4771877527236938,NaN,-10.961959838867188,NaN,0.22049370408058167,NaN
-860908234084606185,86.09082347163117,-8.46061852901669,0,4.125264644622803,NaN,-58.26969909667969,NaN,0.45738694071769714,NaN
-860907809083598942,86.09078093405536,-8.359894235163356,0,1.2569732666015625,NaN,-57.206661224365234,NaN,0.1960793286561966,NaN
-860907798083596620,86.09077980772808,-8.359662050107021,0,1.0862702131271362,NaN,57.16926574707031,NaN,0.12624970078468323,NaN
-860907755087826904,86.09077555422137,-8.782690475389831,0,1.5175691843032837,NaN,-37.922325134277344,NaN,0.0775318592786789,NaN
-860907733086553414,86.09077336592256,-8.655341475177341,0,1.923088550567627,NaN,32.81122970581055,NaN,0.1709049493074417,NaN
-860907592082525890,86.0907592133835,-8.252589049492917,0,1.586227536201477,NaN,-12.880390167236328,NaN,0.09109131246805191,NaN
-860907507082232039,86.09075071520847,-8.223203997480537,0,1.3669551610946655,NaN,-8.915461540222168,NaN,0.07892182469367981,NaN
-860907504081238210,86.09075044554109,-8.123821072826528,0,2.611788511276245,NaN,75.89435577392578,NaN,0.019124440848827362,NaN
-860907485082541481,86.0907485904043,-8.254148115273765,2,4.935815334320068,NaN,-10.775886535644531,NaN,0.07189013808965683,NaN
-860907317083658407,86.09073177237968,-8.365840712591964,0,1.2921690940856934,NaN,30.71498680114746,NaN,0.12796342372894287,NaN
-860907146086808274,86.09071469026529,-8.680827427479162,0,1.0331385135650635,NaN,-16.383394241333008,NaN,0.055344901978969574,NaN
-860907098084294342,86.09070980144351,-8.42943426026756,0,1.4633039236068726,NaN,-5.5358099937438965,NaN,0.0466793030500412,NaN
-860907029084190558,86.09070297260331,-8.41905584660754,2,2.3286397457122803,NaN,39.13933563232422,NaN,0.5031365752220154,NaN
-860906675081340917,86.09066750800447,-8.134091747046455,0,44.52630615234375,NaN,-1.819453239440918,NaN,0.5208007097244263,NaN
-860906594085406124,86.09065944741792,-8.540612497125496,0,1.4182219505310059,NaN,-35.41947555541992,NaN,0.04246024787425995,NaN
-860906499085078670,86.09064992010168,-8.507867035581485,0,4.827426433563232,NaN,22.48516845703125,NaN,0.7145528793334961,NaN
-860906447081286294,86.09064478289653,-8.128629464182927,0,2.711318254470825,NaN,-29.819530487060547,NaN,0.05213535577058792,NaN
-860905941082458001,86.09059418532959,-8.245800162119306,0,1.061181664466858,NaN,-68.68875122070312,NaN,0.058159805834293365,NaN
-860905804083573693,86.09058046845487,-8.357369366575567,0,1.2639734745025635,NaN,0.22930628061294556,NaN,0.011154104955494404,NaN
-860905585084191953,86.09055853098809,-8.419195303464639,2,3.175980567932129,NaN,-26.322790145874023,NaN,0.2952982485294342,NaN
-860905534084689188,86.09055346742826,-8.468918857278961,0,1.72148859500885,NaN,17.236309051513672,NaN,0.15034089982509613,NaN
-860905446082152222,86.09054466573212,-8.215222268239414,0,1.4090895652770996,NaN,-4.6150312423706055,NaN,0.0908011645078659,NaN
-860905341084120902,86.09053417707854,-8.41209025012733,0,3.491071939468384,NaN,-50.05353927612305,NaN,0.2846648693084717,NaN
-860905231083887438,86.0905231787193,-8.388743873265947,0,1.4528828859329224,NaN,15.860729217529297,NaN,0.07061107456684113,NaN
-860905106085539029,86.09051062579356,-8.553902935664208,0,1.3736279010772705,NaN,-80.71371459960938,NaN,0.14036382734775543,NaN
-860905013081751813,86.09050131004379,-8.175181344056128,0,1.2270861864089966,NaN,-61.24868392944336,NaN,0.27505606412887573,NaN
-860904846081978247,86.0904846164369,-8.197824787665445,0,1.6918303966522217,NaN,86.45751190185547,NaN,0.014673429541289806,NaN
-860904793084188580,86.09047936300499,-8.418858086520308,2,2.387820243835449,NaN,-77.56281280517578,NaN,0.3402618169784546,NaN
-860904673083958708,86.09046732037527,-8.39587085485819,0,1.730517029762268,NaN,-89.70417785644531,NaN,0.23160609602928162,NaN
-860904650081579740,86.09046501714457,-8.157974006705262,0,1.3324916362762451,NaN,-30.321975708007812,NaN,0.21465276181697845,NaN
-860904595084193923,86.09045955424912,-8.419392327552295,2,2.364928722381592,NaN,-44.21103286743164,NaN,0.41653090715408325,NaN
-860904438084206429,86.09044388056317,-8.420642970892272,0,1.373985767364502,NaN,23.75794792175293,NaN,0.060096971690654755,NaN
-860904216082556186,86.09042168980837,-8.255618621189772,2,2.3340792655944824,NaN,-43.83748245239258,NaN,0.05736711621284485,NaN
-860904214086975575,86.09042145115444,-8.697557505031215,0,1.4366141557693481,NaN,8.67788028717041,NaN,0.07505913078784943,NaN
-860904210080962726,86.09042108764551,-8.096272648903062,0,1.2917323112487793,NaN,-0.688546895980835,NaN,0.07113765180110931,NaN
-860904082084185874,86.09040823812606,-8.41858745273729,2,3.9700145721435547,NaN,-89.34795379638672,NaN,0.48852232098579407,NaN
-860904023085437219,86.09040235589819,-8.543721981894661,0,2.141242504119873,NaN,58.80324935913086,NaN,0.02329218201339245,NaN
-860904010084528745,86.09040104337328,-8.452874539036213,0,1.4342849254608154,NaN,24.100927352905273,NaN,0.047379523515701294,NaN
-860903521086978850,86.09035214371121,-8.69788506026357,0,0.9943645000457764,NaN,75.98347473144531,NaN,0.05319655314087868,NaN
-860903134082102402,86.09031346867424,-8.210240231796645,0,2.6681900024414062,NaN,20.09746551513672,NaN,0.6071223020553589,NaN
-860903115082908405,86.09031156403354,-8.290840585926398,0,1.6810425519943237,NaN,-22.104820251464844,NaN,0.08170697838068008,NaN
-860903101083079057,86.09031012780108,-8.307905707450502,0,3.121497631072998,NaN,-25.232486724853516,NaN,0.21007686853408813,NaN
-860903045082746193,86.09030455497472,-8.274619304426365,0,1.3919686079025269,NaN,-28.799518585205078,NaN,0.07011008262634277,NaN
-860902861084192250,86.09028616198864,-8.419225049291258,2,5.7816996574401855,NaN,41.35081481933594,NaN,0.5455153584480286,NaN
-860902627085520710,86.09026271918654,-8.552071026441588,0,1.8608921766281128,NaN,-21.22989845275879,NaN,0.09505859762430191,NaN
-860902458082331644,86.09024584959421,-8.233164456776022,2,2.5035674571990967,NaN,82.50996398925781,NaN,0.1972990781068802,NaN
-860902393084176356,86.09023939257821,-8.417635666948021,2,2.2392001152038574,NaN,-30.721477508544922,NaN,0.6620408892631531,NaN
-860902362084181337,86.09023623974416,-8.418133701805601,2,7.742687702178955,NaN,-26.904447555541992,NaN,0.2668374180793762,NaN
-860902331084189831,86.09023310347217,-8.418983118156856,2,4.0594377517700195,NaN,30.589258193969727,NaN,0.5855187773704529,NaN
-860902319082329176,86.09023190569879,-8.232917690485714,2,3.3474833965301514,NaN,74.15550994873047,NaN,0.40416452288627625,NaN
-860902257084620578,86.09022576178857,-8.46205785103097,0,2.659507989883423,NaN,60.07779312133789,NaN,0.3718401789665222,NaN
-860902122081220220,86.0902122376998,-8.122022003590585,2,3.650785207748413,NaN,-61.360897064208984,NaN,0.5163206458091736,NaN
-860901749084186148,86.09017490015624,-8.418614899073303,2,2.903528928756714,NaN,-33.6064567565918,NaN,0.5629568696022034,NaN
-860901452081139477,86.09014529483143,-8.113947766175368,0,8.817170143127441,NaN,-18.35204315185547,NaN,0.49512648582458496,NaN
-860901371082637257,86.09013711360849,-8.26372573333434,0,2.198453187942505,NaN,33.70009231567383,NaN,0.24428552389144897,NaN
-860901352082167739,86.0901352549875,-8.21677397520106,0,5.3880934715271,NaN,58.37029266357422,NaN,0.22971557080745697,NaN
-860901245081265027,86.09012456253666,-8.126502708045475,0,3.7240359783172607,NaN,-10.613626480102539,NaN,0.71659916639328,NaN
-860901140082985609,86.09011409820799,-8.298560910546101,0,4.673779010772705,NaN,-12.31799030303955,NaN,0.7277404069900513,NaN
-860900708081223394,86.09007080761998,-8.122339468434285,2,3.594538927078247,NaN,0.551076352596283,NaN,0.3720606565475464,NaN
-860900597084186740,86.09005976614873,-8.41867402899198,2,4.7412896156311035,NaN,-31.259519577026367,NaN,0.6661083102226257,NaN
-860900498085601701,86.09004987295931,-8.56017015364948,0,1.594228744506836,NaN,-83.92166137695312,NaN,0.11264869570732117,NaN
-860900405082566456,86.09004056923658,-8.256645693944328,0,1.1855074167251587,NaN,61.071319580078125,NaN,0.12097939848899841,NaN
-860900186086915924,86.09001866331859,-8.691592495107187,0,1.6089626550674438,NaN,78.89842987060547,NaN,0.2898809611797333,NaN
-860899997085626068,86.08999977511681,-8.562606873666626,2,6.083237171173096,NaN,73.12488555908203,NaN,0.04402834549546242,NaN
-860899867081654829,86.08998671106934,-8.165482902134992,0,1.4848451614379883,NaN,16.005271911621094,NaN,0.0885506421327591,NaN
-860899655086666062,86.08996551792139,-8.666606270113478,0,2.717428684234619,NaN,50.68342208862305,NaN,0.5853734016418457,NaN
-860899488086386691,86.08994880284075,-8.638669160164296,0,2.0659005641937256,NaN,-3.692392587661743,NaN,0.03765445202589035,NaN
-860899388087478493,86.08993886434918,-8.747849329630675,0,1.3199717998504639,NaN,-8.268089294433594,NaN,0.1957543045282364,NaN
-860899366084188887,86.0899366641971,-8.418888758747686,2,4.322742938995361,NaN,-68.48699951171875,NaN,0.5491781830787659,NaN
-860899146081723333,86.08991469859892,-8.172333307064685,0,1.8852542638778687,NaN,1.7114536762237549,NaN,0.306196004152298,NaN
-860898952084178780,86.08989526856882,-8.417878034057555,2,3.003990650177002,NaN,60.83112716674805,NaN,0.6179720759391785,NaN
-860898870082529189,86.08988700657926,-8.252918938281391,2,2.564380168914795,NaN,-26.785358428955078,NaN,0.30979272723197937,NaN
-860898865084180180,86.08988657893619,-8.418018031310847,2,2.5839312076568604,NaN,-44.47111511230469,NaN,0.6704019904136658,NaN
-860898788081132205,86.0898788584031,-8.113220508456724,0,1.7468076944351196,NaN,50.619876861572266,NaN,0.18482226133346558,NaN
-860898770084183508,86.08987706454117,-8.418350812297966,2,3.896000385284424,NaN,72.5050277709961,NaN,0.15011556446552277,NaN
-860898762085113065,86.08987620522932,-8.511306532131028,0,1.2134172916412354,NaN,-47.85024642944336,NaN,0.014602146111428738,NaN
-860898685082044106,86.08986856228815,-8.204410622911,0,9.695055961608887,NaN,-63.29924774169922,NaN,0.708815336227417,NaN
-860898392084178260,86.08983928185404,-8.417826084044611,2,1.320705771446228,NaN,84.60771179199219,NaN,0.24757088720798492,NaN
-860898226084186489,86.08982264541737,-8.4186489249034,2,3.103076219558716,NaN,84.00418853759766,NaN,0.3784649074077606,NaN
-860898168085428543,86.0898168619691,-8.54285435375673,0,1.7985084056854248,NaN,49.83334732055664,NaN,0.11085108667612076,NaN
-860897773086851670,86.08977736627826,-8.685167078946893,0,1.3610622882843018,NaN,5.781434059143066,NaN,0.08431512862443924,NaN
-860897737084721632,86.08977379945908,-8.47216327042576,0,1.2860697507858276,NaN,46.59759521484375,NaN,0.053168609738349915,NaN
-860897644083595901,86.08976444091785,-8.35959019416831,0,1.3952730894088745,NaN,2.5942890644073486,NaN,0.11879292875528336,NaN
-860897533081218815,86.089753334106,-8.121881588077539,0,2.015803575515747,NaN,-72.04026794433594,NaN,0.4372466504573822,NaN
-860897231083611692,86.08972317652993,-8.361169277129584,0,2.425886631011963,NaN,54.727596282958984,NaN,0.07499581575393677,NaN
-860897076086545072,86.0897076164702,-8.654507217578049,0,1.6989635229110718,NaN,3.058454990386963,NaN,0.08234237879514694,NaN
-860897069082774235,86.0897069849412,-8.277423563748203,0,1.5783125162124634,NaN,13.376432418823242,NaN,0.2965773046016693,NaN
-860896892083407303,86.08968927631282,-8.340730364642166,0,1.2981009483337402,NaN,19.197227478027344,NaN,0.13227100670337677,NaN
-860896765084181965,86.08967655833342,-8.418196540205752,2,1.6554518938064575,NaN,-89.03353118896484,NaN,0.3131333887577057,NaN
-860896636084446571,86.08966361342411,-8.444657107365437,0,1.8823939561843872,NaN,-42.76191329956055,NaN,0.024770034477114677,NaN
-860896456085334627,86.089645659369,-8.533462758384752,2,1.1977695226669312,NaN,32.77435302734375,NaN,0.3726388216018677,NaN
-860895919083944607,86.08959198645087,-8.39446076606364,0,3.203061103820801,NaN,57.979793548583984,NaN,0.33601221442222595,NaN
-860895746086072259,86.08957466607659,-8.607225990953674,0,1.4023160934448242,NaN,-41.553226470947266,NaN,0.12844553589820862,NaN
-860895698082961207,86.08956989073754,-8.296120710324614,2,5.215902805328369,NaN,62.65971374511719,NaN,0.3355063796043396,NaN
-860894954083681462,86.08949547484744,-8.368146268433959,0,1.6132442951202393,NaN,36.14750289916992,NaN,0.12267022579908371,NaN
-860894915081473411,86.08949152685639,-8.147341194618932,2,3.5652568340301514,NaN,83.47238159179688,NaN,0.23813484609127045,NaN
-860894576086661788,86.08945762999231,-8.666178842848975,0,6.284348487854004,NaN,48.280067443847656,NaN,0.8620306253433228,NaN
-860894559081280826,86.0894559776838,-8.128082661613783,0,4.107970237731934,NaN,-33.2457389831543,NaN,0.2811838686466217,NaN
-860894477084767545,86.08944779473177,-8.476754559784093,0,1.244722843170166,NaN,-1.9002642631530762,NaN,0.03138243407011032,NaN
-860894443083097280,86.0894443755583,-8.309728006816336,2,2.0166637897491455,NaN,-10.415103912353516,NaN,0.678725004196167,NaN
-860894300081664390,86.08943004619466,-8.166439053888714,0,4.2797136306762695,NaN,-66.8271713256836,NaN,0.05022164434194565,NaN
-860894191082785122,86.08941915464918,-8.278512254979203,0,3.2540080547332764,NaN,43.48436737060547,NaN,0.11632339656352997,NaN
-860894076081340368,86.08940761932563,-8.134036873287105,2,40.41266632080078,NaN,-21.755643844604492,NaN,0.23525474965572357,NaN
-860893930084063897,86.08939304335874,-8.406389730117096,0,1.4716280698776245,NaN,58.42426681518555,NaN,0.1155039593577385,NaN
-860893875083752150,86.08938754212282,-8.375215078780977,0,1.8614782094955444,NaN,-32.69279861450195,NaN,0.35424041748046875,NaN
-860893807083058306,86.0893807609483,-8.305830647775855,0,1.4061301946640015,NaN,-15.456974983215332,NaN,0.027097225189208984,NaN
-860893699081645498,86.08936999633279,-8.164549848788019,0,1.2525017261505127,NaN,-7.176997661590576,NaN,0.12339753657579422,NaN
-860893492081711600,86.08934926470907,-8.171160015062398,0,1.3028358221054077,NaN,-4.912460803985596,NaN,0.034079357981681824,NaN
-860893288081260056,86.08932884057047,-8.126005695148896,0,2.7389535903930664,NaN,21.168684005737305,NaN,0.1765882521867752,NaN
-860893264082188177,86.0893264256758,-8.218817721940942,0,1.494265079498291,NaN,15.564432144165039,NaN,0.018569765612483025,NaN
-860893059082958122,86.08930597608065,-8.295812284689061,2,2.5458264350891113,NaN,86.0789566040039,NaN,0.268935889005661,NaN
-860892972083090294,86.08929725557215,-8.309029475777779,2,2.479445219039917,NaN,-7.335461139678955,NaN,0.05717724934220314,NaN
-860892929081474142,86.0892929335931,-8.147414254546486,2,1.6064714193344116,NaN,-53.26959228515625,NaN,0.46410444378852844,NaN
-860892854084617742,86.08928547022154,-8.461774291960277,0,1.3098201751708984,NaN,73.27103424072266,NaN,0.18886715173721313,NaN
-860892850084784745,86.0892850368727,-8.478474532207061,0,1.277592420578003,NaN,4.268169403076172,NaN,0.14802664518356323,NaN
-860892729087198460,86.08927296172845,-8.719846030149057,2,3.488320827484131,NaN,28.96129608154297,NaN,0.43542373180389404,NaN
-860892645083319013,86.08926450446938,-8.331901387003045,0,2.769747495651245,NaN,-15.038803100585938,NaN,0.27172261476516724,NaN
-860892531082832476,86.08925317348812,-8.283247677162704,0,2.3348476886749268,NaN,-16.780296325683594,NaN,0.06627970188856125,NaN
-860892485081608917,86.0892485095302,-8.160891750677678,0,1.3495423793792725,NaN,65.08087921142578,NaN,0.003216397250071168,NaN
-860892315087363337,86.08923150079016,-8.736333711553888,0,1.677270531654358,NaN,3.4108312129974365,NaN,0.12591230869293213,NaN
-860892275081423320,86.08922753461347,-8.14233205571082,0,4.915316581726074,NaN,-13.625907897949219,NaN,0.6148888468742371,NaN
-860892261087338520,86.0892261786402,-8.733852006904803,0,2.6289687156677246,NaN,68.41795349121094,NaN,0.3800481855869293,NaN
-860892250082954272,86.08922500071672,-8.295427263913462,2,6.270036220550537,NaN,-19.308109283447266,NaN,0.4340115785598755,NaN
-860892205082631087,86.08922058150475,-8.263108770740446,0,6.173942565917969,NaN,-63.3785514831543,NaN,0.637973964214325,NaN
-860892177084993420,86.08921770719432,-8.49934207691826,0,1.3451201915740967,NaN,26.766359329223633,NaN,0.01814836636185646,NaN
-860892144081983732,86.08921446615233,-8.198373224076615,0,2.161808967590332,NaN,87.19805145263672,NaN,0.13998258113861084,NaN
-860891894080893716,86.08918948664888,-8.089371658777623,0,5.418474197387695,NaN,-41.926273345947266,NaN,0.5412002205848694,NaN
-860891799085008196,86.08917996028877,-8.500819637314585,0,1.1256823539733887,NaN,-5.109536647796631,NaN,0.009360973723232746,NaN
-860891631082542661,86.08916316829755,-8.254266186110854,0,4.006753921508789,NaN,78.937255859375,NaN,0.49355024099349976,NaN
-860891425082986990,86.08914253039019,-8.298699046638008,2,2.1322357654571533,NaN,33.11305618286133,NaN,0.30559536814689636,NaN
-860891367081993178,86.089136797216,-8.199317879437698,0,1.3837432861328125,NaN,23.15696144104004,NaN,0.17454884946346283,NaN
-860891222083426937,86.08912223739672,-8.34269376345404,0,3.7101659774780273,NaN,-56.32440948486328,NaN,0.49465879797935486,NaN
-860891214083580327,86.08912140868952,-8.35803270898664,0,1.3889299631118774,NaN,11.518109321594238,NaN,0.03461354970932007,NaN
-860891100087197656,86.08911008767058,-8.719765681634016,2,2.795203447341919,NaN,46.576141357421875,NaN,0.34732043743133545,NaN
-860891009081674154,86.0891009922187,-8.167415427801929,0,3.892937183380127,NaN,27.219316482543945,NaN,0.46985945105552673,NaN
-860890986087360818,86.08909863594646,-8.73608182484201,2,1.453438639640808,NaN,-61.693241119384766,NaN,0.48234936594963074,NaN
-860890956085245032,86.08909560872283,-8.524503297963522,0,1.1552571058273315,NaN,58.248409271240234,NaN,0.18703831732273102,NaN
-860890942087354712,86.0890942969045,-8.735471271218811,2,1.4189366102218628,NaN,3.713745594024658,NaN,0.38979658484458923,NaN
-860890699081803902,86.08906990552688,-8.180390293774922,0,1.4902552366256714,NaN,8.40747356414795,NaN,0.08253375440835953,NaN
-860890561085416482,86.08905615649824,-8.541648291674273,0,1.2223656177520752,NaN,-80.69466400146484,NaN,0.040509000420570374,NaN
-860890479082376607,86.089047907346,-8.237660770521785,0,2.199681043624878,NaN,14.736111640930176,NaN,0.046986572444438934,NaN
-860890351082123651,86.08903514981169,-8.2123651445775,0,1.2499980926513672,NaN,22.490833282470703,NaN,0.10455690324306488,NaN
-860890218082961989,86.08902180484144,-8.296198957360792,0,1.4690583944320679,NaN,-9.851738929748535,NaN,0.08559618890285492,NaN
-860889890080884679,86.08898904913055,-8.088467979672757,0,5.0736589431762695,NaN,10.260705947875977,NaN,0.835138201713562,NaN
-860889584082150488,86.08895847616084,-8.215048808939237,0,1.9138823747634888,NaN,-52.813133239746094,NaN,0.25756528973579407,NaN
-860889561080946836,86.08895610429389,-8.094683610092083,0,1.7974010705947876,NaN,1.7239166498184204,NaN,0.27429667115211487,NaN
-860889379083820256,86.0889379408096,-8.38202564695404,2,2.2678215503692627,NaN,-0.26651179790496826,NaN,0.23175732791423798,NaN
-860889280087410520,86.08892807866042,-8.741052061503613,0,1.5184680223464966,NaN,-28.840843200683594,NaN,0.17958952486515045,NaN
-860889069082524296,86.08890698013009,-8.252429640353498,0,1.5728615522384644,NaN,-17.278392791748047,NaN,0.238717719912529,NaN
-860888994083924747,86.08889941737559,-8.39247473912068,0,1.5459024906158447,NaN,49.596046447753906,NaN,0.07043738663196564,NaN
-860888983087357440,86.08889837296057,-8.735744062369427,2,1.8689866065979004,NaN,-79.86711120605469,NaN,0.0024273619055747986,NaN
-860888761085109683,86.08887613102611,-8.510968318845846,0,1.1369127035140991,NaN,64.14876556396484,NaN,0.18958182632923126,NaN
-860888730084489922,86.08887305058695,-8.448992210451719,0,1.302300214767456,NaN,-51.551414489746094,NaN,0.05069582164287567,NaN
-860888360081404970,86.08883605595392,-8.140497033709195,0,3.6527836322784424,NaN,-12.434106826782227,NaN,0.3750796318054199,NaN
-860888125082645600,86.08881253832516,-8.264560075030083,0,1.5392982959747314,NaN,-22.035533905029297,NaN,0.09967194497585297,NaN
-860887909083546207,86.08879094885559,-8.354620752152238,0,1.919264554977417,NaN,-47.981624603271484,NaN,0.15644682943820953,NaN
-860887887083492573,86.08878878983317,-8.349257333164863,0,1.3411284685134888,NaN,-0.587662398815155,NaN,0.1866423487663269,NaN
-860887653083825497,86.08876538934825,-8.382549701606107,2,1.8348538875579834,NaN,35.7375602722168,NaN,0.6630300283432007,NaN
-860887548082989636,86.0887548905432,-8.298963623928213,2,6.017898082733154,NaN,45.27419662475586,NaN,0.7852610349655151,NaN
-860887373081930211,86.08873736131012,-8.193021100828416,0,2.329390048980713,NaN,24.38772201538086,NaN,0.22439104318618774,NaN
-860887359081679128,86.088735960965,-8.167912861015067,0,2.686335325241089,NaN,16.390151977539062,NaN,0.3960043489933014,NaN
-860887327085894069,86.08873278310764,-8.5894069794184,0,1.185251235961914,NaN,22.856164932250977,NaN,0.11663401126861572,NaN
-860887302083823617,86.0887302477707,-8.382361740972529,2,3.126549482345581,NaN,42.276466369628906,NaN,0.7578022480010986,NaN
-860887257087532316,86.08872576721028,-8.753231699806333,0,1.2301377058029175,NaN,74.00000762939453,NaN,0.05546214058995247,NaN
-860887112085463874,86.08871121028879,-8.546387422514373,0,1.1682767868041992,NaN,-22.978120803833008,NaN,0.10677477717399597,NaN
-860887088083396920,86.0887088507903,-8.339692045896966,0,1.441765546798706,NaN,39.954280853271484,NaN,0.1539442092180252,NaN
-860886871081788696,86.08868711858918,-8.178869626961259,0,1.466107964515686,NaN,14.395448684692383,NaN,0.0749192088842392,NaN
-860886710081519977,86.08867107291546,-8.15199779529066,0,2.1147191524505615,NaN,54.33372116088867,NaN,0.47807711362838745,NaN
-860886597084996212,86.08865973409932,-8.49962122301855,2,1.4376518726348877,NaN,-19.446792602539062,NaN,0.08286124467849731,NaN
-860886585083052130,86.08865852571263,-8.305213063986258,0,3.8916454315185547,NaN,8.344771385192871,NaN,0.5392541289329529,NaN
-860886372082649865,86.088637279549,-8.264986596306285,0,1.7622987031936646,NaN,13.91103458404541,NaN,0.1885690689086914,NaN
-860886348082604517,86.0886348372351,-8.260451747206709,0,1.4231464862823486,NaN,-46.53152847290039,NaN,0.10268721729516983,NaN
-860886135082928705,86.08861359569191,-8.292870510458304,2,1.4468019008636475,NaN,-8.015015602111816,NaN,0.2810199558734894,NaN
-860885993083240327,86.08859934523278,-8.32403270078537,0,3.8789126873016357,NaN,-6.918878555297852,NaN,0.5052646994590759,NaN
-860885876083557788,86.08858764201378,-8.355778828082972,2,4.277989864349365,NaN,-3.8472707271575928,NaN,0.47981002926826477,NaN
-860885704083297684,86.08857049879676,-8.329768409211086,0,1.534298300743103,NaN,-8.799941062927246,NaN,0.04610580950975418,NaN
-860885447081684988,86.08854478355047,-8.168498826189888,0,2.4382810592651367,NaN,-64.5494613647461,NaN,0.36835750937461853,NaN
-860885266082432956,86.08852668479857,-8.2432956679858,0,1.9444321393966675,NaN,-31.254852294921875,NaN,0.4958641827106476,NaN
-860885003082157935,86.08850033885562,-8.215793566548168,0,2.0319125652313232,NaN,71.26570892333984,NaN,0.2916274964809418,NaN
-860884970085102225,86.08849705148712,-8.510222567111082,0,1.674925446510315,NaN,37.96261215209961,NaN,0.3845459222793579,NaN
-860884634086986842,86.08846346431979,-8.69868424762932,0,1.42570960521698,NaN,60.489627838134766,NaN,0.035795874893665314,NaN
-860884349082427671,86.08843497000042,-8.242767117200485,2,1.663657784461975,NaN,51.05037307739258,NaN,0.2333594560623169,NaN
-860884339082278229,86.08843399503387,-8.227822912823273,2,1.5895838737487793,NaN,89.02719116210938,NaN,0.16933897137641907,NaN
-860884175082774533,86.08841755109944,-8.27745330856606,0,1.441171407699585,NaN,29.893369674682617,NaN,0.058165282011032104,NaN
-860884155083473490,86.08841555371696,-8.347349034761631,0,1.1063024997711182,NaN,-12.389676094055176,NaN,0.1560254693031311,NaN
-860883805086574745,86.08838056417484,-8.657474506728592,0,1.5421112775802612,NaN,-10.719273567199707,NaN,0.23955202102661133,NaN
-860883769082222618,86.08837691822497,-8.22226185426672,0,1.4438252449035645,NaN,11.129768371582031,NaN,0.026140684261918068,NaN
-860883727085541398,86.08837276839532,-8.554139843889175,0,2.5693438053131104,NaN,-19.87822151184082,NaN,0.430168092250824,NaN
-860883685082926166,86.08836857939839,-8.292616698090088,2,2.019785165786743,NaN,-3.3776466846466064,NaN,0.0985063761472702,NaN
-860883581082734242,86.0883581556874,-8.273424207003787,0,3.4754011631011963,NaN,-10.410083770751953,NaN,0.45391133427619934,NaN
-860883482082276094,86.08834823192319,-8.227609407525128,2,1.60978364944458,NaN,9.728730201721191,NaN,0.04182494804263115,NaN
-860883417083439759,86.08834177171094,-8.343975905973068,0,1.5848374366760254,NaN,-6.540927410125732,NaN,0.09885630756616592,NaN
-860883248084995029,86.0883248377335,-8.499502961489528,2,1.894012689590454,NaN,-11.329119682312012,NaN,0.028892751783132553,NaN
-860883153087039227,86.08831533075508,-8.703922752330312,0,22.607572555541992,NaN,-73.72914123535156,NaN,0.9442540407180786,NaN
-860883125087042661,86.08831251527498,-8.704266188652062,0,60.154945373535156,NaN,-74.83928680419922,NaN,0.9714394211769104,NaN
-860883072082710058,86.08830729871767,-8.271005845511654,0,1.4698940515518188,NaN,-2.578374147415161,NaN,0.2624804377555847,NaN
-860883026087991102,86.08830261622722,-8.799110235632654,0,1.0948255062103271,NaN,-85.38480377197266,NaN,0.03225408121943474,NaN
-860882941083558081,86.088294105751,-8.35580810727549,2,3.5285348892211914,NaN,-39.87432861328125,NaN,0.43589654564857483,NaN
-860882728085564184,86.08827286004035,-8.556418403900036,2,1.8375511169433594,NaN,-2.9466490745544434,NaN,0.21863104403018951,NaN
-860882574083101910,86.08825743307297,-8.310191015009954,2,3.5362040996551514,NaN,-37.08755874633789,NaN,0.3725089132785797,NaN
-860882520082576352,86.08825207979467,-8.257635252734122,0,3.254213571548462,NaN,65.05651092529297,NaN,0.044998809695243835,NaN
-860882426085149641,86.08824262133312,-8.514964154443238,0,4.588954925537109,NaN,-58.10312271118164,NaN,0.21413779258728027,NaN
-860882068085567548,86.08820686336433,-8.556754888355464,2,2.5310816764831543,NaN,45.77383804321289,NaN,0.4525739550590515,NaN
-860881875082426729,86.08818751724041,-8.242672949280971,2,3.004058599472046,NaN,-72.51483154296875,NaN,0.3480222821235657,NaN
-860881805080795321,86.0881805964022,-8.079532171118908,2,1.7761833667755127,NaN,13.152913093566895,NaN,0.1095132902264595,NaN
-860881525084999920,86.0881525017698,-8.499992098709264,0,1.0176860094070435,NaN,3.4733870029449463,NaN,0.12906181812286377,NaN
-860881347082313300,86.08813473210036,-8.231330088630106,0,1.7446165084838867,NaN,-55.28548049926758,NaN,0.18463987112045288,NaN
-860881295083099972,86.08812959442477,-8.309997233387564,2,1.5445255041122437,NaN,30.102859497070312,NaN,0.31442931294441223,NaN
-860881188081187259,86.08811882365195,-8.118725957816121,0,8.47269344329834,NaN,73.47886657714844,NaN,0.7266232967376709,NaN
-860880346083995190,86.08803463442464,-8.3995190442658,0,1.497106671333313,NaN,-2.0883336067199707,NaN,0.0683206170797348,NaN
-860880301083777987,86.08803010171444,-8.377798750538986,2,3.6862435340881348,NaN,-20.52543067932129,NaN,0.7047814130783081,NaN
-860880299085556269,86.08802992093561,-8.555626931287874,2,4.778453826904297,NaN,-69.5383529663086,NaN,0.39048078656196594,NaN
-860880189086544370,86.08801899786347,-8.654437072240809,0,1.9098840951919556,NaN,-32.542274475097656,NaN,0.03353503718972206,NaN
-860880122080470999,86.08801227473512,-8.047099925272091,0,28.70146942138672,NaN,-12.363199234008789,NaN,0.9563488364219666,NaN
-860880038085548364,86.08800386398013,-8.554836499303327,2,6.607071399688721,NaN,-77.78218841552734,NaN,0.10598582774400711,NaN
-860879902086998869,86.08799020457599,-8.699886959094624,0,1.3952637910842896,NaN,-18.623275756835938,NaN,0.06765283644199371,NaN
-860879787081542793,86.08797878736193,-8.154279314509013,2,2.7338826656341553,NaN,6.455893516540527,NaN,0.30226749181747437,NaN
-860879764085559828,86.08797649473891,-8.555982814788914,2,5.640065670013428,NaN,-62.12016296386719,NaN,0.18745915591716766,NaN
-860879712081172864,86.08797123396073,-8.117286451992085,0,1.5913256406784058,NaN,-10.086653709411621,NaN,0.2732119560241699,NaN
-860879520084181742,86.087952037413,-8.418174287825265,0,5.704946994781494,NaN,-77.52608489990234,NaN,0.3289095163345337,NaN
-860879450082138755,86.0879450314477,-8.213875587395135,0,3.0206823348999023,NaN,21.413719177246094,NaN,0.07220198959112167,NaN
-860879396086522610,86.08793968033659,-8.652261095743931,0,3.5704126358032227,NaN,-25.67133331298828,NaN,0.25673437118530273,NaN
-860879342080795072,86.0879342158925,-8.07950720666167,2,1.4845318794250488,NaN,39.38051223754883,NaN,0.025649016723036766,NaN
-860879288083337167,86.08792882036926,-8.33371674605538,0,3.292753219604492,NaN,32.46662139892578,NaN,0.45892593264579773,NaN
-860879006081541164,86.0879006841257,-8.154116442326801,2,2.087602376937866,NaN,-40.600669860839844,NaN,0.19663923978805542,NaN
-860878970084767217,86.08789705350635,-8.476721729701504,0,1.8787875175476074,NaN,33.105201721191406,NaN,0.18673497438430786,NaN
-860878851083568831,86.0878851703328,-8.356883130861076,1,1.3924330472946167,NaN,-55.75042724609375,NaN,0.3918464481830597,NaN
-860878833082658869,86.08788339377769,-8.265886983457317,0,5.980174541473389,NaN,80.67781829833984,NaN,0.4383890926837921,NaN
-860878744081748622,86.08787445853643,-8.174862283792578,2,1.9801644086837769,NaN,-56.1903190612793,NaN,0.35145673155784607,NaN
-860878716082998145,86.08787162136946,-8.299814575017386,2,3.459228038787842,NaN,-17.606454849243164,NaN,0.07151535153388977,NaN
-860878684081420042,86.08786846021758,-8.142004203423744,0,3.9775476455688477,NaN,78.29407501220703,NaN,0.5017520189285278,NaN
-860878681080955474,86.08786816693316,-8.09554745439774,0,2.765998601913452,NaN,-70.81440734863281,NaN,0.6416581273078918,NaN
-860878680083481118,86.08786809945276,-8.348111864591178,0,1.4440674781799316,NaN,-14.921041488647461,NaN,0.09502384066581726,NaN
-860878670083851461,86.0878670159314,-8.385146135039843,0,2.38706636428833,NaN,-29.043888092041016,NaN,0.5066399574279785,NaN
-860878463081725850,86.08784634385533,-8.172585021380913,2,4.348435401916504,NaN,-78.52625274658203,NaN,0.1992330104112625,NaN
-860878342082958273,86.08783422938856,-8.295827308833342,0,2.562056064605713,NaN,-45.759071350097656,NaN,0.3200909197330475,NaN
-860878272087034012,86.08782723207305,-8.703401236354251,0,19.670509338378906,NaN,-73.18319702148438,NaN,0.9266124367713928,NaN
-860878230083661431,86.08782302134216,-8.36614318443468,0,1.1604318618774414,NaN,47.39867401123047,NaN,0.14868678152561188,NaN
-860878028086221172,86.08780281795654,-8.62211729639486,2,3.314516305923462,NaN,-73.73397064208984,NaN,0.6196079254150391,NaN
-860877982085824191,86.08779824728609,-8.582419164519498,0,1.2500169277191162,NaN,-21.916017532348633,NaN,0.12759283185005188,NaN
-860877898083433157,86.08778984348012,-8.343315785472084,0,2.5805277824401855,NaN,-69.53655242919922,NaN,0.46191397309303284,NaN
-860877863086738807,86.08778635084461,-8.673880726399753,0,1.4654799699783325,NaN,-41.186981201171875,NaN,0.03855600208044052,NaN
-860877826080932795,86.08778269534486,-8.093279598443136,0,2.1634674072265625,NaN,-64.59241485595703,NaN,0.01958356238901615,NaN
-860877813086550366,86.0877813600417,-8.655036694532662,0,1.3295825719833374,NaN,17.693572998046875,NaN,0.06548651307821274,NaN
-860877606085554572,86.08776063658281,-8.5554572770041,2,13.79090690612793,NaN,75.73855590820312,NaN,0.557625949382782,NaN
-860877403080436662,86.08774038309565,-8.043666216912973,0,1.2369577884674072,NaN,-39.95295715332031,NaN,0.16821275651454926,NaN
-860877170082717739,86.08771709536623,-8.271773915532343,2,1.8492212295532227,NaN,6.1240925788879395,NaN,0.08944439888000488,NaN
-860877113081731389,86.0877113753906,-8.173138947014309,2,8.605631828308105,NaN,5.560122013092041,NaN,0.3335355818271637,NaN
-860877044083765447,86.08770448750587,-8.37654471536273,2,3.3763797283172607,NaN,-2.2845053672790527,NaN,0.08034319430589676,NaN
-860876857082720821,86.08768573729328,-8.272082139405116,2,1.4215532541275024,NaN,-56.569313049316406,NaN,0.11094163358211517,NaN
-860876825085551577,86.08768252950513,-8.555157787296276,2,3.208662271499634,NaN,-52.31968688964844,NaN,0.34811848402023315,NaN
-860876795080896018,86.0876795460542,-8.089601837009557,0,1.860454797744751,NaN,-10.32744312286377,NaN,0.2984969913959503,NaN
-860876791087981915,86.08767912076961,-8.798191513499903,0,1.5372209548950195,NaN,-24.91649055480957,NaN,0.07027486711740494,NaN
-860876734081750301,86.08767340468573,-8.175030141854647,2,4.360177993774414,NaN,-22.585323333740234,NaN,0.31599241495132446,NaN
-860876685085572576,86.087668556114,-8.557257684429233,2,2.025116443634033,NaN,-82.6268539428711,NaN,0.19985809922218323,NaN
-860876261085571577,86.08762610201256,-8.557157774050472,2,1.086853265762329,NaN,-66.12997436523438,NaN,0.06039118394255638,NaN
-860876173083807527,86.087617319203,-8.380752716376143,0,1.0676811933517456,NaN,-20.16652488708496,NaN,0.15935522317886353,NaN
-860876040087188391,86.08760403157407,-8.718839109188629,0,1.1115952730178833,NaN,56.15191650390625,NaN,0.017216498032212257,NaN
-860876034085741519,86.08760349426503,-8.574151939856758,0,1.6778676509857178,NaN,-53.84320831298828,NaN,0.07924487441778183,NaN
-860876021083362856,86.08760214041567,-8.33628562818231,0,1.4493603706359863,NaN,-7.675544738769531,NaN,0.08817987143993378,NaN
-860876007082514176,86.08760072023179,-8.251417653686818,0,2.600449562072754,NaN,-20.712839126586914,NaN,0.11099420487880707,NaN
-860875914085563587,86.08759145035843,-8.556358712528812,2,10.500149726867676,NaN,-12.413552284240723,NaN,0.37646591663360596,NaN
-860875802084838272,86.08758021645802,-8.48382721555035,0,1.335667610168457,NaN,-28.856733322143555,NaN,0.06890316307544708,NaN
-860875730081211905,86.08757303730492,-8.121190575314873,0,1.353992223739624,NaN,-73.97379302978516,NaN,0.11176152527332306,NaN
-860875726085573907,86.08757265648397,-8.557390759972801,2,2.1654465198516846,NaN,4.604097366333008,NaN,0.17228655517101288,NaN
-860875700082637835,86.0875700363389,-8.263783567439603,0,1.492786169052124,NaN,56.01395034790039,NaN,0.2573668658733368,NaN
-860875676081110852,86.08756762402935,-8.111085261258777,0,4.547185897827148,NaN,-49.977142333984375,NaN,0.48391690850257874,NaN
-860875634082844173,86.0875634716193,-8.284417312995048,0,1.302385687828064,NaN,20.76428985595703,NaN,0.041526541113853455,NaN
-860875467084752651,86.08754670972098,-8.475265123356673,0,1.5461180210113525,NaN,-33.9299201965332,NaN,0.16163575649261475,NaN
-860875418081710940,86.0875418071441,-8.171094039631724,2,3.212573528289795,NaN,-6.952696800231934,NaN,0.33683210611343384,NaN
-860875237082984897,86.08752372447857,-8.298489727193518,2,1.7388246059417725,NaN,-24.322050094604492,NaN,0.5751139521598816,NaN
-860875227080922001,86.08752277207367,-8.092200171302764,0,3.0911669731140137,NaN,-63.43191909790039,NaN,0.25579509139060974,NaN
-860875123084322763,86.08751236578996,-8.432276390652746,0,1.7869123220443726,NaN,6.491460800170898,NaN,0.08628825843334198,NaN
-860875094080368729,86.08750945417238,-8.036872903280454,2,3.536083936691284,NaN,-19.547571182250977,NaN,0.1942756175994873,NaN
-860875014081708595,86.08750144602872,-8.170859575838485,2,2.130518913269043,NaN,77.74075317382812,NaN,0.6469841003417969,NaN
-860874768082982851,86.0874768368856,-8.298285120458724,2,2.127774715423584,NaN,-14.270492553710938,NaN,0.6074531078338623,NaN
-860874717084604827,86.08747177477966,-8.46048270180204,0,3.901954412460327,NaN,-46.81970977783203,NaN,0.6902643442153931,NaN
-860874694085520855,86.08746943608716,-8.552085563929529,0,1.2412458658218384,NaN,-83.90189361572266,NaN,0.016407856717705727,NaN
-860874620082957872,86.08746205219224,-8.295787224095813,0,1.2987045049667358,NaN,30.735191345214844,NaN,0.23921312391757965,NaN
-860874519085546220,86.08745194238708,-8.55462200763909,2,15.034341812133789,NaN,8.171666145324707,NaN,0.5898029804229736,NaN
-860874138085698664,86.08741385401375,-8.569866419265972,0,1.022499680519104,NaN,21.742938995361328,NaN,0.06614229083061218,NaN
-860874130081982085,86.08741302062614,-8.198208519788887,0,1.5812897682189941,NaN,23.938749313354492,NaN,0.30284181237220764,NaN
-860874115086210521,86.08741153018416,-8.621052109774775,2,4.6102190017700195,NaN,41.850807189941406,NaN,0.7242069840431213,NaN
-860874062080365951,86.0874062560873,-8.036595155782706,2,1.569141149520874,NaN,77.0389175415039,NaN,0.19973157346248627,NaN
-860874060081543557,86.08740607053579,-8.154355741980128,0,1.6088757514953613,NaN,-6.561708927154541,NaN,0.01489139162003994,NaN
-860873989086478206,86.08739894083989,-8.647820614657919,0,1.3894615173339844,NaN,-3.8861522674560547,NaN,0.03159182891249657,NaN
-860873894080408142,86.08738940600277,-8.040814286895715,0,2.630746603012085,NaN,-12.91884994506836,NaN,0.2816891372203827,NaN
-860873847085574041,86.08738479928856,-8.557404150612868,2,1.6862162351608276,NaN,-31.198118209838867,NaN,0.5077724456787109,NaN
-860873840083021005,86.08738409510637,-8.302100596814475,0,1.5023707151412964,NaN,-1.8890663385391235,NaN,0.09795930236577988,NaN
-860873830083714067,86.0873830631502,-8.371406715528993,0,1.5349969863891602,NaN,88.93962097167969,NaN,0.142893448472023,NaN
-860873809081015641,86.08738097782752,-8.101564190087549,2,1.6107715368270874,NaN,23.2495174407959,NaN,0.032639745622873306,NaN
-860873760082769539,86.08737607032593,-8.276953937938726,0,5.3249359130859375,NaN,-41.981101989746094,NaN,0.5632216930389404,NaN
-860873584080824540,86.08735846449103,-8.082454020154621,0,3.7605199813842773,NaN,57.34904861450195,NaN,0.5907317996025085,NaN
-860873484084920299,86.08734846461809,-8.492029944071335,0,1.3268674612045288,NaN,40.024478912353516,NaN,0.07565245777368546,NaN
-860873481083101423,86.08734810812463,-8.310142307578596,0,1.6746575832366943,NaN,-6.617817401885986,NaN,0.09168383479118347,NaN
-860873452083269752,86.08734528383108,-8.32697524054344,0,1.733507513999939,NaN,58.12157440185547,NaN,0.34231802821159363,NaN
-860873321080369387,86.0873321639508,-8.03693873907576,2,1.9090877771377563,NaN,34.287879943847656,NaN,0.18481846153736115,NaN
-860872673082619072,86.08726732531518,-8.261907288310047,0,1.8560762405395508,NaN,-14.947669982910156,NaN,0.24373628199100494,NaN
-860872638085910111,86.08726382286082,-8.591011128155431,0,1.4390819072723389,NaN,87.85066223144531,NaN,0.079428531229496,NaN
-860872609085639847,86.08726097278824,-8.563984708507855,0,2.606853485107422,NaN,2.2915401458740234,NaN,0.48112553358078003,NaN
-860872555081655732,86.08725559936474,-8.16557320276001,0,1.7629785537719727,NaN,-8.134564399719238,NaN,0.03803170099854469,NaN
-860872509081135045,86.08725096230323,-8.113504521635186,0,1.5150998830795288,NaN,-89.83330535888672,NaN,0.3398074507713318,NaN
-860872119082168186,86.08721192702147,-8.216818674874887,0,1.348831295967102,NaN,23.72930145263672,NaN,0.018704557791352272,NaN
-860871953085365724,86.08719532225342,-8.536572400098771,0,1.8557082414627075,NaN,-37.53633499145508,NaN,0.32330459356307983,NaN
-860871911081600055,86.08719114592141,-8.160005554667284,0,2.1736292839050293,NaN,80.32130432128906,NaN,0.4655728042125702,NaN
-860871786083780906,86.0871786476987,-8.378090616849006,0,3.7774670124053955,NaN,81.4567642211914,NaN,0.5755242109298706,NaN
-860871689085916775,86.08716899506467,-8.59167754422755,0,1.016030192375183,NaN,71.00926208496094,NaN,0.09735967963933945,NaN
-860871686080924290,86.08716863854659,-8.09242907291043,0,1.7655515670776367,NaN,52.77030944824219,NaN,0.31612589955329895,NaN
-860871600082638294,86.08716001728766,-8.263829486451632,0,1.087322473526001,NaN,-46.04985427856445,NaN,0.03741822391748428,NaN
-860871421081015480,86.08714219507848,-8.101548074059735,2,1.3864710330963135,NaN,-81.1373519897461,NaN,0.2601211965084076,NaN
-860871204084598210,86.08712046501121,-8.45982100958227,0,1.1548162698745728,NaN,-64.07964324951172,NaN,0.09528171271085739,NaN
-860870931085559748,86.08709313339823,-8.555974812909437,2,9.390979766845703,NaN,8.941780090332031,NaN,0.5215964913368225,NaN
-860870792081982123,86.08707929586296,-8.198212355620615,0,1.2387325763702393,NaN,-88.49048614501953,NaN,0.055976007133722305,NaN
-860870504081719412,86.08705048631586,-8.171941278278238,2,1.86541748046875,NaN,28.610973358154297,NaN,0.029117068275809288,NaN
-860870392085100180,86.08703920399522,-8.510018091248035,0,1.3780535459518433,NaN,-23.359333038330078,NaN,0.08794335275888443,NaN
-860870381083954347,86.08703815925985,-8.395434724364774,2,49.56096649169922,NaN,44.8071403503418,NaN,0.8807799220085144,NaN
-860870308086736534,86.08703088464968,-8.673653451355221,0,1.2563891410827637,NaN,70.58710479736328,NaN,0.13207502663135529,NaN
-860870286085546219,86.0870286626633,-8.554621960886285,2,5.93289041519165,NaN,-37.58036422729492,NaN,0.23840463161468506,NaN
-860870253083886346,86.08702534926445,-8.38863469250536,2,49.542633056640625,NaN,48.82729721069336,NaN,0.8602966666221619,NaN
-860869851086896100,86.08698519053723,-8.689610071007039,0,2.042389392852783,NaN,23.07773208618164,NaN,0.39044466614723206,NaN
-860869735087185794,86.08697353306849,-8.718579497248326,0,1.5163086652755737,NaN,52.442317962646484,NaN,0.0561978779733181,NaN
-860869669083292955,86.08696696161779,-8.329295562180594,1,1.1000217199325562,NaN,37.98038864135742,NaN,0.22435863316059113,NaN
-860869646083525279,86.08696462330458,-8.352527924035902,0,1.5113005638122559,NaN,-3.764362335205078,NaN,0.13924255967140198,NaN
-860869591083006884,86.08695915388445,-8.300688432972114,2,2.683448553085327,NaN,40.1523323059082,NaN,0.570630669593811,NaN
-860869548085566964,86.08695483852495,-8.556696493315288,2,7.571167469024658,NaN,67.45494842529297,NaN,0.2710082530975342,NaN
-860869491083547388,86.0869491691355,-8.35473888569169,0,1.2760218381881714,NaN,15.91341495513916,NaN,0.1705446094274521,NaN
-860869467085639792,86.08694678445475,-8.56397925060558,0,1.583937168121338,NaN,-1.7942570447921753,NaN,0.2595759332180023,NaN
-860869340085550587,86.08693400615854,-8.555058769947134,2,3.4259207248687744,NaN,1.6408063173294067,NaN,0.5805333852767944,NaN
-860868836082998874,86.08688368751741,-8.299887468487954,2,1.8581974506378174,NaN,-79.64197540283203,NaN,0.49548250436782837,NaN
-860868537083623365,86.08685370633185,-8.362336556899459,0,3.0499660968780518,NaN,-20.642688751220703,NaN,0.6911465525627136,NaN
-860868369086525009,86.08683692606408,-8.652500983794557,2,26.922758102416992,NaN,-72.0771255493164,NaN,0.7895642518997192,NaN
-860868310082752241,86.08683103723455,-8.275224123408623,0,1.6810435056686401,NaN,14.076586723327637,NaN,0.3280336260795593,NaN
-860868214085540728,86.08682142088165,-8.55407289184152,2,4.615382194519043,NaN,59.692264556884766,NaN,0.6280953288078308,NaN
-860867950087759535,86.08679509114101,-8.775953538170276,0,2.023836374282837,NaN,52.887046813964844,NaN,0.04738447070121765,NaN
-860867941085484350,86.08679415283392,-8.548435054256414,0,1.2592660188674927,NaN,39.617958068847656,NaN,0.05389256775379181,NaN
-860867779085558579,86.08677791391814,-8.555857952634662,2,4.1953887939453125,NaN,-18.88791847229004,NaN,0.45561832189559937,NaN
-860867607083325237,86.08676073950146,-8.332523784105378,2,2.5381314754486084,NaN,-53.1569709777832,NaN,0.3865317106246948,NaN
-860867601085703020,86.08676014259,-8.570302073433808,0,1.215709924697876,NaN,-23.081192016601562,NaN,0.060431115329265594,NaN
-860867580081197374,86.08675804706992,-8.119737426790726,2,2.8416378498077393,NaN,-10.884572982788086,NaN,0.697303831577301,NaN
-860867549082210359,86.08675498197742,-8.221035999964638,0,2.2077691555023193,NaN,-59.86380386352539,NaN,0.324889212846756,NaN
-860867452086431873,86.08674522674305,-8.643187388933082,0,1.5564968585968018,NaN,0.1610674411058426,NaN,0.186172753572464,NaN
-860867421083123273,86.08674215162752,-8.312327320699383,0,1.098792552947998,NaN,-68.82361602783203,NaN,0.202617347240448,NaN
-860867332085553786,86.08673328519781,-8.555378651021293,2,5.675720691680908,NaN,-88.82042694091797,NaN,0.40682244300842285,NaN
-860867306083971663,86.08673064555212,-8.397166362236016,0,1.5837732553482056,NaN,27.956647872924805,NaN,0.12529145181179047,NaN
-860867164081192194,86.08671640629471,-8.11921948982085,2,2.9916558265686035,NaN,67.62649536132812,NaN,0.2937595248222351,NaN
-860867064081195073,86.0867064652643,-8.11950733519229,2,2.543644666671753,NaN,-6.469393730163574,NaN,0.6314270496368408,NaN
-860867052081718051,86.08670523477505,-8.171805157536697,2,3.7178092002868652,NaN,3.7505388259887695,NaN,0.14351670444011688,NaN
-860867047085507768,86.0867047958131,-8.550776850291863,0,1.2923778295516968,NaN,5.305832862854004,NaN,0.12872396409511566,NaN
-860866985080461967,86.08669850902348,-8.046196701710814,0,2.3887577056884766,NaN,-9.936460494995117,NaN,0.4695974290370941,NaN
-860866972081680337,86.0866972292013,-8.168033783926461,0,3.805917501449585,NaN,-32.54777145385742,NaN,0.6298313140869141,NaN
-860866931082615437,86.08669316173409,-8.261543760895302,0,3.5764544010162354,NaN,-12.99630355834961,NaN,0.20796257257461548,NaN
-860866753081257710,86.08667534822563,-8.125771085574355,0,1.4713525772094727,NaN,-43.88288497924805,NaN,0.36552828550338745,NaN
-860866593081203510,86.0866593930927,-8.12035106965785,0,7.523880481719971,NaN,-14.709091186523438,NaN,0.8738293647766113,NaN
-860866497082783986,86.08664976060554,-8.278398697573166,0,1.4479713439941406,NaN,6.050943374633789,NaN,0.08717548102140427,NaN
-860866445085563821,86.08664452760465,-8.55638217343293,2,2.0033066272735596,NaN,87.06537628173828,NaN,0.47096922993659973,NaN
-860866285080201962,86.08662855990116,-8.020196271428352,0,1.7455918788909912,NaN,1.8008021116256714,NaN,0.2978210151195526,NaN
-860866220085476268,86.0866220406426,-8.547626832538114,2,3.363280773162842,NaN,40.624977111816406,NaN,0.09289661794900894,NaN
-860866214083683359,86.08662143497027,-8.368335907872211,0,2.7981362342834473,NaN,-61.27931213378906,NaN,0.3484779894351959,NaN
-860866210082360308,86.08662102140156,-8.23603080387676,2,3.338207960128784,NaN,-48.88648223876953,NaN,0.39263591170310974,NaN
-860866178086218191,86.08661781909824,-8.621819121872662,2,3.4758410453796387,NaN,-10.019852638244629,NaN,0.09310293197631836,NaN
-860866115084114047,86.08661157368154,-8.411404705586095,0,1.0941202640533447,NaN,19.241254806518555,NaN,0.19819915294647217,NaN
-860866066084222773,86.08660662902186,-8.42227733729503,0,1.2394875288009644,NaN,84.5247573852539,NaN,0.1415076106786728,NaN
-860866046085546159,86.0866046059311,-8.554615955901351,2,5.982867240905762,NaN,-28.097740173339844,NaN,0.554123044013977,NaN
-860865816080800628,86.08658164329773,-8.080062824800317,0,2.1017611026763916,NaN,-19.009357452392578,NaN,0.3664731979370117,NaN
-860865790082161603,86.08657905275246,-8.216160391452098,0,3.437249183654785,NaN,-79.80695343017578,NaN,0.6251335144042969,NaN
-860865491085549100,86.0865491349828,-8.554910022359476,2,5.761995315551758,NaN,-58.03407287597656,NaN,0.7567745447158813,NaN
-860865163085408603,86.08651636577926,-8.540860362417915,0,2.20354962348938,NaN,-63.08745193481445,NaN,0.04465235397219658,NaN
-860865000082673306,86.08650003285672,-8.267330639989165,0,1.8174723386764526,NaN,-54.81129837036133,NaN,0.3428209125995636,NaN
-860864934081196730,86.08649345828087,-8.119673012079234,0,4.99016809463501,NaN,-12.940988540649414,NaN,0.7988916635513306,NaN
-860864815086437018,86.08648159266728,-8.643701815784219,0,3.691620111465454,NaN,-29.999727249145508,NaN,0.33959928154945374,NaN
-860864744083375843,86.08647447012332,-8.337584396331147,2,25.982250213623047,NaN,-6.598787307739258,NaN,0.34499111771583557,NaN
-860864630087649269,86.08646306034875,-8.764926966849078,0,1.4268654584884644,NaN,-87.19056701660156,NaN,0.00765293650329113,NaN
-860864477085567616,86.08644772507553,-8.556761648402462,2,3.0623342990875244,NaN,86.60922241210938,NaN,0.3654995262622833,NaN
-860864445085541207,86.08644454578005,-8.554120777422263,2,4.31960391998291,NaN,32.296138763427734,NaN,0.5342580676078796,NaN
-860864265084936057,86.08642653027445,-8.493605777898185,0,1.6204982995986938,NaN,-20.131776809692383,NaN,0.06318943202495575,NaN
-860864166081403618,86.08641666183787,-8.140361836220512,0,1.9741789102554321,NaN,67.03809356689453,NaN,0.551182746887207,NaN
-860864006085849543,86.08640062594532,-8.58495435988813,0,1.579559564590454,NaN,-62.8111457824707,NaN,0.15373525023460388,NaN
-860863923081660731,86.08639235523374,-8.166073114710844,0,1.220847725868225,NaN,-37.644344329833984,NaN,0.16527031362056732,NaN
-860863902083323339,86.0863902071495,-8.332333950978759,2,5.421091079711914,NaN,-58.391510009765625,NaN,0.5711461305618286,NaN
-860863842084036193,86.08638427143552,-8.403619389499685,2,1.9222160577774048,NaN,-56.3653678894043,NaN,0.6039988398551941,NaN
-860863744083756898,86.0863744754764,-8.375689883251743,0,2.251389503479004,NaN,-49.82417297363281,NaN,0.5252720713615417,NaN
-860863684082683892,86.08636845697411,-8.268389276384593,0,2.8295857906341553,NaN,4.038071632385254,NaN,0.15061116218566895,NaN
-860863674083410501,86.0863674338147,-8.341050118155009,0,1.5766814947128296,NaN,24.054636001586914,NaN,0.22389617562294006,NaN
-860863667082600380,86.08636670436728,-8.260038048950218,0,1.3422117233276367,NaN,-68.2597427368164,NaN,0.2001316100358963,NaN
-860863583081049792,86.08635830424738,-8.104979220731742,0,1.0286130905151367,NaN,-70.22342681884766,NaN,0.17460490763187408,NaN
-860863413084034960,86.08634135436641,-8.403496057415044,2,1.0827174186706543,NaN,-28.423086166381836,NaN,0.12513086199760437,NaN
-860863405083219513,86.08634054218899,-8.321951333431526,0,2.6251449584960938,NaN,-25.13357925415039,NaN,0.15754631161689758,NaN
-860863210081182937,86.08632108586629,-8.118293777573943,2,1.9954115152359009,NaN,10.083436965942383,NaN,0.11384105682373047,NaN
-860863176083421634,86.08631764767757,-8.34216342585646,0,10.765557289123535,NaN,17.797443389892578,NaN,0.6896077990531921,NaN
-860862895082900943,86.08628954367055,-8.290094305582269,0,2.231210947036743,NaN,79.64689636230469,NaN,0.47976797819137573,NaN
-860862813086526719,86.0862813469527,-8.652671996703328,2,4.909194469451904,NaN,-81.15294647216797,NaN,0.7387704849243164,NaN
-860862468083775430,86.08624680806373,-8.37754301511924,0,1.5460643768310547,NaN,36.29294967651367,NaN,0.11287375539541245,NaN
-860862390083021948,86.08623903675915,-8.30219489955456,0,2.3226802349090576,NaN,-81.54644012451172,NaN,0.2732929289340973,NaN
-860862064081673628,86.08620646662659,-8.167362820005005,0,1.8448599576950073,NaN,37.58954620361328,NaN,0.18031643331050873,NaN
-860861901082904366,86.08619016556408,-8.29043662386522,0,2.373992443084717,NaN,-62.72908020019531,NaN,0.5003830194473267,NaN
-860861530082205280,86.08615307674039,-8.220528011927176,0,1.7298575639724731,NaN,2.341855049133301,NaN,0.09101365506649017,NaN
-860861362081180836,86.08613622462636,-8.118083684996455,2,1.3566367626190186,NaN,-7.343793869018555,NaN,0.4592388868331909,NaN
-860861186081181998,86.08611860808924,-8.11819987943949,2,1.2751682996749878,NaN,-22.682336807250977,NaN,0.4367999732494354,NaN
-860861036084036359,86.08610363245806,-8.40363590549654,2,3.2805235385894775,NaN,66.445556640625,NaN,0.32467055320739746,NaN
-860861029085568221,86.08610293306518,-8.556822187493234,2,7.371037483215332,NaN,-21.236860275268555,NaN,0.4826074540615082,NaN
-860861001083642527,86.08610016232774,-8.364252742055742,0,2.399625539779663,NaN,-20.967161178588867,NaN,0.2277279645204544,NaN
-860860703082254057,86.08607030370219,-8.225405775309364,0,1.4844622611999512,NaN,-3.56376576423645,NaN,0.38514000177383423,NaN
-860860675083268605,86.08606753432969,-8.326860590896487,0,2.1360480785369873,NaN,-3.793915033340454,NaN,0.28916966915130615,NaN
-860860609082315284,86.08606099145176,-8.23152840855043,0,12.3106107711792,NaN,35.83646011352539,NaN,0.03306262195110321,NaN
-860860359084668403,86.08603597859151,-8.466840364574319,0,1.7872782945632935,NaN,84.40907287597656,NaN,0.23740074038505554,NaN
-860860353081132250,86.08603530136334,-8.113225016883696,0,1.3872318267822266,NaN,-71.69664001464844,NaN,0.23534265160560608,NaN
-860860224080380604,86.08602240613509,-8.038060499520892,0,5.128523349761963,NaN,5.7575483322143555,NaN,0.5826361179351807,NaN
-860860193082854858,86.08601938314199,-8.285485864922011,0,1.4502441883087158,NaN,9.80766773223877,NaN,0.09872857481241226,NaN
-860860031082358257,86.08600316714515,-8.23582570224342,2,2.1325857639312744,NaN,8.90961742401123,NaN,0.03771410137414932,NaN
-860859975081497551,86.08599756728364,-8.149755128162905,0,1.6908303499221802,NaN,-13.277409553527832,NaN,0.01772216334939003,NaN
-860859879085554385,86.08598797495289,-8.55543854497821,2,4.902633190155029,NaN,-31.27014923095703,NaN,0.4154849648475647,NaN
-860859746085548290,86.08597464841665,-8.55482901636867,2,14.995898246765137,NaN,-14.82973861694336,NaN,0.3845368027687073,NaN
-860859040082538134,86.08590408237453,-8.25381340839731,0,1.185306191444397,NaN,11.171453475952148,NaN,0.13374926149845123,NaN
-860858981082179880,86.08589819146476,-8.217988091424292,2,2.4046261310577393,NaN,-9.054741859436035,NaN,0.24307294189929962,NaN
-860858910085557957,86.08589107452389,-8.555795715648095,2,12.193985939025879,NaN,-55.16017532348633,NaN,0.49054136872291565,NaN
-860858832081981404,86.08588326593036,-8.198140442411656,0,1.5236091613769531,NaN,-11.167912483215332,NaN,0.09324303269386292,NaN
-860858756081728033,86.0858756415258,-8.172803331740596,0,1.7418339252471924,NaN,7.621105194091797,NaN,0.2507495880126953,NaN
-860858627086476139,86.08586270441681,-8.647613959062783,0,1.799932599067688,NaN,5.621313095092773,NaN,0.033595480024814606,NaN
-860858626083141487,86.08586264042509,-8.314148704683983,0,4.733835697174072,NaN,72.30034637451172,NaN,0.07514990121126175,NaN
-860858617083497747,86.08586176062124,-8.349774713938835,2,3.0066347122192383,NaN,8.195782661437988,NaN,0.5068215727806091,NaN
-860858546080322567,86.08585466726498,-8.032256730648557,2,2.2669689655303955,NaN,-4.054544448852539,NaN,0.033882200717926025,NaN
-860858117085561771,86.0858117888673,-8.556177105209237,2,6.94002628326416,NaN,-44.056007385253906,NaN,0.5119109749794006,NaN
-860857841086525739,86.08578416139657,-8.652573981996044,2,6.938955783843994,NaN,-78.80329895019531,NaN,0.8270981907844543,NaN
-860857812085475388,86.08578121955726,-8.547538880154306,2,11.815939903259277,NaN,-84.2046127319336,NaN,0.5613545775413513,NaN
-860857765081095935,86.08577659806333,-8.109593580025162,0,2.201967716217041,NaN,-72.69268798828125,NaN,0.3058397173881531,NaN
-860857496083495993,86.08574964017467,-8.349599306366889,2,5.379631996154785,NaN,50.851322174072266,NaN,0.5700696110725403,NaN
-860857420085682148,86.08574200881114,-8.568214831418524,0,5.1650390625,NaN,84.01251220703125,NaN,0.516617476940155,NaN
-860857364081663706,86.08573645526093,-8.166370640833279,0,1.822811245918274,NaN,-10.859418869018555,NaN,0.43056154251098633,NaN
-860857309080735352,86.08573095389507,-8.073535297556365,0,1.294548511505127,NaN,-36.32057571411133,NaN,0.03380272537469864,NaN
-860857149081482480,86.08571496948063,-8.148248034826732,2,3.6587064266204834,NaN,22.33207893371582,NaN,0.4451163411140442,NaN
-860857137083499631,86.08571376726637,-8.34996316305236,2,2.5552620887756348,NaN,-41.800025939941406,NaN,0.2564128637313843,NaN
-860856851083101188,86.0856851488244,-8.310118889248125,0,1.6923726797103882,NaN,68.21846008300781,NaN,0.032532691955566406,NaN
-860856844081431777,86.08568445876276,-8.143177794459287,0,1.271541714668274,NaN,79.83536529541016,NaN,0.040698278695344925,NaN
-860856616081402763,86.08566165544028,-8.140276326985026,0,2.592710018157959,NaN,-82.1452407836914,NaN,0.38293442130088806,NaN
-860856597082182181,86.08565974652112,-8.218218118434663,2,4.032234191894531,NaN,-77.80046081542969,NaN,0.2623319923877716,NaN
-860856467084727942,86.08564678471208,-8.472794249228048,0,1.8557459115982056,NaN,43.56094741821289,NaN,0.5299596190452576,NaN
-860856383084025604,86.08563833252781,-8.402560480537868,0,4.060958385467529,NaN,42.756675720214844,NaN,0.6330656409263611,NaN
-860856179081414040,86.0856179523772,-8.141404084884252,0,4.046520233154297,NaN,0.8058134913444519,NaN,0.43841612339019775,NaN
-860856093083497930,86.08560932548116,-8.349793065317325,2,1.1941609382629395,NaN,26.000938415527344,NaN,0.17852474749088287,NaN
-860855963082240014,86.08559638785528,-8.224001412224384,0,1.591108798980713,NaN,7.762603759765625,NaN,0.1328083872795105,NaN
-860855947082756257,86.08559473239434,-8.275625791709292,0,1.5792089700698853,NaN,73.443359375,NaN,0.1971261352300644,NaN
-860855532082726025,86.08555323026184,-8.272602590405528,0,2.574753761291504,NaN,80.56572723388672,NaN,0.3231642246246338,NaN
-860855424086867523,86.08554241490482,-8.686752341219854,0,1.8790606260299683,NaN,-39.61437225341797,NaN,0.031376440078020096,NaN
-860855392081484235,86.08553923503696,-8.148423557386923,2,2.4748573303222656,NaN,15.935992240905762,NaN,0.5372846126556396,NaN
-860855292082528475,86.08552924578787,-8.252847506886448,0,2.38749623298645,NaN,-55.09746551513672,NaN,0.3273092210292816,NaN
-860855188083457536,86.08551886613832,-8.345753651280555,0,1.2310651540756226,NaN,0.08219943940639496,NaN,0.09052297472953796,NaN
-860854886085562753,86.08548861575284,-8.556275363201252,2,2.871762275695801,NaN,68.9898681640625,NaN,0.46627259254455566,NaN
-860854866082046712,86.08548666468461,-8.20467128727922,0,1.6591254472732544,NaN,-12.748318672180176,NaN,0.14801974594593048,NaN
-860854640082355252,86.08546402400152,-8.23552529414806,2,3.305000066757202,NaN,-54.04607391357422,NaN,0.5666191577911377,NaN
-860854186082418807,86.08541860353252,-8.24188074212064,0,2.931262493133545,NaN,-76.36238098144531,NaN,0.4359918534755707,NaN
-860854050081017145,86.08540504557406,-8.101714525575726,0,1.6081758737564087,NaN,40.45692443847656,NaN,0.31616055965423584,NaN
-860853949083006405,86.08539490901212,-8.300640577750217,0,1.0561038255691528,NaN,13.332657814025879,NaN,0.1528806835412979,NaN
-860853778081377625,86.0853778248765,-8.137762545125437,0,3.4834482669830322,NaN,35.14706039428711,NaN,0.051817018538713455,NaN
-860853730083223019,86.08537307517246,-8.322301997299274,0,1.220040202140808,NaN,47.21980667114258,NaN,0.2424897998571396,NaN
-860853545082690974,86.0853545371786,-8.269097461827553,0,2.408327341079712,NaN,-87.89299774169922,NaN,0.43682798743247986,NaN
-860853538085543332,86.08535384342693,-8.554333215568393,0,2.217129707336426,NaN,-42.52438735961914,NaN,0.5237739086151123,NaN
-860853517082283240,86.08535172451636,-8.228324058368235,0,1.8693405389785767,NaN,-4.026250839233398,NaN,0.12728351354599,NaN
-860853440082613802,86.08534401546756,-8.261380215598063,0,2.220494031906128,NaN,-6.717780113220215,NaN,0.39876675605773926,NaN
-860853093082467131,86.08530931004485,-8.246713153468983,0,1.1010620594024658,NaN,18.765933990478516,NaN,0.133117213845253,NaN
-860852972086214491,86.08529722377996,-8.621449121972077,2,3.9336235523223877,NaN,-64.68297576904297,NaN,0.7253616452217102,NaN
-860852956082434882,86.08529563531985,-8.243488280651873,0,1.4400818347930908,NaN,-5.895486831665039,NaN,0.06902512162923813,NaN
-860852925081523196,86.08529256845945,-8.15231960112713,2,1.9344854354858398,NaN,7.022507190704346,NaN,0.32403460144996643,NaN
-860852693082299794,86.08526939325856,-8.229979477543885,0,1.5290217399597168,NaN,42.704044342041016,NaN,0.17068980634212494,NaN
-860852539081055866,86.08525395762155,-8.105586688907323,0,1.3221561908721924,NaN,-30.51631736755371,NaN,0.06245783343911171,NaN
-860852162081665057,86.08521629153293,-8.166505707834837,2,1.6718002557754517,NaN,46.36932373046875,NaN,0.3102249205112457,NaN
-860852133083480093,86.08521332938737,-8.348009372912223,0,3.7477681636810303,NaN,38.49406051635742,NaN,0.4237287938594818,NaN
-860852117082754985,86.08521178096882,-8.275498521055141,2,5.352384090423584,NaN,61.570640563964844,NaN,0.6782895922660828,NaN
-860851950085741129,86.08519506431509,-8.574112927116984,0,1.7821784019470215,NaN,35.31398010253906,NaN,0.03052685223519802,NaN
-860851904080317009,86.08519049234,-8.031700916438165,2,2.4147393703460693,NaN,-50.667152404785156,NaN,0.04581654444336891,NaN
-860851836081521415,86.08518365448045,-8.15214150916154,2,3.0372629165649414,NaN,81.47203063964844,NaN,0.19925566017627716,NaN
-860851615087259033,86.08516153878017,-8.725903368515485,2,28.818946838378906,NaN,-3.6291918754577637,NaN,0.3612731099128723,NaN
-860851261080031939,86.0851261450187,-8.003193946364247,0,1.6426360607147217,NaN,6.78963565826416,NaN,0.3116118311882019,NaN
-860850914084781030,86.08509148046491,-8.478103093582913,0,1.1932674646377563,NaN,10.767868995666504,NaN,0.1510656177997589,NaN
-860850910081258700,86.0850910041551,-8.125870032020668,2,7.628083229064941,NaN,-27.932527542114258,NaN,0.47228410840034485,NaN
-860850874081662530,86.085087498131,-8.166253038560118,2,1.7138915061950684,NaN,-32.3714714050293,NaN,0.08626022934913635,NaN
-860850828081234876,86.08508289171127,-8.123487669563355,0,1.6023048162460327,NaN,-86.74360656738281,NaN,0.17422881722450256,NaN
-860850765082816962,86.08507651781893,-8.281696222729732,0,1.4887205362319946,NaN,-1.8861634731292725,NaN,0.11817999929189682,NaN
-860850746082213174,86.08507461590689,-8.221317441997591,0,1.7439508438110352,NaN,32.453250885009766,NaN,0.23397836089134216,NaN
-860850685082639955,86.08506857773442,-8.263995591969216,0,1.6612122058868408,NaN,-39.94609451293945,NaN,0.06257235258817673,NaN
-860850278087619709,86.08502787694911,-8.761970960051636,0,1.7087644338607788,NaN,-15.860280990600586,NaN,0.14450550079345703,NaN
-860849823085582110,86.08498232570577,-8.558211045055147,0,4.904000282287598,NaN,-31.826557159423828,NaN,0.6399735808372498,NaN
-860849796080869577,86.08497962082302,-8.086957782064315,0,1.1011329889297485,NaN,75.37364196777344,NaN,0.16964787244796753,NaN
-860849649080991688,86.08496499574689,-8.099168837699754,0,3.8622732162475586,NaN,45.13384246826172,NaN,0.5459664463996887,NaN
-860849552087652996,86.08495529026746,-8.765299634955657,0,1.0357780456542969,NaN,-5.759776592254639,NaN,0.06784949451684952,NaN
-860849474086969719,86.08494747305812,-8.696971900662009,2,2.531797170639038,NaN,27.50327491760254,NaN,0.01903362013399601,NaN
-860849281081263398,86.08492814712248,-8.126339802581295,2,5.266698360443115,NaN,-64.53327178955078,NaN,0.07812874019145966,NaN
-860849270083453835,86.08492702745535,-8.345383571147782,0,1.8718273639678955,NaN,14.743481636047363,NaN,0.06312578171491623,NaN
-860849159082939222,86.08491591725598,-8.293922257290502,0,1.5543867349624634,NaN,-31.732397079467773,NaN,0.07265269011259079,NaN
-860849146083581546,86.08491460693159,-8.358154697910063,0,1.7117418050765991,NaN,-5.481752872467041,NaN,0.2745554745197296,NaN
-860849059085712903,86.08490591481318,-8.571290334189118,0,6.32668399810791,NaN,-27.067134857177734,NaN,0.46091869473457336,NaN
-860848993079988876,86.0848993812994,-7.998887632148111,0,1.0527688264846802,NaN,-89.914794921875,NaN,0.3189835846424103,NaN
-860848401083375204,86.08484010803136,-8.337520415902759,2,19.947473526000977,NaN,-1.2997963428497314,NaN,0.4641059339046478,NaN
-860848257082417901,86.08482571120231,-8.241790100608432,2,5.540046215057373,NaN,-73.60446166992188,NaN,0.6816594004631042,NaN
-860848173082403729,86.08481733811219,-8.240372987976485,2,6.151972770690918,NaN,48.95557403564453,NaN,0.7895864248275757,NaN
-860848113082760283,86.0848113083597,-8.276028351885971,2,2.394054412841797,NaN,-53.70161819458008,NaN,0.167460635304451,NaN
-860848090085472506,86.0848090890869,-8.547250674779264,2,2.03259539604187,NaN,-69.4026107788086,NaN,0.5451834201812744,NaN
-860847776080401305,86.08477763459587,-8.040130564059721,0,4.831883430480957,NaN,7.4891862869262695,NaN,0.4404139220714569,NaN
-860847641083077901,86.08476413298821,-8.307790158394996,0,1.4682092666625977,NaN,-6.864574432373047,NaN,0.0833805724978447,NaN
-860847494084203908,86.08474944901585,-8.420390875925941,0,1.3447306156158447,NaN,54.01327896118164,NaN,0.05013014376163483,NaN
-860847463081214311,86.08474634228693,-8.121431146009012,2,2.441110849380493,NaN,-62.244239807128906,NaN,0.044548165053129196,NaN
-860847453081220797,86.08474538020168,-8.122079798714962,2,9.907327651977539,NaN,-47.137489318847656,NaN,0.49731793999671936,NaN
-860847425082076469,86.0847425142482,-8.207646946139063,0,1.3271913528442383,NaN,35.725311279296875,NaN,0.23914873600006104,NaN
-860847260081688592,86.08472605535552,-8.168859249601043,2,1.7530488967895508,NaN,-16.326141357421875,NaN,0.08856545388698578,NaN
-860847217087077729,86.08472172372132,-8.707772970116071,0,1.41463041305542,NaN,-11.433841705322266,NaN,0.039077118039131165,NaN
-860846794084254310,86.08467946428105,-8.425431002657698,0,1.1111738681793213,NaN,66.55464935302734,NaN,0.09243498742580414,NaN
-860846702081872408,86.08467028183566,-8.187240871344692,0,3.6101694107055664,NaN,-80.27794647216797,NaN,0.21457818150520325,NaN
-860846431087221192,86.08464312736287,-8.722119200275264,2,2.8857874870300293,NaN,20.047258377075195,NaN,0.5922960638999939,NaN
-860846305082017298,86.08463051940308,-8.201729890996841,0,1.2257368564605713,NaN,1.8529102802276611,NaN,0.05296291410923004,NaN
-860846289084729417,86.0846289904963,-8.472941756086328,2,8.54750919342041,NaN,46.729827880859375,NaN,0.7886120676994324,NaN
-860846097083996113,86.08460974880211,-8.39961136584841,0,1.567779779434204,NaN,-2.7183077335357666,NaN,0.3051770329475403,NaN
-860845974084893429,86.08459745141074,-8.489342985098324,2,4.447259426116943,NaN,-64.84537506103516,NaN,0.04430340602993965,NaN
-860845705086965384,86.08457057777376,-8.696538416455626,2,2.5185768604278564,NaN,45.4703254699707,NaN,0.148302361369133,NaN
-860845701080863762,86.08457013279727,-8.086376297567705,0,2.1774802207946777,NaN,-64.6508560180664,NaN,0.4446450471878052,NaN
-860845688084712773,86.08456887293947,-8.471277373403362,0,2.0975759029388428,NaN,9.650908470153809,NaN,0.02750590071082115,NaN
-860845599085433078,86.08455995950187,-8.543307837603859,0,1.1529847383499146,NaN,34.47598648071289,NaN,0.07010533660650253,NaN
-860845143085471705,86.08451430919443,-8.547170513067812,2,2.737130880355835,NaN,-78.1026382446289,NaN,0.6067070364952087,NaN
-860845140081666231,86.08451400445367,-8.166623180922988,0,3.1887435913085938,NaN,-46.03358459472656,NaN,0.43282097578048706,NaN
-860845065085097847,86.0845065051291,-8.509784793742991,0,2.488985300064087,NaN,10.860175132751465,NaN,0.2748493552207947,NaN
-860844780082406923,86.08447801606859,-8.240692370562702,2,3.0510873794555664,NaN,44.379981994628906,NaN,0.4101105034351349,NaN
-860844726080986319,86.08447268814373,-8.098631922868375,0,1.2761393785476685,NaN,-24.3380069732666,NaN,0.17910952866077423,NaN
-860844714080269019,86.08447140918398,-8.026901974888377,0,3.3969833850860596,NaN,88.67494201660156,NaN,0.6581655144691467,NaN
-860844702080888065,86.08447024901334,-8.088806524067575,0,1.845430850982666,NaN,-38.16354751586914,NaN,0.08823179453611374,NaN
-860844684087963292,86.08446843513062,-8.79632928903502,0,1.4995379447937012,NaN,-1.5529922246932983,NaN,0.04628889635205269,NaN
-860844633085455943,86.08446334125924,-8.545594362581474,2,3.526676893234253,NaN,43.230140686035156,NaN,0.7215665578842163,NaN
-860844621081096358,86.0844621740447,-8.10963583534931,0,2.3012351989746094,NaN,19.61432647705078,NaN,0.2745058834552765,NaN
-860844555081687181,86.08445557871653,-8.168718139781877,2,1.5321279764175415,NaN,-6.811413764953613,NaN,0.12470301240682602,NaN
-860844538082037756,86.08445382932548,-8.203775639824674,0,1.5646628141403198,NaN,-23.34662437438965,NaN,0.05942302942276001,NaN
-860844300080793038,86.08443005061139,-8.079303815792915,0,2.62056565284729,NaN,-49.267364501953125,NaN,0.2878951132297516,NaN
-860844283087221629,86.08442833467961,-8.722162976085476,2,3.6006951332092285,NaN,-68.3864974975586,NaN,0.47859302163124084,NaN
-860844201082558723,86.08442010378978,-8.255872338823862,2,3.9910309314727783,NaN,-15.26498031616211,NaN,0.3705127239227295,NaN
-860844039085139135,86.08440391825741,-8.513913555865106,0,1.6749987602233887,NaN,-62.074684143066406,NaN,0.03314844146370888,NaN
-860844034080942594,86.08440341615562,-8.09425945391827,0,2.342531442642212,NaN,-80.23373413085938,NaN,0.5334705710411072,NaN
-860843972082500422,86.08439726813732,-8.250042286225534,0,2.3688926696777344,NaN,40.07209777832031,NaN,0.33572080731391907,NaN
-860843936082127102,86.08439368031955,-8.212710247049246,0,5.312882423400879,NaN,-49.68217849731445,NaN,0.4082885682582855,NaN
-860843885085081707,86.08438856284599,-8.508170791045252,0,3.541472911834717,NaN,-56.83251190185547,NaN,0.1635407954454422,NaN
-860843849080075434,86.08438495220585,-8.007543469747919,0,4.147593975067139,NaN,-70.85417175292969,NaN,0.47886958718299866,NaN
-860843774082966580,86.08437740185266,-8.296658071240888,0,1.4603012800216675,NaN,-85.1292953491211,NaN,0.3325498104095459,NaN
-860843422086554572,86.08434228740353,-8.655457223484332,2,1.1152418851852417,NaN,-34.09415817260742,NaN,0.433016300201416,NaN
-860843201085691684,86.08432010126585,-8.569168492856695,0,1.9978108406066895,NaN,77.4690933227539,NaN,0.46169206500053406,NaN
-860843169086556652,86.08431695593704,-8.65566528942771,2,2.7816321849823,NaN,28.987539291381836,NaN,0.15371792018413544,NaN
-860843034087222361,86.08430347108704,-8.722236140849917,2,1.1845248937606812,NaN,-4.4634246826171875,NaN,0.12755070626735687,NaN
-860842699082759779,86.08426994131713,-8.275977985295011,2,5.122365474700928,NaN,35.53883743286133,NaN,0.4268445670604706,NaN
-860842656083416137,86.08426568007825,-8.341613732321138,2,1.6910381317138672,NaN,86.83939361572266,NaN,0.38549384474754333,NaN
-860842653084724183,86.08426532972281,-8.472418379820411,0,1.4720518589019775,NaN,-72.14582061767578,NaN,0.11435245722532272,NaN
-860842610086685858,86.08426104299338,-8.66858585137669,0,1.311625361442566,NaN,-23.531530380249023,NaN,0.11413829773664474,NaN
-860842594087218700,86.0842594370957,-8.721870093519346,2,1.0504915714263916,NaN,-67.23153686523438,NaN,0.20107769966125488,NaN
-860842471080868304,86.08424718068483,-8.08683046971722,0,3.337280511856079,NaN,58.292205810546875,NaN,0.6315176486968994,NaN
-860842413081654352,86.08424133827654,-8.165435228924764,0,3.817091703414917,NaN,70.83064270019531,NaN,0.3718191087245941,NaN
-860842301082584865,86.08423016565928,-8.258486572558967,0,3.3163812160491943,NaN,19.41127586364746,NaN,0.19637146592140198,NaN
-860842293083418189,86.08422932984337,-8.341818988837122,2,1.6530241966247559,NaN,-7.942392349243164,NaN,0.09016914665699005,NaN
-860842283087219779,86.08422833736066,-8.721977958012342,2,1.2918401956558228,NaN,11.716313362121582,NaN,0.21185170114040375,NaN
-860842261085458226,86.08422611300574,-8.545822618658748,2,2.700727701187134,NaN,50.89375686645508,NaN,0.5861644744873047,NaN
-860842027079861766,86.08420274637658,-7.986176632514303,0,7.245984077453613,NaN,39.5958251953125,NaN,0.5222022533416748,NaN
-860841863082924293,86.08418633153724,-8.292429300269985,0,1.7581303119659424,NaN,-4.213746070861816,NaN,0.148643359541893,NaN
-860841773082993588,86.08417734510351,-8.299358839625109,0,1.6250436305999756,NaN,9.914898872375488,NaN,0.43528327345848083,NaN
-860841724085580946,86.08417249021184,-8.558094691774796,0,2.1918506622314453,NaN,43.3607292175293,NaN,0.31835174560546875,NaN
-860841653081120607,86.08416530240122,-8.112060792434203,0,2.0671732425689697,NaN,61.6422233581543,NaN,0.20914754271507263,NaN
-860841644083681795,86.08416445506232,-8.368179573721285,0,1.8167598247528076,NaN,-9.91865062713623,NaN,0.34989678859710693,NaN
-860841432084310480,86.08414322786815,-8.431048032641543,0,1.5867695808410645,NaN,16.66400146484375,NaN,0.03816087543964386,NaN
-860841317084326502,86.08413175878933,-8.432650255132305,0,1.248799443244934,NaN,-43.34745788574219,NaN,0.07022570818662643,NaN
-860841250085318479,86.08412509502847,-8.531847918508669,2,30.851469039916992,NaN,-15.629097938537598,NaN,0.03575431928038597,NaN
-860841117087221338,86.0841117315306,-8.722133828289609,2,3.6164281368255615,NaN,-38.181705474853516,NaN,0.6494324803352356,NaN
-860841039080984822,86.08410399005372,-8.098482273922023,0,4.636133193969727,NaN,31.773231506347656,NaN,0.6037035584449768,NaN
-860840972082274149,86.08409720077132,-8.227414924650093,0,8.076661109924316,NaN,-27.09316062927246,NaN,0.6509252190589905,NaN
-860840885082464358,86.08408855441147,-8.246435845194375,0,1.599416971206665,NaN,-45.9958610534668,NaN,0.1604984998703003,NaN
-860840857080637142,86.08408571472906,-8.063714221967057,0,3.064236879348755,NaN,29.853050231933594,NaN,0.044422298669815063,NaN
-860840708081247863,86.0840708123354,-8.124786318452255,2,2.051975727081299,NaN,64.69672393798828,NaN,0.3873353898525238,NaN
-860840580084727222,86.08405809870763,-8.47272225399369,2,2.467991590499878,NaN,39.09843444824219,NaN,0.4137347340583801,NaN
-860840534083262154,86.08405343243167,-8.326215442279292,1,1.328355312347412,NaN,0.9396679997444153,NaN,0.28933417797088623,NaN
-860840362087096833,86.08403628128706,-8.70968332843434,0,1.6542904376983643,NaN,-1.0620503425598145,NaN,0.1326984316110611,NaN
-860840288081368008,86.08402883670261,-8.136800873061677,0,4.38383150100708,NaN,-1.1961076259613037,NaN,0.5527123212814331,NaN
-860840276081679277,86.08402769574649,-8.167927757936914,0,4.236343860626221,NaN,-52.033164978027344,NaN,0.5205668210983276,NaN
-860840248085460044,86.08402481366905,-8.54600446873519,2,2.3688857555389404,NaN,53.386680603027344,NaN,0.23337389528751373,NaN
-860840136082429516,86.08401363995256,-8.24295168993879,2,5.956302165985107,NaN,-12.14093017578125,NaN,0.7760804891586304,NaN
-860840077082997856,86.084007749746,-8.299785617838447,0,1.7496516704559326,NaN,-59.98844528198242,NaN,0.11209908872842789,NaN
-860840068082967376,86.0840068080057,-8.296737688477847,0,2.873300552368164,NaN,69.82292175292969,NaN,0.32872992753982544,NaN
-860840066083250770,86.08400669267927,-8.325077063731763,0,1.2239683866500854,NaN,-29.877742767333984,NaN,0.08075417578220367,NaN
-860840058081448634,86.08400588066475,-8.144863470491547,0,1.4891748428344727,NaN,-55.194210052490234,NaN,0.04876713454723358,NaN
-860839832081373783,86.08398324626295,-8.13737836447558,0,1.8831626176834106,NaN,-63.48234176635742,NaN,0.36904364824295044,NaN
-860839672083541262,86.0839672191962,-8.35412624770536,0,1.567528486251831,NaN,25.724987030029297,NaN,0.2653048634529114,NaN
-860839651081596884,86.08396516225987,-8.159688472376562,0,3.316296100616455,NaN,-31.370187759399414,NaN,0.6784591674804688,NaN
-860839556081839435,86.08395566950671,-8.183943551287745,0,1.6324818134307861,NaN,21.074050903320312,NaN,0.15038810670375824,NaN
-860839496085848890,86.08394960290931,-8.584889008745924,0,1.5226346254348755,NaN,46.89436721801758,NaN,0.07265887409448624,NaN
-860839455081537742,86.08394555941577,-8.15377428166507,0,1.339473843574524,NaN,67.18785858154297,NaN,0.03591509163379669,NaN
-860839406081211032,86.08394064443836,-8.121103229098418,0,2.859886646270752,NaN,54.15153884887695,NaN,0.25653326511383057,NaN
-860839382082548566,86.0839382207175,-8.254856625688806,2,11.411540031433105,NaN,-70.56233978271484,NaN,0.07813913375139236,NaN
-860839316087221479,86.08393161536556,-8.722147912231296,2,2.3003482818603516,NaN,-48.15214538574219,NaN,0.24706891179084778,NaN
-860839306082707598,86.0839306285674,-8.270759821650309,0,5.37606143951416,NaN,-24.921281814575195,NaN,0.6288920640945435,NaN
-860838902081217524,86.0838902794935,-8.12175249825781,0,1.9011216163635254,NaN,76.04563903808594,NaN,0.17633400857448578,NaN
-860838749081101554,86.08387491497713,-8.110155483419902,0,7.649899482727051,NaN,63.88760757446289,NaN,0.6327562928199768,NaN
-860838613081612828,86.08386139753514,-8.161282871066676,0,1.6982189416885376,NaN,-27.716947555541992,NaN,0.037956465035676956,NaN
-860838612082721263,86.08386127626173,-8.272126319219508,0,1.56305730342865,NaN,-38.312923431396484,NaN,0.18187309801578522,NaN
-860837962084998813,86.08379625200753,-8.499881324957311,2,1.774545431137085,NaN,48.526588439941406,NaN,0.4468565285205841,NaN
-860837929079836517,86.08379292327636,-7.983651758163767,0,1.5333266258239746,NaN,34.60536193847656,NaN,0.19226886332035065,NaN
-860837784086730590,86.08377842319382,-8.673059026521765,0,1.8213520050048828,NaN,-22.602373123168945,NaN,0.06983540952205658,NaN
-860837464080715289,86.08374643030415,-8.07152899391652,0,1.5008078813552856,NaN,-1.8853609561920166,NaN,0.30594876408576965,NaN
-860837417081092737,86.08374170582461,-8.109273771030427,0,1.4973602294921875,NaN,-1.3624122142791748,NaN,0.2220706045627594,NaN
-860837221079854485,86.08372219695254,-7.985448593414634,0,4.762656211853027,NaN,38.38490676879883,NaN,0.3607487082481384,NaN
-860837171079771261,86.08371718667325,-7.977126187078106,0,7.003258228302002,NaN,49.725624084472656,NaN,0.859775960445404,NaN
-860837168082293662,86.08371688668632,-8.229366235534444,0,1.2516504526138306,NaN,9.83009147644043,NaN,0.09656835347414017,NaN
-860837145086740023,86.08371454273016,-8.674002385688999,0,1.6843186616897583,NaN,-47.40196990966797,NaN,0.12066294997930527,NaN
-860837113082288395,86.08371138668889,-8.228839559100386,0,1.3955479860305786,NaN,20.702253341674805,NaN,0.08173853158950806,NaN
-860836971082402771,86.0836971614231,-8.240277179656172,0,1.733701229095459,NaN,53.21036911010742,NaN,0.2756902873516083,NaN
-860836927081265288,86.08369275031195,-8.126528878966495,2,2.7045061588287354,NaN,53.72880554199219,NaN,0.3952259123325348,NaN
-860836901081947379,86.08369012313236,-8.194737921705109,2,2.046339273452759,NaN,2.285883903503418,NaN,0.08205041289329529,NaN
-860836771080258543,86.08367714485577,-8.0258543805338,0,1.56283700466156,NaN,-83.7119140625,NaN,0.13931527733802795,NaN
-860836748081621725,86.08367488924321,-8.162172548474766,0,2.4873173236846924,NaN,-43.325721740722656,NaN,0.5646787881851196,NaN
-860836731082958271,86.08367312526786,-8.295827179210296,2,1.9383940696716309,NaN,-3.3347465991973877,NaN,0.5681033134460449,NaN
-860836469082414854,86.08364692778332,-8.24148546972338,2,3.8185081481933594,NaN,-5.9378838539123535,NaN,0.10572291910648346,NaN
-860836455081262773,86.08364552370516,-8.126277389536115,2,1.6988933086395264,NaN,53.008758544921875,NaN,0.28063341975212097,NaN
-860836366084397622,86.08363660390333,-8.439762209710162,0,24.830078125,NaN,-5.110071182250977,NaN,0.47010305523872375,NaN
-860836326081705274,86.08363263644739,-8.170527465082056,0,2.3699543476104736,NaN,-74.92208862304688,NaN,0.44182339310646057,NaN
-860835876087258963,86.08358763840869,-8.72589637368711,2,21.156505584716797,NaN,-2.9242258071899414,NaN,0.5384884476661682,NaN
-860835813081657896,86.08358132659451,-8.165789674704632,0,3.0722482204437256,NaN,39.53876876831055,NaN,0.7226592898368835,NaN
-860835809085484488,86.08358095733279,-8.548448824882025,2,1.3832945823669434,NaN,-21.052515029907227,NaN,0.3581010401248932,NaN
-860835718081833695,86.08357182589356,-8.18336951804155,2,2.5448410511016846,NaN,5.225268840789795,NaN,0.4360087215900421,NaN
-860835645083659765,86.0835645144427,-8.365976515783158,0,2.107912063598633,NaN,-46.903221130371094,NaN,0.3363950252532959,NaN
-860835614079754139,86.08356147341988,-7.975413964995939,2,3.121694564819336,NaN,-67.04397583007812,NaN,0.5213829278945923,NaN
-860835458085209168,86.08354586984044,-8.520916866054945,0,1.4082289934158325,NaN,6.067469120025635,NaN,0.06678301841020584,NaN
-860835347082677940,86.08353476220839,-8.267794059799566,2,2.379849910736084,NaN,43.3322868347168,NaN,0.3351651132106781,NaN
-860835345081454031,86.08353450313177,-8.14540316662182,0,2.0011966228485107,NaN,-2.8893797397613525,NaN,0.34423744678497314,NaN
-860835307085499142,86.08353079584542,-8.5499142125513,0,1.2984209060668945,NaN,-2.982837200164795,NaN,0.0498075932264328,NaN
-860835197081249208,86.08351970262868,-8.124920818942037,2,2.150817394256592,NaN,77.69795989990234,NaN,0.1575644314289093,NaN
-860835131082675988,86.08351319856462,-8.267598830796738,2,1.5327366590499878,NaN,37.257083892822266,NaN,0.05867967754602432,NaN
-860835043080019405,86.08350433411871,-8.001940511029147,0,0.98677659034729,NaN,17.917499542236328,NaN,0.08050227910280228,NaN
-860834979085122107,86.08349799139334,-8.512210790237903,0,1.3926385641098022,NaN,-14.877934455871582,NaN,0.07759709656238556,NaN
-860834949086566064,86.08349494096564,-8.656606465282817,0,1.7813550233840942,NaN,-45.176395416259766,NaN,0.19769208133220673,NaN
-860834864084999686,86.08348644212595,-8.499968616276906,2,4.834551811218262,NaN,32.78498840332031,NaN,0.24749866127967834,NaN
-860834795082628298,86.08347959738185,-8.262829843722242,0,2.5418894290924072,NaN,41.40828323364258,NaN,0.3592148721218109,NaN
-860834692086580579,86.08346924338,-8.658057994110386,0,1.6396968364715576,NaN,35.845802307128906,NaN,0.08291001617908478,NaN
-860834573081836226,86.08345734160078,-8.183622641668071,2,4.183284759521484,NaN,21.51262092590332,NaN,0.5949867963790894,NaN
-860834479081583795,86.08344795430676,-8.158379556375374,0,1.3690294027328491,NaN,8.085713386535645,NaN,0.0465426929295063,NaN
-860834410081638940,86.0834410083621,-8.163894004396383,0,2.2034316062927246,NaN,-81.65789794921875,NaN,0.5781639218330383,NaN
-860834389085553112,86.08343890127247,-8.555311232474006,0,4.681054592132568,NaN,-20.357149124145508,NaN,0.4971674978733063,NaN
-860834373082956196,86.08343738169779,-8.295619622258572,2,4.485970973968506,NaN,-46.371891021728516,NaN,0.62813800573349,NaN
-860834353079918312,86.08343531723787,-7.991831261937616,0,1.3279703855514526,NaN,60.62622833251953,NaN,0.16057036817073822,NaN
-860834196081771342,86.08341960825763,-8.17713422110728,0,2.032743453979492,NaN,6.029555797576904,NaN,0.07230478525161743,NaN
-860834174086515081,86.083417475124,-8.651508129277941,0,2.597252130508423,NaN,-74.67152404785156,NaN,0.5537755489349365,NaN
-860834046084741143,86.08340468155956,-8.47411434988649,2,4.873189926147461,NaN,-29.813465118408203,NaN,0.060220152139663696,NaN
-860833776079858125,86.08337769618691,-7.985812570865209,0,1.8652163743972778,NaN,87.77993774414062,NaN,0.46205973625183105,NaN
-860833753080068880,86.0833753471202,-8.006888045825036,0,1.8898555040359497,NaN,-56.80506896972656,NaN,0.6440074443817139,NaN
-860833545086685133,86.08335458965396,-8.668513387484845,0,1.328800082206726,NaN,12.603118896484375,NaN,0.03278414532542229,NaN
-860833472081947994,86.08334721154195,-8.194799457463876,2,1.8325177431106567,NaN,-24.85445213317871,NaN,0.3817174434661865,NaN
-860833170080906560,86.08331705405067,-8.090656046310137,0,2.173884630203247,NaN,-59.01355743408203,NaN,0.16582317650318146,NaN
-860833114082272372,86.08331146308308,-8.227237247550967,0,1.763964056968689,NaN,21.5589542388916,NaN,0.2463262677192688,NaN
-860833020085618807,86.0833020972405,-8.56188071673642,0,2.191032886505127,NaN,83.86507415771484,NaN,0.2907472848892212,NaN
-860832727087380328,86.08327271235082,-8.738032897003539,0,1.6432955265045166,NaN,-38.45527648925781,NaN,0.005806302186101675,NaN
-860832685082811254,86.08326858572515,-8.281125495413313,2,2.3572568893432617,NaN,-24.534072875976562,NaN,0.04109446704387665,NaN
-860832466083276223,86.08324666981088,-8.327622371210436,0,2.3963425159454346,NaN,2.9389805793762207,NaN,0.256715327501297,NaN
-860832444081518569,86.0832444313716,-8.151856939396215,0,1.5331238508224487,NaN,-74.06143188476562,NaN,0.05556454509496689,NaN
-860832393079753202,86.0832393455557,-7.975320255990648,2,4.884886264801025,NaN,-71.47589111328125,NaN,0.7325459122657776,NaN
-860832382082698556,86.08323820331275,-8.269855695605923,0,4.16396951675415,NaN,81.73857116699219,NaN,0.4389772415161133,NaN
-860832240083245957,86.08322408264168,-8.324595738038441,2,1.9089317321777344,NaN,-2.2013213634490967,NaN,0.08598008751869202,NaN
-860832112083568606,86.08321120357,-8.356860685367328,0,10.390151023864746,NaN,-75.30392456054688,NaN,0.4588681161403656,NaN
-860832011081397545,86.08320117729058,-8.139754560975499,0,2.3098623752593994,NaN,88.51957702636719,NaN,0.4896767735481262,NaN
-860831921080473682,86.08319211066012,-8.047368245717529,0,1.9536534547805786,NaN,86.30765533447266,NaN,0.2678873836994171,NaN
-860831845081555051,86.08318455960608,-8.155505133080597,0,2.0011768341064453,NaN,0.3634622395038605,NaN,0.03387848287820816,NaN
-860831823080995665,86.08318231241986,-8.099566564192418,0,3.3884856700897217,NaN,28.82142448425293,NaN,0.36836403608322144,NaN
-860831792081255887,86.08317928749234,-8.125588740792331,2,3.5659422874450684,NaN,39.77391815185547,NaN,0.04998140409588814,NaN
-860831741083671415,86.08317412021789,-8.36714150794494,0,2.939304828643799,NaN,60.07908630371094,NaN,0.3105301856994629,NaN
-860831729085468318,86.08317298459274,-8.54683189945345,2,3.6878514289855957,NaN,0.5380772352218628,NaN,0.07887638360261917,NaN
-860831665079816063,86.0831665351675,-7.981606395325207,0,1.3088377714157104,NaN,20.22925567626953,NaN,0.2994789183139801,NaN
-860831646082292972,86.083164682842,-8.229297280599924,0,1.3190486431121826,NaN,25.708248138427734,NaN,0.07447493076324463,NaN
-860831620083076672,86.08316201034842,-8.3076672887454,0,1.9514520168304443,NaN,49.825138092041016,NaN,0.1565074920654297,NaN
-860831562081426142,86.08315628624928,-8.142614202947563,0,2.4586660861968994,NaN,-23.011714935302734,NaN,0.523453414440155,NaN
-860831508080392487,86.0831508335514,-8.039248731616631,0,2.253164291381836,NaN,-69.4029312133789,NaN,0.588577151298523,NaN
-860831471085068120,86.08314719217269,-8.506812022436979,0,1.4678027629852295,NaN,71.99012756347656,NaN,0.023794343695044518,NaN
-860831443079668186,86.08314436146505,-7.96681869783128,2,2.3500001430511475,NaN,-73.6971206665039,NaN,0.5731239914894104,NaN
-860831404081451660,86.08314049942261,-8.145166095483637,2,1.7320685386657715,NaN,0.12030241638422012,NaN,0.3525771200656891,NaN
-860831062087635697,86.08310620404306,-8.763569797027989,0,1.0814152956008911,NaN,46.53224563598633,NaN,0.306837797164917,NaN
-860831046086837185,86.08310466399219,-8.683718545809162,0,1.7514225244522095,NaN,6.126892566680908,NaN,0.0682583674788475,NaN
-860831023083243168,86.08310232487018,-8.324316888688246,2,1.6189404726028442,NaN,31.546178817749023,NaN,0.17176279425621033,NaN
-860830920084982313,86.08309200527997,-8.498231315607802,0,1.6674649715423584,NaN,44.3936882019043,NaN,0.15941858291625977,NaN
-860830844079860757,86.08308448518862,-7.986075761176883,0,3.3242504596710205,NaN,-69.61219024658203,NaN,0.14226852357387543,NaN
-860830621086613421,86.083062103985,-8.661342162974531,0,1.5132676362991333,NaN,3.9425032138824463,NaN,0.08646199107170105,NaN
-860830553079663518,86.08305537985646,-7.966351822517121,2,2.129349708557129,NaN,-4.1039628982543945,NaN,0.05177440866827965,NaN
-860830496081857263,86.08304961037621,-8.185726335639096,0,3.0533676147460938,NaN,-58.944602966308594,NaN,0.32804495096206665,NaN
-860830472079646905,86.08304728006148,-7.964690508046925,0,1.8554335832595825,NaN,32.32349395751953,NaN,0.25888198614120483,NaN
-860830317082516728,86.08303171911903,-8.251672884142291,0,1.3809536695480347,NaN,35.64714431762695,NaN,0.3727707266807556,NaN
-860830203083816705,86.08302036806522,-8.381670502542526,0,1.6062358617782593,NaN,13.588577270507812,NaN,0.052605606615543365,NaN
-860830183081829028,86.08301834233916,-8.182902820946143,2,1.8228721618652344,NaN,-1.835606575012207,NaN,0.062033846974372864,NaN
-860830165082345841,86.08301650670406,-8.234584114064726,0,5.6143388748168945,NaN,-15.462928771972656,NaN,0.7030883431434631,NaN
-860830150081284972,86.08301504987625,-8.128497243223215,0,2.8036608695983887,NaN,12.11309814453125,NaN,0.38186386227607727,NaN
-860830115082265312,86.08301153461262,-8.226531252597571,2,4.325757026672363,NaN,-54.38004684448242,NaN,0.3373616635799408,NaN
-860830058082351487,86.08300583061627,-8.235148700691427,0,2.976212739944458,NaN,-10.56203556060791,NaN,0.4923807382583618,NaN
-860829913084010647,86.08299132955186,-8.401064769562357,0,2.5369229316711426,NaN,-18.690885543823242,NaN,0.5595105886459351,NaN
-860829612082645616,86.082961206479,-8.264561676428212,0,3.8644278049468994,NaN,55.208518981933594,NaN,0.3575277626514435,NaN
-860829010081451575,86.08290103741643,-8.145157517253844,2,4.194950103759766,NaN,54.7237548828125,NaN,0.2695292532444,NaN
-860828930083247261,86.08289306187135,-8.324726102300597,2,1.1131845712661743,NaN,-23.935077667236328,NaN,0.2776249051094055,NaN
-860828870084394058,86.08288702163385,-8.439405852494096,2,2.3449654579162598,NaN,52.49953079223633,NaN,0.7729834318161011,NaN
-860828806082171373,86.08288064428153,-8.217137301079926,0,1.6207151412963867,NaN,-51.121788024902344,NaN,0.18234747648239136,NaN
-860828793087041531,86.08287935237733,-8.70415317432652,0,1.3879961967468262,NaN,0.0017307319212704897,NaN,0.04792196676135063,NaN
-860828783079733356,86.08287833587482,-7.973335646214732,0,1.7224973440170288,NaN,14.666929244995117,NaN,0.03885932266712189,NaN
-860828716084764867,86.08287168761429,-8.476486793262216,0,1.28810453414917,NaN,-73.52066040039062,NaN,0.051627013832330704,NaN
-860828653081956886,86.08286534994113,-8.19568868445757,0,1.5982789993286133,NaN,3.742999315261841,NaN,0.11735530942678452,NaN
-860828411081084240,86.08284112489088,-8.108424082495546,0,1.4105479717254639,NaN,25.81167221069336,NaN,0.047657761722803116,NaN
-860828404082809689,86.08284049619397,-8.280968932147479,2,2.8724822998046875,NaN,13.568802833557129,NaN,0.5994435548782349,NaN
-860828374082266176,86.08283749632439,-8.226617601442923,2,2.384248733520508,NaN,-24.655616760253906,NaN,0.436220645904541,NaN
-860828301080746490,86.0828301314032,-8.074649048882206,0,2.9430463314056396,NaN,-89.48003387451172,NaN,0.4902603328227997,NaN
-860828235081937814,86.08282354406741,-8.193781499213866,0,3.1100099086761475,NaN,-12.547945022583008,NaN,0.057801682502031326,NaN
-860828185084882530,86.08281854823066,-8.48825304213535,2,2.5280535221099854,NaN,25.33765411376953,NaN,0.05264781415462494,NaN
-860827951080988289,86.08279513105826,-8.098828983652641,2,2.8018746376037598,NaN,-30.183012008666992,NaN,0.4692535102367401,NaN
-860827773084393003,86.08277739258568,-8.43930033036756,2,2.2919294834136963,NaN,-73.9544448852539,NaN,0.4038671851158142,NaN
-860827694084388185,86.08276945677947,-8.4388185605279,2,2.462414264678955,NaN,57.839412689208984,NaN,0.5095285177230835,NaN
-860827658083392884,86.08276588553453,-8.33928847059998,0,1.6053744554519653,NaN,84.67375946044922,NaN,0.05466703325510025,NaN
-860827647082545936,86.08276471829348,-8.254593612393988,0,2.1274805068969727,NaN,-68.46256256103516,NaN,0.06335029751062393,NaN
-860827614084390818,86.08276143517095,-8.439081841250662,2,2.733062267303467,NaN,-33.373291015625,NaN,0.5751472115516663,NaN
-860827597079674789,86.08275973535824,-7.967478903623966,2,1.967713713645935,NaN,2.0124340057373047,NaN,0.09502553194761276,NaN
-860827446087768642,86.08274469283306,-8.776864281952946,0,1.848268985748291,NaN,13.909370422363281,NaN,0.033145222812891006,NaN
-860827264081381504,86.08272647224712,-8.138150474603117,0,1.6339699029922485,NaN,41.58540725708008,NaN,0.3713751435279846,NaN
-860827135087266788,86.08271355883244,-8.726678843304509,0,1.3708274364471436,NaN,17.32636070251465,NaN,0.10507363826036453,NaN
-860826849081829442,86.0826849765488,-8.182944246452205,2,1.0758888721466064,NaN,61.64933395385742,NaN,0.3619307279586792,NaN
-860826842084641116,86.08268425538208,-8.464111691289034,0,1.499521255493164,NaN,4.629817008972168,NaN,0.14161546528339386,NaN
-860826839083346765,86.08268398337576,-8.334676505537642,0,1.6933695077896118,NaN,-21.502246856689453,NaN,0.35751986503601074,NaN
-860826738083309753,86.08267384130266,-8.330975314113127,0,1.3959643840789795,NaN,8.568285942077637,NaN,0.08082669973373413,NaN
-860826593082991151,86.08265933103561,-8.299115121302796,2,3.136540412902832,NaN,-22.213111877441406,NaN,0.40732914209365845,NaN
-860826525080813856,86.0826525230202,-8.081385697769994,0,1.6611162424087524,NaN,38.33457946777344,NaN,0.02848651632666588,NaN
-860826411082669376,86.08264110350257,-8.26693760589595,0,2.2348408699035645,NaN,8.810502052307129,NaN,0.1799345314502716,NaN
-860826350083289269,86.08263503513986,-8.328926927053077,0,1.4395476579666138,NaN,-23.18810272216797,NaN,0.028311140835285187,NaN
-860826248080972998,86.08262485813113,-8.097299813842382,0,6.484365463256836,NaN,32.81730270385742,NaN,0.30105486512184143,NaN
-860826239084003359,86.08262390276704,-8.400335979171027,0,1.9718984365463257,NaN,-33.08420181274414,NaN,0.08608154207468033,NaN
-860826164080986102,86.08261641535445,-8.098610295905265,2,1.8811619281768799,NaN,-82.48324584960938,NaN,0.30506813526153564,NaN
-860826065079672526,86.08260655934487,-7.967252626082042,2,1.890370488166809,NaN,36.687232971191406,NaN,0.4337177276611328,NaN
-860825932083603278,86.08259328818593,-8.36032789558452,0,1.8256514072418213,NaN,-1.2522977590560913,NaN,0.04450907185673714,NaN
-860825883084391773,86.08258833296588,-8.439177370612692,2,2.0393691062927246,NaN,-9.608835220336914,NaN,0.5404946804046631,NaN
-860825852084389843,86.08258522641445,-8.438984309213911,2,2.398925304412842,NaN,-32.99285125732422,NaN,0.6355894207954407,NaN
-860825751083045372,86.08257517559889,-8.304537242875327,0,3.426715850830078,NaN,-31.166107177734375,NaN,0.7035806179046631,NaN
-860825511080853069,86.08255117004781,-8.085306992659756,2,4.0730180740356445,NaN,10.964778900146484,NaN,0.5774122476577759,NaN
-860825507083841470,86.08255076494324,-8.384147056218632,0,3.8823955059051514,NaN,63.380672454833984,NaN,0.5306374430656433,NaN
-860825323081174965,86.08253239543747,-8.117496597815887,0,1.6561859846115112,NaN,-8.980067253112793,NaN,0.08326840400695801,NaN
-860825299087083106,86.08252993490504,-8.708310602575438,0,1.4980534315109253,NaN,30.121078491210938,NaN,0.3170161545276642,NaN
-860825275082268757,86.08252754815716,-8.226875738050326,0,1.465092658996582,NaN,9.710628509521484,NaN,0.07637593150138855,NaN
-860825008080707552,86.08250081716643,-8.070755288440257,0,2.420163154602051,NaN,-30.90145492553711,NaN,0.02251989021897316,NaN
-860824836082991143,86.08248365706336,-8.299114370704597,2,2.4252219200134277,NaN,-45.492427825927734,NaN,0.5155609250068665,NaN
-860824750083832950,86.08247508762973,-8.383295028764685,0,1.4987725019454956,NaN,-54.4138069152832,NaN,0.15291018784046173,NaN
-860824468081041738,86.08244687316353,-8.10417381049741,0,1.3332045078277588,NaN,-22.389116287231445,NaN,0.3242976665496826,NaN
-860824272080855719,86.08242728498753,-8.085571963118277,2,1.1875741481781006,NaN,75.44071197509766,NaN,0.3662400543689728,NaN
-860824249082890764,86.08242494252393,-8.289076441977421,0,2.1541244983673096,NaN,4.238635063171387,NaN,0.030886270105838776,NaN
-860824078085279240,86.0824078211314,-8.527924081205802,2,2.926250457763672,NaN,31.137744903564453,NaN,0.32159146666526794,NaN
-860824062084782019,86.08240628651095,-8.478201978989206,0,1.5372401475906372,NaN,-11.671974182128906,NaN,0.054396551102399826,NaN
-860823974081312738,86.08239742298231,-8.131273812350388,2,2.5918378829956055,NaN,81.9230728149414,NaN,0.18463435769081116,NaN
-860823919080906366,86.082391918473,-8.090636660553102,2,1.6722954511642456,NaN,88.62732696533203,NaN,0.2681494355201721,NaN
-860823679082486234,86.08236797107504,-8.248623490486251,0,1.5388082265853882,NaN,-19.981313705444336,NaN,0.21614591777324677,NaN
-860823621083055486,86.08236211961105,-8.30554866956706,2,1.7524086236953735,NaN,39.07410430908203,NaN,0.11131548881530762,NaN
-860823615081590977,86.08236153290852,-8.159097786312277,0,1.6032702922821045,NaN,-67.06678771972656,NaN,0.48129698634147644,NaN
-860823329080933100,86.08233291305689,-8.093310074897087,0,1.210473656654358,NaN,42.84333801269531,NaN,0.051926903426647186,NaN
-860823311082319389,86.08233113646288,-8.231938991828317,0,1.7061313390731812,NaN,3.3268930912017822,NaN,0.4492069184780121,NaN
-860823225085275746,86.08232258186496,-8.52757462329013,2,4.834569931030273,NaN,71.04192352294922,NaN,0.24482430517673492,NaN
-860823207084661004,86.08232074849161,-8.466100492132819,0,1.3999919891357422,NaN,10.319452285766602,NaN,0.0948597863316536,NaN
-860823163084745633,86.08231635089581,-8.474563310441251,2,3.2895424365997314,NaN,35.92794418334961,NaN,0.0862504094839096,NaN
-860823138080908616,86.08231389958613,-8.090861615057083,2,1.7857083082199097,NaN,-42.39823913574219,NaN,0.03419844061136246,NaN
-860823094082410856,86.08230943632742,-8.24108568443543,2,1.7615021467208862,NaN,-68.37187957763672,NaN,0.5352044105529785,NaN
-860822857085440054,86.08228571777194,-8.544005449935495,0,1.7353425025939941,NaN,1.8653922080993652,NaN,0.433803915977478,NaN
-860822819081762105,86.08228196784502,-8.176210535032036,0,1.8559914827346802,NaN,-48.51240921020508,NaN,0.09001720696687698,NaN
-860822683081150745,86.08226833891639,-8.11507457602413,2,13.197135925292969,NaN,-83.66389465332031,NaN,0.0226849727332592,NaN
-860822637085733238,86.0822637647012,-8.573323863957548,0,1.723747730255127,NaN,-21.192598342895508,NaN,0.3355233371257782,NaN
-860822471081467133,86.08224716109916,-8.146713379568347,0,3.027341604232788,NaN,47.461402893066406,NaN,0.3250737190246582,NaN
-860822334085272737,86.0822334832499,-8.527273781380748,2,3.040066957473755,NaN,67.83736419677734,NaN,0.6129913330078125,NaN
-860822281084127839,86.08222817050505,-8.412783943621264,0,3.2345521450042725,NaN,74.65489196777344,NaN,0.11054345965385437,NaN
-860822219079499773,86.08222199806143,-7.9499773804498055,0,1.2755763530731201,NaN,0.3874029815196991,NaN,0.6071717143058777,NaN
-860822105083377681,86.08221052146881,-8.337768153472334,0,1.4215654134750366,NaN,2.8354101181030273,NaN,0.08091606199741364,NaN
-860821982082810681,86.08219822058311,-8.281068141364477,0,3.2818877696990967,NaN,-39.26580047607422,NaN,0.4893551170825958,NaN
-860821969081253124,86.08219699856093,-8.125312468471835,2,1.1497279405593872,NaN,34.29247283935547,NaN,0.3234870433807373,NaN
-860821929082378884,86.08219293898632,-8.23788846851974,0,1.6767051219940186,NaN,-4.309828281402588,NaN,0.10476972162723541,NaN
-860821900087911484,86.08219000163515,-8.791148415177283,0,1.2755237817764282,NaN,2.933192253112793,NaN,0.21851655840873718,NaN
-860821629084742438,86.08216298508955,-8.474243887082274,2,5.898045539855957,NaN,75.85984802246094,NaN,0.32824045419692993,NaN
-860821498082694688,86.08214987477248,-8.26946883046317,0,2.546898365020752,NaN,41.15776443481445,NaN,0.4738980829715729,NaN
-860821475079745837,86.08214751972056,-7.974583768273331,0,1.709227204322815,NaN,-8.829431533813477,NaN,0.11781906336545944,NaN
-860821287080469386,86.08212872914102,-8.046938686943408,0,2.2225968837738037,NaN,-61.1092529296875,NaN,0.35954129695892334,NaN
-860821228082178320,86.08212287492319,-8.217832079287328,0,2.484008550643921,NaN,-58.62256622314453,NaN,0.4427362084388733,NaN
-860821116085278711,86.0821116610777,-8.527871176921696,2,4.227750778198242,NaN,-66.50381469726562,NaN,0.7402456402778625,NaN
-860821088081768812,86.08210880477608,-8.176881228795654,0,1.5675932168960571,NaN,-48.671504974365234,NaN,0.04729435220360756,NaN
-860820875083057735,86.08208752817507,-8.30577350324813,2,3.2589776515960693,NaN,-33.25950241088867,NaN,0.13023854792118073,NaN
-860820845082393624,86.08208458005285,-8.23936244678641,0,3.189563751220703,NaN,-70.65424346923828,NaN,0.3317573368549347,NaN
-860820818082939274,86.0820818601238,-8.293927420732501,0,1.424339771270752,NaN,-3.090609312057495,NaN,0.12382239103317261,NaN
-860820776083325629,86.08207763454382,-8.33256291142313,0,1.9107409715652466,NaN,40.85605239868164,NaN,0.4641984701156616,NaN
-860820755081053452,86.08207550451083,-8.105345219778304,0,1.9695591926574707,NaN,50.70426559448242,NaN,0.060813307762145996,NaN
-860820484083162696,86.08204847458912,-8.31626963008408,0,1.9980218410491943,NaN,7.315342426300049,NaN,0.048082102090120316,NaN
-860820372082454186,86.08203725503007,-8.24541864105092,0,2.12921404838562,NaN,40.04265594482422,NaN,0.014186165295541286,NaN
-860820301082240560,86.08203018822874,-8.22405601177239,0,1.3703280687332153,NaN,65.9056167602539,NaN,0.12017995119094849,NaN
-860820296080957172,86.08202966759876,-8.095717211236655,0,1.0828217267990112,NaN,-81.25245666503906,NaN,0.026455922052264214,NaN
-860820122082217177,86.0820122839584,-8.22171770030036,0,1.889718770980835,NaN,38.39960861206055,NaN,0.4086664617061615,NaN
-860820118082614282,86.08201187608819,-8.261428238786856,0,2.7145583629608154,NaN,-4.422056674957275,NaN,0.40053683519363403,NaN
-860819879082634345,86.08198790784498,-8.2634345176027,0,1.7289211750030518,NaN,66.70518493652344,NaN,0.08108754456043243,NaN
-860819866082678985,86.08198661717114,-8.267898539195734,0,1.0735011100769043,NaN,30.381643295288086,NaN,0.1330709606409073,NaN
-860819841081361539,86.08198413837624,-8.136153957283334,0,9.773110389709473,NaN,-0.24602919816970825,NaN,0.046440254896879196,NaN
-860819704084399794,86.08197041336123,-8.439979467477839,0,20.590171813964844,NaN,-10.690999031066895,NaN,0.5318249464035034,NaN
-860819550080795080,86.08195507023123,-8.079508082271271,0,1.309289574623108,NaN,-18.494831085205078,NaN,0.08325239270925522,NaN
-860819461082718543,86.08194610612239,-8.271854396073259,0,3.324204206466675,NaN,-39.246498107910156,NaN,0.058087654411792755,NaN
-860818211081551332,86.08182110542303,-8.155133213417372,0,2.835815668106079,NaN,-37.849971771240234,NaN,0.12486850470304489,NaN
-860818195080648541,86.08181956170036,-8.064854162586496,0,1.750342845916748,NaN,-2.0365219116210938,NaN,0.05006472393870354,NaN
-860818179081473056,86.08181799615456,-8.147305660269025,0,3.4964191913604736,NaN,-82.34532165527344,NaN,0.34376758337020874,NaN
-860818002082503595,86.08180029615166,-8.2503595374933,0,1.9977881908416748,NaN,75.09584045410156,NaN,0.21136590838432312,NaN
-860817922080888584,86.0817922671547,-8.088858402728185,0,3.1432886123657227,NaN,52.20573043823242,NaN,0.33986833691596985,NaN
-860817828083111833,86.08178284765992,-8.311183317895406,0,6.4191670417785645,NaN,82.35420989990234,NaN,0.0731412023305893,NaN
-860817686079489506,86.08176868396997,-7.948950613292327,0,1.1804804801940918,NaN,-54.668174743652344,NaN,0.10276734083890915,NaN
-860817604082438857,86.08176046783409,-8.243885776489314,2,4.65998649597168,NaN,-49.61455154418945,NaN,0.6039095520973206,NaN
-860817527082471484,86.08175277067568,-8.24714849287572,0,1.4161067008972168,NaN,-33.42825698852539,NaN,0.10044792294502258,NaN
-860817350083400355,86.08173504541092,-8.34003550958139,0,1.1928800344467163,NaN,39.02657699584961,NaN,0.24687688052654266,NaN
-860817289079963299,86.08172898599652,-7.996329946038714,0,1.7392674684524536,NaN,80.73904418945312,NaN,0.0486573725938797,NaN
-860817206079458405,86.08172069727466,-7.9458405068484765,0,0.9123566746711731,NaN,-2.116159677505493,NaN,0.5196900367736816,NaN
-860817187082810579,86.0817187336104,-8.281057906630606,0,4.494657516479492,NaN,-16.54318618774414,NaN,0.31964126229286194,NaN
-860817132081204598,86.08171324407323,-8.12045984431263,0,6.844573020935059,NaN,-32.8807258605957,NaN,0.3753299117088318,NaN
-860817025085477599,86.08170251937003,-8.547759907418268,0,1.2335923910140991,NaN,22.10015869140625,NaN,0.03830505535006523,NaN
-860817025082677308,86.08170256004009,-8.26773082628409,0,1.35822594165802,NaN,0.46312516927719116,NaN,0.10036668926477432,NaN
-860817018081586632,86.08170189891457,-8.15866325820891,0,1.4523613452911377,NaN,-80.38771057128906,NaN,0.41491666436195374,NaN
-860816871079791017,86.08168718684973,-7.979101798902006,0,1.5623263120651245,NaN,28.49831199645996,NaN,0.15026740729808807,NaN
-860816828083895176,86.08168282695624,-8.389517698414613,2,30.465394973754883,NaN,82.8156967163086,NaN,0.04229697585105896,NaN
-860816797085464225,86.08167976357194,-8.546422500310364,2,1.991715669631958,NaN,-52.77100372314453,NaN,0.5260289907455444,NaN
-860816352080437347,86.0816352708925,-8.043734700715177,0,1.2501848936080933,NaN,-45.55347442626953,NaN,0.04571368545293808,NaN
-860816088087204262,86.08160880579474,-8.720426234360133,2,1.873796820640564,NaN,28.539073944091797,NaN,0.4535907804965973,NaN
-860816014079661442,86.08160146988635,-7.966144293344882,0,1.471143126487732,NaN,-17.287641525268555,NaN,0.16872234642505646,NaN
-860815997082984555,86.08159970197133,-8.298455575971335,0,2.4969427585601807,NaN,62.98115921020508,NaN,0.33166471123695374,NaN
-860815919079778250,86.0815919134513,-7.977825026520268,0,1.467894434928894,NaN,-25.436870574951172,NaN,0.24566994607448578,NaN
-860815782080965376,86.08157829490469,-8.09653766685069,0,2.4798028469085693,NaN,-16.85426902770996,NaN,0.40291622281074524,NaN
-860815581079525876,86.08155819655008,-7.952587654873951,0,5.34328031539917,NaN,39.038726806640625,NaN,0.7626691460609436,NaN
-860815498083218153,86.08154982901647,-8.321815362374462,0,3.5148699283599854,NaN,1.2387902736663818,NaN,0.6331073641777039,NaN
-860815384083604968,86.0815384976522,-8.360496817642286,0,1.992395281791687,NaN,-48.47667694091797,NaN,0.3988071382045746,NaN
-860815281081653563,86.081528100232,-8.16535639102897,0,1.5301672220230103,NaN,-19.781883239746094,NaN,0.06891942769289017,NaN
-860815125085677329,86.08151255920161,-8.567732944818802,0,1.265527606010437,NaN,-5.908585548400879,NaN,0.06610382348299026,NaN
-860815109088022834,86.08151099663431,-8.80228348111084,0,1.8866071701049805,NaN,66.5416259765625,NaN,0.3990556597709656,NaN
-860815072085416623,86.08150720255433,-8.541662345984264,0,1.8421798944473267,NaN,49.15303039550781,NaN,0.012140043079853058,NaN
-860815055079931626,86.08150558294903,-7.993162695034351,0,1.966664433479309,NaN,-53.37537384033203,NaN,0.33816689252853394,NaN
-860815031085570632,86.08150312059108,-8.557063278689892,2,1.939643144607544,NaN,63.881019592285156,NaN,0.14122898876667023,NaN
-860814967084008522,86.0814967467605,-8.400852259597647,0,2.3910114765167236,NaN,-44.414459228515625,NaN,0.4312748312950134,NaN
-860814804080398344,86.08148046784247,-8.03983447802697,0,1.5011043548583984,NaN,7.856315612792969,NaN,0.17788296937942505,NaN
-860814741081997335,86.08147416477532,-8.19973353089625,0,2.4400291442871094,NaN,1.0088715553283691,NaN,0.34635016322135925,NaN
-860814737087204197,86.08147377599084,-8.72041972634739,2,3.001885414123535,NaN,-10.24535846710205,NaN,0.5573620200157166,NaN
-860814692079642668,86.0814692606004,-7.964266853781955,0,1.366004467010498,NaN,-15.7484769821167,NaN,0.1660529524087906,NaN
-860814657086864864,86.0814657855911,-8.686486437879614,0,1.3631190061569214,NaN,23.223499298095703,NaN,0.11622735857963562,NaN
-860814585084086765,86.08145856825423,-8.408676509752924,0,2.4371607303619385,NaN,-11.712236404418945,NaN,0.41786372661590576,NaN
-860814544079566942,86.08145441973453,-7.956694292332501,0,2.6651930809020996,NaN,-4.881341457366943,NaN,0.42349252104759216,NaN
-860814439080178311,86.08144397003475,-8.017831192768808,0,1.748693823814392,NaN,30.979450225830078,NaN,0.21582679450511932,NaN
-860814403085213932,86.08144031837499,-8.521393292444698,0,5.476965427398682,NaN,-17.2914981842041,NaN,0.61383056640625,NaN
-860814389082901472,86.08143899713578,-8.290147242246015,2,1.8377984762191772,NaN,-3.3826146125793457,NaN,0.06955345720052719,NaN
-860814198085859051,86.08141980522224,-8.585905146724338,0,1.3307150602340698,NaN,43.82887268066406,NaN,0.16940386593341827,NaN
-860814016082829015,86.08140165990062,-8.282901567874102,0,1.7486155033111572,NaN,34.08991622924805,NaN,0.31902503967285156,NaN
-860813975082747814,86.08139759375179,-8.274781492329405,2,3.207040309906006,NaN,-9.006512641906738,NaN,0.6480860710144043,NaN
-860813821082063619,86.08138216212373,-8.20636199891407,0,2.2540080547332764,NaN,5.388734817504883,NaN,0.014087636955082417,NaN
-860813432082733274,86.08134326337064,-8.273327488200993,2,3.5158026218414307,NaN,-57.251853942871094,NaN,0.45992591977119446,NaN
-860813373085693783,86.0813373132117,-8.569378391160594,0,1.7244508266448975,NaN,-61.4919548034668,NaN,0.2490890622138977,NaN
-860813339079768511,86.08133398273799,-7.976851121007547,0,2.11140513420105,NaN,-63.071617126464844,NaN,0.2678115963935852,NaN
-860813336083240366,86.08133364287688,-8.324036656712329,0,2.6597235202789307,NaN,84.23309326171875,NaN,0.32297176122665405,NaN
-860813279082902865,86.08132791573797,-8.290286599333838,2,1.989473581314087,NaN,-51.3826789855957,NaN,0.3268223702907562,NaN
-860813237083501542,86.08132377265517,-8.350154227088217,0,1.461605191230774,NaN,16.021862030029297,NaN,0.10259934514760971,NaN
-860813185080898271,86.08131852139846,-8.089827128244375,0,1.332956314086914,NaN,-8.881808280944824,NaN,0.03996066749095917,NaN
-860813003082076755,86.08130039206453,-8.207675545340356,0,1.4753742218017578,NaN,2.9752509593963623,NaN,0.3098525404930115,NaN
-860812829083079359,86.08128297373503,-8.307935910353878,0,2.27242112159729,NaN,63.27497100830078,NaN,0.33701029419898987,NaN
-860812814083001098,86.08128140140164,-8.300109898106335,0,2.2290937900543213,NaN,-8.649528503417969,NaN,0.05889717489480972,NaN
-860812634082435379,86.08126344948374,-8.243537934887035,2,3.021824836730957,NaN,-78.13031768798828,NaN,0.08618248254060745,NaN
-860812606079465983,86.08126069049769,-7.946598325880991,0,11.66453742980957,NaN,6.38992977142334,NaN,0.7075777649879456,NaN
-860812484084735043,86.0812484938695,-8.473504326688428,2,4.10633659362793,NaN,-79.17088317871094,NaN,0.6118552088737488,NaN
-860812471081399885,86.08124717130444,-8.139988525088379,2,5.111588478088379,NaN,-59.850502014160156,NaN,0.042973317205905914,NaN
-860812168087203482,86.08121683685384,-8.720348210059385,2,3.1057703495025635,NaN,69.6318359375,NaN,0.2816782295703888,NaN
-860812075082739480,86.08120755480178,-8.273948035829896,2,2.6969850063323975,NaN,45.235435485839844,NaN,0.05443985387682915,NaN
-860812052085573689,86.08120520645471,-8.557368968987555,2,5.249782085418701,NaN,47.952266693115234,NaN,0.7966665029525757,NaN
-860811832085590379,86.0811832673834,-8.559037997458939,2,8.632369995117188,NaN,-74.50785827636719,NaN,0.8296061754226685,NaN
-860811785082751007,86.08117852149836,-8.275100748046066,0,1.9722621440887451,NaN,83.59236907958984,NaN,0.14669008553028107,NaN
-860811547087205004,86.08115475224555,-8.72050044758867,2,0.9900226593017578,NaN,65.17961883544922,NaN,0.07745164632797241,NaN
-860811323080948702,86.08113231356899,-8.094870267366174,0,1.4584546089172363,NaN,82.32799530029297,NaN,0.08902046829462051,NaN
-860811317082404463,86.08113178430476,-8.240446363174819,0,1.5147976875305176,NaN,68.91554260253906,NaN,0.10137923806905746,NaN
-860811245079658305,86.08112457792069,-7.965830583124776,0,1.7090059518814087,NaN,9.1614990234375,NaN,0.3431459367275238,NaN
-860811184087931808,86.0811184828893,-8.793180896638203,0,1.7387484312057495,NaN,53.09761047363281,NaN,0.22224974632263184,NaN
-860811148083839656,86.08111488480189,-8.383965629255195,2,9.708099365234375,NaN,-6.748742580413818,NaN,0.5848262310028076,NaN
-860811131079371324,86.08111313847951,-7.937132495855927,0,4.7254509925842285,NaN,-87.47492980957031,NaN,0.2579192817211151,NaN
-860811052080046223,86.0811052144828,-8.004622335575174,0,3.756577730178833,NaN,-56.81019973754883,NaN,0.4111984074115753,NaN
-860810826079977724,86.08108269969274,-7.997772458414233,0,5.206197261810303,NaN,28.684223175048828,NaN,0.42482656240463257,NaN
-860810727083832661,86.08107279502354,-8.383266162066288,2,2.8619821071624756,NaN,30.583141326904297,NaN,0.36975613236427307,NaN
-860810701082898652,86.08107011946456,-8.289865220373414,0,1.3569368124008179,NaN,-11.356456756591797,NaN,0.059307344257831573,NaN
-860810577080978496,86.08105778901518,-8.097849676983481,2,2.596323251724243,NaN,-41.300636291503906,NaN,0.5957133173942566,NaN
-860810555079722235,86.08105552894467,-7.972223507750369,0,4.064376354217529,NaN,80.99920654296875,NaN,0.2994457483291626,NaN
-860810544081575752,86.08105442284123,-8.157575282750003,1,0.9400973916053772,NaN,-27.029010772705078,NaN,0.05305862799286842,NaN
-860810538087203000,86.08105385333205,-8.720300011714894,2,2.5646746158599854,NaN,38.95231628417969,NaN,0.5481507778167725,NaN
-860810499081104796,86.08104994664738,-8.110479698513515,2,2.736147880554199,NaN,56.268775939941406,NaN,0.5411815047264099,NaN
-860810498079777561,86.0810498590116,-7.977756136855391,0,1.4984341859817505,NaN,-22.104825973510742,NaN,0.12198401242494583,NaN
-860810477079366138,86.0810477109076,-7.936613841258124,0,1.2573038339614868,NaN,7.686666488647461,NaN,0.12125749886035919,NaN
-860810338080369707,86.08103380681536,-8.036970734956057,1,1.258834958076477,NaN,0.20393167436122894,NaN,0.1899006962776184,NaN
-860810241082928353,86.08102415831793,-8.292835335736974,0,2.935037851333618,NaN,-4.257493019104004,NaN,0.5223560929298401,NaN
-860810235080315864,86.0810235490309,-8.031586417786313,0,1.7956511974334717,NaN,-59.15182113647461,NaN,0.20741118490695953,NaN
-860810230080964557,86.08102309501064,-8.096455777374034,0,2.061666488647461,NaN,56.34968948364258,NaN,0.09351922571659088,NaN
-860810223082719283,86.08102231642468,-8.271928340598842,2,2.0412235260009766,NaN,78.26850128173828,NaN,0.07450857758522034,NaN
-860810223080486378,86.0810223892882,-8.048637845638385,2,1.698069453239441,NaN,-84.45500946044922,NaN,0.4731471836566925,NaN
-860810183079498425,86.08101833290979,-7.949842537266844,0,2.685370445251465,NaN,80.07189178466797,NaN,0.47979074716567993,NaN
-860810154082958662,86.08101545083186,-8.295866276492681,0,2.820004463195801,NaN,-61.70071029663086,NaN,0.13304981589317322,NaN
-860810148079431296,86.0810148273762,-7.943129657827188,0,1.5874276161193848,NaN,27.038166046142578,NaN,0.2142644226551056,NaN
-860810045083829638,86.08100456560817,-8.382963810862657,2,3.8376691341400146,NaN,10.126749992370605,NaN,0.24233096837997437,NaN
-860810005082731710,86.08100055230918,-8.273171068584436,2,3.192103862762451,NaN,-20.365121841430664,NaN,0.6465049386024475,NaN
-860809949082713201,86.08099496095103,-8.271320155705588,2,2.4131715297698975,NaN,46.31024169921875,NaN,0.07776731997728348,NaN
-860809882082676544,86.08098825231862,-8.26765440303932,1,1.6017515659332275,NaN,30.35215950012207,NaN,0.19003577530384064,NaN
-860809752085923478,86.08097529301334,-8.59234789335997,0,1.2250440120697021,NaN,10.693405151367188,NaN,0.18176822364330292,NaN
-860809723087202436,86.08097236740242,-8.720243672199018,2,1.7730404138565063,NaN,84.02102661132812,NaN,0.5494754314422607,NaN
-860809655081761912,86.08096550240619,-8.176191218704046,0,1.0740516185760498,NaN,-1.9568341970443726,NaN,0.22818970680236816,NaN
-860809616080367603,86.08096162212597,-8.036760393384052,0,1.5371538400650024,NaN,42.76815414428711,NaN,0.2740413248538971,NaN
-860809454082728965,86.08094549089195,-8.272896560264712,2,1.7180341482162476,NaN,-15.191944122314453,NaN,0.5622108578681946,NaN
-860809179080491116,86.08091796656441,-8.049111691290584,2,1.875502347946167,NaN,78.43556213378906,NaN,0.592440128326416,NaN
-860809056081643124,86.08090568796025,-8.164312423493204,0,4.3362274169921875,NaN,47.17440414428711,NaN,0.5568699240684509,NaN
-860809044080973039,86.08090446154341,-8.097303953077386,2,2.310835361480713,NaN,14.017849922180176,NaN,0.030988678336143494,NaN
-860808995080864929,86.08089950430043,-8.086492969174099,0,1.4651724100112915,NaN,-79.02429962158203,NaN,0.11846757680177689,NaN
-860808950080852753,86.08089505400186,-8.08527530367154,0,2.3079752922058105,NaN,-83.3231201171875,NaN,0.5019293427467346,NaN
-860808906084843884,86.0808906516609,-8.4843884083816,0,1.1318423748016357,NaN,-87.74824523925781,NaN,0.2139357030391693,NaN
-860808900082642396,86.08089004860823,-8.264239665737342,0,1.3225966691970825,NaN,28.174013137817383,NaN,0.15404409170150757,NaN
-860808882081327140,86.08088827385268,-8.132714099131178,0,3.429675579071045,NaN,-76.45349884033203,NaN,0.41180771589279175,NaN
-860808850080822414,86.08088509235553,-8.082241420766065,0,1.3850551843643188,NaN,-49.11000061035156,NaN,0.2943621575832367,NaN
-860808835083543734,86.080883503332,-8.354373490510353,0,1.2994662523269653,NaN,20.958850860595703,NaN,0.1324874311685562,NaN
-860808519083825826,86.08085193213037,-8.382582688219351,2,6.090282917022705,NaN,79.4795913696289,NaN,0.3703225255012512,NaN
-860808516079534476,86.080851672186,-7.953447636837908,0,1.678928017616272,NaN,1.7544453144073486,NaN,0.08763862401247025,NaN
-860808364086893679,86.08083648851347,-8.689367915978293,0,1.0705984830856323,NaN,21.718536376953125,NaN,0.01379468198865652,NaN
-860808356086624402,86.08083567883338,-8.662440263258762,0,1.3595104217529297,NaN,-33.502201080322266,NaN,0.01772264391183853,NaN
-860808247081769796,86.0808247638377,-8.176979633014003,0,1.4429893493652344,NaN,13.237628936767578,NaN,0.2917630970478058,NaN
-860808166087131860,86.08081662079621,-8.713186084976723,2,1.800662636756897,NaN,-53.32396697998047,NaN,0.18190297484397888,NaN
-860808048084707031,86.080804884563,-8.470703122672747,0,2.4180092811584473,NaN,-74.6114273071289,NaN,0.12551277875900269,NaN
-860808034081221695,86.08080349271427,-8.122169566326466,0,2.490349531173706,NaN,-89.17683410644531,NaN,0.44256025552749634,NaN
-860808009081425337,86.08080094704103,-8.14253375870293,0,2.4877758026123047,NaN,-58.88172912597656,NaN,0.46480485796928406,NaN
