object_id,right_ascension,declination,corner_1_ra,corner_1_dec,corner_3_ra,corner_3_dec,semimajor_axis,semiminor_axis,position_angle
-861556546086816217,86.15565466445506,-8.681621727298115,86.1551101168828,-8.682066371860612,86.15617746222644,-8.681176983145468,4.534537315368652,2.2843255119917294,64.26160606590727
-861553116086842109,86.15531167595952,-8.684210973853473,86.15494025850386,-8.684593881333157,86.15569855601625,-8.683787972786302,2.736881971359253,2.339158349529355,-4.909265986279713
-861547479086786330,86.15474795427782,-8.678633039749013,86.15426875667482,-8.679149290167855,86.15522349311877,-8.67784329272476,6.6119608879089355,3.4643536934920065,14.655610395114776
-861546201086797146,86.1546201558282,-8.679714658019357,86.15415579398756,-8.680177038940936,86.15519489763955,-8.679009887488574,4.352499961853027,2.731069639673118,42.757653374287486
-861544581086737122,86.15445814247914,-8.673712296934996,86.15410255100666,-8.674288061044273,86.15483245764719,-8.67292661641635,10.655732154846191,2.302610779024307,-6.682163352552997
-861543670086722976,86.15436708258117,-8.672297652269826,86.15390642771723,-8.672871387683347,86.15477694582226,-8.67175987116247,5.6055474281311035,2.612631637606779,-20.922145783968926
-861540982086597813,86.15409826803108,-8.659781386402914,86.15346306551879,-8.660676974991413,86.15450187038624,-8.659009826998888,9.456016540527344,5.063165587388567,-7.5760589251503445
-861540731086715863,86.1540731553715,-8.671586384691297,86.15345716194516,-8.672093553211734,86.1546368292686,-8.671120773181215,4.948133945465088,3.009675451032621,-73.44341296890676
-861536881086843866,86.15368812022996,-8.684386693440658,86.15336659396185,-8.68473195372063,86.1540125172892,-8.683981651349,3.1801536083221436,1.7977618696061242,1.2756206795971305
-861536764086651511,86.15367643833987,-8.665151131699291,86.1532916743538,-8.665537803798108,86.15404994410444,-8.664759668637576,2.1750271320343018,1.9920987236870764,-21.621612288350676
-861535877086774423,86.15358776322611,-8.677442365448751,86.1532575578825,-8.677870906685508,86.15393155489224,-8.677092812819312,3.0995898246765137,1.6550038188077068,21.971155399653753
-861535420086768247,86.15354206028802,-8.67682474672637,86.15314551467391,-8.677232013680786,86.15390376656558,-8.676370546594038,3.872077703475952,1.8410425485120254,27.914506650106784
-861534463086724295,86.15344633485962,-8.672429523704965,86.1530072054544,-8.672954312102922,86.15393394552714,-8.67189832111878,4.861189365386963,3.0795471057792647,-4.327396083992098
-861533707086821500,86.153370784795,-8.68215000135863,86.1528057324016,-8.682676375616555,86.15390111884689,-8.681675857594483,4.841166019439697,3.999750312932144,-57.69402535808846
-861530048086731961,86.15300485937172,-8.673196155811151,86.15238870979954,-8.67381531536537,86.15373683574514,-8.672564676555348,3.7716190814971924,3.376484636458028,-63.03994194752471
-861528593086569026,86.15285934978752,-8.656902693922502,86.15228428637334,-8.657565387622205,86.15343567205575,-8.656314843018354,3.0872392654418945,2.9071177165317197,-6.887505470291563
-861527478086871466,86.15274786210868,-8.687146675256269,86.15229754698778,-8.687703732454384,86.1531961800842,-8.686564422439792,6.430527687072754,2.7565775697084103,-13.663055271946089
-861525796086810356,86.15257960807612,-8.681035676434169,86.1518790017726,-8.681481553213255,86.15308682038132,-8.680564309792645,4.218887805938721,2.904426135173262,-86.9670909906194
-861525031086617345,86.15250317290047,-8.66173450328506,86.15194470109385,-8.662231788283334,86.15301192887073,-8.661231280633803,3.473578691482544,3.0765311294798217,-86.10707035485325
-861524352086454832,86.15243524390961,-8.645483299579418,86.15181225761815,-8.646093116163051,86.15304791096494,-8.644870306106943,3.1114442348480225,2.997081770282411,-31.368304589896276
-861523028086500116,86.15230281115255,-8.65001169213628,86.15169760244761,-8.650509606717646,86.1527928802518,-8.649481306874884,2.781575918197632,2.6266371932686,65.31933536181262
-861522348086365081,86.15223482355377,-8.636508117166274,86.1519289166418,-8.636981863640889,86.15254663324731,-8.636176015859077,4.141451358795166,1.373929659214612,23.075662823318144
-861521680086698849,86.15216808384628,-8.669884953512028,86.15171590073166,-8.670398164433445,86.15264265826431,-8.66939772503276,2.6360063552856445,2.348360800010683,13.267134959407011
-861520074086793444,86.15200747877147,-8.67934443846933,86.15151453289202,-8.679786832886554,86.15246946647255,-8.67889748920831,2.770850658416748,2.3176282654727642,61.859770802829644
-861519830086629565,86.15198301145773,-8.662956572363939,86.15146642272875,-8.6635093161567,86.15253363907286,-8.662481029853978,3.63020920753479,3.0261346434669236,59.87812751895925
-861519223086340558,86.15192235153496,-8.634055840424235,86.15139646228423,-8.634592932651682,86.15240732408138,-8.633398007684404,3.230923891067505,2.6887382975197145,-0.7133234664078812
-861516291086467037,86.15162917311223,-8.646703717638124,86.15110918461465,-8.647203762633547,86.15212017471865,-8.6462032796254,2.785935878753662,2.719881085248656,1.3753169498423101
-861514915086928812,86.1514915524548,-8.692881248986188,86.15122680025495,-8.693202940620916,86.15176038776188,-8.692563799645642,2.4566330909729004,1.3860033483929168,-11.214341805610363
-861514497086522946,86.15144979006543,-8.65229469753359,86.15099404044551,-8.652898013731432,86.15186450444857,-8.651786489578292,4.921286582946777,2.585711499573404,-18.722122250675216
-861514483086925567,86.15144839514193,-8.692556773574637,86.15114265077727,-8.692869599062393,86.15173245161847,-8.692258207640197,2.351755142211914,1.409764762102881,-37.062848351092654
-861513439086674818,86.15134395712361,-8.667481815029896,86.15090222770637,-8.667953369780053,86.15185710285968,-8.667008469353961,3.8228626251220703,2.5120707548097894,53.022292563195386
-861512558086565858,86.15125588315962,-8.656585860513363,86.15073902354328,-8.657120127215846,86.15175003880005,-8.656119643609783,3.074969530105591,2.8432181210405947,43.37867739949331
-861511889086528019,86.15118897263005,-8.652801905148491,86.15068468376177,-8.653231232885174,86.15163956289481,-8.652369663653841,4.527683734893799,2.1507838839570352,50.62193103936227
-861511041086240845,86.15110419486643,-8.624084545908092,86.15081118869223,-8.624370310918284,86.15137281593269,-8.623814485958821,1.9215837717056274,1.4135232245275582,-42.85982086009748
-861510547086465294,86.15105476616158,-8.646529451943168,86.15051923658655,-8.647064641987622,86.15164259799622,-8.646036325007175,4.193665981292725,3.833522920757196,-79.66430611773367
-861508223086911220,86.15082233128015,-8.691122041227347,86.15044094712616,-8.691619370956815,86.15122726616167,-8.69064677631592,4.443521022796631,2.205365161515526,-6.856916366304766
-861508066086907302,86.15080660831144,-8.690730260231364,86.15046921217274,-8.691147128873144,86.15117129913541,-8.69031346239917,3.7832489013671875,1.8231083556787413,-26.670340539047142
-861507522086628007,86.15075221863582,-8.662800799868883,86.15048298294163,-8.663091911871845,86.15101655474786,-8.662508323514787,1.8354331254959106,1.4287091829752945,2.154461217460913
-861507342086729852,86.15073429926895,-8.67298529314547,86.15016897338833,-8.67359184690724,86.15117996165446,-8.672452475685551,6.837582111358643,4.603988172596956,31.17843747578946
-861507326086794400,86.15073265204323,-8.67944000358388,86.15036238760017,-8.679897294284523,86.15114875120204,-8.679063585491225,3.5793297290802,2.056666449616081,37.127059467408394
-861507154086191157,86.1507154786958,-8.619115741856174,86.15033610564397,-8.619453542143685,86.15106619699682,-8.618703191406576,3.4093539714813232,1.6856246067009777,-53.32221707819114
-861507135086531394,86.15071351980137,-8.653139402115144,86.15023497795451,-8.653536536609597,86.15113366232606,-8.652674993880186,5.7431488037109375,1.7938066694454453,-53.46991962033479
-861507012087056983,86.15070128743847,-8.70569836888489,86.15048978728299,-8.705896746422809,86.15091111072593,-8.705507656029216,1.5407612323760986,1.1784989169920297,76.70601119822865
-861506670086592571,86.15066704099473,-8.659257155227664,86.15020389142113,-8.659703109790739,86.15110252130043,-8.658702680124325,3.3318357467651367,2.7177168136391017,-8.815125017862286
-861506494086596823,86.15064947306841,-8.659682362501382,86.15037214673157,-8.659980801008556,86.15093379796964,-8.659369421185366,2.0138659477233887,1.4774793734347105,20.8118108228739
-861504940086581337,86.15049403475373,-8.658133725749545,86.15009198344107,-8.65853633414677,86.15085021878436,-8.657730415168285,2.4659180641174316,2.2002791238593216,9.202724570942081
-861503747086589366,86.15037477015116,-8.658936657827955,86.15017578003592,-8.659175076280478,86.15056892657726,-8.6587304436636,1.6240662336349487,1.1277012260493031,-21.3086748530111
-861503683086507043,86.15036838288262,-8.650704326425585,86.14992715077764,-8.65114749815995,86.15076957952968,-8.65017487255634,5.469905853271484,2.971380352320234,0.32236823415749494
-861503161086230204,86.15031612780442,-8.623020451971286,86.14980042950314,-8.623536793585428,86.15097989618744,-8.622480669040987,3.0498201847076416,2.8241510385641675,-78.02171135947518
-861502986086592342,86.15029869616015,-8.659234267224633,86.14989477635292,-8.659647347628278,86.15068108354357,-8.658785859647947,3.062854290008545,2.1413020614458196,42.32458613582591
-861502826086744139,86.150282621474,-8.674413907233637,86.14985911573757,-8.674758274966722,86.15072980541659,-8.674007855454008,4.026419162750244,1.9548814361864089,69.88378101900273
-861502824086549904,86.15028242587827,-8.654990425964447,86.14998115182048,-8.65539736151453,86.15059889387919,-8.654591511377488,3.471421241760254,1.4801800910016736,-13.43575543957925
-861502815086206949,86.15028155697887,-8.620694983860146,86.14999811459609,-8.620981057055742,86.15055973563905,-8.620425230907493,1.7508487701416016,1.562691339273855,-54.95859969114764
-861502805086563706,86.15028059479589,-8.656370621554403,86.14981200201342,-8.656925230226381,86.15082291759882,-8.655730302298908,7.189237594604492,3.998994479798255,-16.614190035759794
-861502387086849455,86.15023872627472,-8.68494550869172,86.14968534302781,-8.685452527440312,86.15066831678229,-8.684424278996945,6.023051738739014,2.595158285267985,-32.50555078726655
-861501472086240858,86.15014724907819,-8.624085802318726,86.14963137623302,-8.624592214501538,86.15072651890364,-8.62345279830819,4.763897895812988,4.379957128728739,-38.0847410201934
-861501400086787881,86.15014009552529,-8.678788181103002,86.14937927888748,-8.679535980930533,86.15072744235447,-8.678340886815795,5.716432094573975,3.8762759743653605,65.3675282147717
-861501266086736549,86.15012665185597,-8.67365491690157,86.14974710749885,-8.674063743704384,86.15053345773622,-8.673230033417044,3.2022411823272705,2.478681827861923,-4.9499256395972155
-861501014086715952,86.15010148446203,-8.671595220524102,86.14960769209374,-8.672091578024325,86.15059063135783,-8.671063328638759,2.9296152591705322,2.8920549853713124,39.60772688947392
-861500586086506051,86.15005866353617,-8.650605102939979,86.14981466622643,-8.650841752748871,86.15037637216555,-8.650369259060426,2.2152459621429443,1.3391440045671088,67.36673743042454
-861499903086834926,86.14999032997187,-8.683492655632943,86.14934888260383,-8.684146923198764,86.15052846534942,-8.682951912527312,6.502988815307617,5.360450716351467,55.94625182708623
-861499608086963650,86.14996083450963,-8.696365032672022,86.14951102159593,-8.696841074177657,86.1503535773676,-8.695924004800169,3.011261224746704,2.4375352179762317,-11.477091882001071
-861498710087001011,86.14987105651504,-8.700101182282928,86.14945288446346,-8.700424289036608,86.15023939878876,-8.699812797777176,3.251333236694336,1.5520748818279186,-83.0473017129267
-861498580086168523,86.14985805488651,-8.616852383107918,86.14941012949039,-8.617286510935005,86.15028061851861,-8.616397201891363,2.822847366333008,2.229771643410684,38.05579070338965
-861498528086750662,86.14985282295015,-8.675066240738495,86.14898777790994,-8.675536068936712,86.15078561842246,-8.674562970235874,11.312453269958496,3.9669424543336653,79.81340999749399
-861498120086524976,86.14981208678878,-8.652497622010449,86.14944856163723,-8.652980517857046,86.15017863206926,-8.652063501607278,4.1576361656188965,2.0202786827708987,5.052442762829725
-861498104086447938,86.14981042845798,-8.644793821609959,86.14872218769986,-8.64592528434182,86.1506597749553,-8.643757685316647,4.940384864807129,4.428607731509953,-12.711713599803003
-861497918086491978,86.14979183848469,-8.649197826576168,86.14919737713639,-8.649786168711552,86.15029260430906,-8.648674529575704,3.536329984664917,3.156546867279316,-32.306893315174
-861497904086615458,86.14979047038038,-8.661545803919243,86.14935975940453,-8.661980455819846,86.15028655936933,-8.661118897486258,4.371641635894775,2.255557291122651,-44.585120911553894
-861497797087023284,86.14977971934519,-8.702328444925897,86.149339430128,-8.702729803375629,86.15023825545416,-8.701923815237345,3.857830286026001,1.9388909212740302,-57.157838185789835
-861497792086064105,86.14977928415168,-8.606410523922843,86.14924689239322,-8.607036537641887,86.1501452300677,-8.605702773874695,5.843507766723633,3.5434464021430214,-9.95934960897152
-861496801086942984,86.14968011698771,-8.694298440874148,86.14937148857084,-8.694618695048351,86.14996127532248,-8.693979523725744,2.840756416320801,1.3104914210195102,-40.62257385384704
-861496470086540666,86.14964709418012,-8.654066689759823,86.14866134241599,-8.655147295509684,86.15045853086795,-8.653063098475068,7.15590238571167,5.500093185913632,40.91244926615343
-861495742087000430,86.1495742795097,-8.700043053578723,86.14928428074948,-8.700285207318998,86.14984605848232,-8.699812713788976,2.2745718955993652,1.4280109627457138,84.17898985768531
-861495539086777398,86.14955394161004,-8.677739813713787,86.1490145735647,-8.67831345789236,86.1500817688125,-8.677174056184972,4.844819068908691,4.368649536933675,-5.866503422432732
-861495371086195233,86.1495371105247,-8.619523368210979,86.14918403016463,-8.619925194380343,86.14991407851923,-8.619091509013398,2.957810163497925,2.025330364916263,7.017682370006121
-861495229086741196,86.14952293380098,-8.674119605650233,86.14924102681715,-8.674396724678148,86.14983082375758,-8.673840884490481,1.9000835418701172,1.5788663726306875,-54.714016259572816
-861495143086604766,86.14951438931506,-8.66047662317228,86.14899502894106,-8.661091467863177,86.15006221775839,-8.66003539734463,6.908395767211914,5.277687938416421,68.54654769163464
-861494963086815146,86.14949630492114,-8.681514613270954,86.1489845750806,-8.682063372306274,86.15002370909045,-8.680979539370279,2.884208917617798,2.8714800890955687,79.29678521016535
-861494852086616063,86.14948522063796,-8.661606361866818,86.14919111731848,-8.661980233627203,86.14983699381769,-8.661229923441876,2.7857248783111572,1.8681256109030042,4.421717926576788
-861494722086037851,86.14947227700831,-8.603785131997192,86.14891100202075,-8.604453116948715,86.14992176242382,-8.603230407231468,3.2130868434906006,2.727667456716512,-12.126119552691168
-861494357086848396,86.1494357172476,-8.684839690182145,86.14895481174982,-8.685396597264392,86.14990965602024,-8.68431280625297,5.156883716583252,3.0746924193730294,-26.404216475650138
-861492444086058976,86.14924442455077,-8.605897681441355,86.14876945185112,-8.606397626897174,86.15008935942812,-8.605396985205134,4.397923946380615,2.9631751683407073,81.2683463013976
-861492369086756629,86.14923694044596,-8.675662943840932,86.14859406175225,-8.676146712561925,86.14985805300468,-8.675229430961219,8.321609497070312,3.5055529379003327,-80.68224285217809
-861491526086529782,86.14915261593063,-8.652978265851917,86.14846502354834,-8.653647078974517,86.14998162075086,-8.652340787553845,11.293664932250977,7.825437153548943,77.91787451856666
-861490585086172545,86.149058541073,-8.61725455206627,86.14859518057435,-8.61770278633845,86.14949376317527,-8.616813461648727,2.811300277709961,2.344010229167037,-41.40705859171268
-861490181086422546,86.14901814748899,-8.642254634343928,86.14855466469027,-8.642869210767017,86.14953742879337,-8.641646515347126,5.540724754333496,3.195891686390614,5.319611543031027
-861490020086652230,86.1490020656852,-8.665223018145241,86.14843075285941,-8.66578562568716,86.14961031781345,-8.664673943338533,3.1890647411346436,2.9095730111652505,-39.98471022851912
-861489795086348387,86.14897955761252,-8.634838799840242,86.14816514467942,-8.635758250492547,86.1496814472466,-8.634007517901207,4.065515041351318,3.825453233542212,6.585871796365459
-861489329086958336,86.14893294361025,-8.695833671492746,86.14869627858161,-8.696062723366571,86.14917374833071,-8.69559027089463,1.7769134044647217,1.2831384052220918,-41.08148821879553
-861489200086160925,86.14892005110397,-8.616092547289593,86.14828679467692,-8.616619449682327,86.14946620787218,-8.615507765524999,5.101115703582764,3.527036959891873,-63.03343430034391
-861488711086164357,86.14887110590584,-8.616435797110174,86.1482584358473,-8.616952752061234,86.14940985284768,-8.616035524241632,4.645157814025879,3.348655565568195,-76.6977937428671
-861487221086375777,86.1487221795049,-8.637577737906703,86.148051284809,-8.63817469550235,86.1492869000988,-8.636951873375935,3.0239579677581787,2.984708279150351,-43.256785342868504
-861486926086475871,86.1486926676278,-8.647587120053995,86.14841137404085,-8.647896649845324,86.14897299040953,-8.647257489486558,2.3340260982513428,1.6410206171659227,-13.694212657081842
-861486845086547586,86.14868452480947,-8.654758692283288,86.14835159174856,-8.655091031796287,86.14902559400026,-8.654424038302071,2.5643274784088135,1.5597122885560166,-43.387658113356416
-861485517086693868,86.14855174860593,-8.66938686360883,86.1480353460272,-8.670090897223574,86.14915860075241,-8.668729245391264,10.524406433105469,6.863741075147292,-23.156814388688055
-861485299086750252,86.14852993225945,-8.67502527523495,86.14825714043266,-8.675340638469725,86.14879069793403,-8.674701492735217,2.6538684368133545,1.354975502672365,13.759169087498176
-861484862086188813,86.1484862010081,-8.618881384690967,86.14747088242405,-8.61998051396426,86.14943643989659,-8.617840670797039,10.580787658691406,6.884155585028502,-35.87915183102476
-861484687086030106,86.14846872693325,-8.603010657539444,86.14801234329927,-8.603480405023832,86.14891087721034,-8.602563301358828,2.5283844470977783,2.21833892778456,-21.10221067446378
-861483877086515765,86.14838777715619,-8.651576508533823,86.14767904362459,-8.652757825884425,86.14922343852369,-8.650868191483145,9.47592830657959,4.922063994942953,-34.23623535744708
-861483633086243193,86.14836331643131,-8.624319399815672,86.14786118092712,-8.624841284127793,86.14884402201285,-8.623868583637844,2.600043773651123,2.5452788953389653,13.503929446435382
-861483328086461177,86.14833289097017,-8.64611773911165,86.14793452368791,-8.646535429746422,86.14872079939325,-8.645673937397133,3.9794795513153076,2.2018638098757926,-13.921402741144862
-861482747085879130,86.14827471807934,-8.587913015845997,86.14779518349633,-8.588397073419978,86.14866557510915,-8.58745220554723,2.3776957988739014,2.025726507334285,-7.8916505783751365
-861482715086762263,86.14827154756708,-8.676226378651615,86.14783508695025,-8.676646090360366,86.1486214521042,-8.675840153724486,3.6625735759735107,2.8991171513860894,-28.831604365637897
-861482666086170114,86.14826669879305,-8.617011460765857,86.14775248421232,-8.617508010621702,86.14881958995103,-8.61653526802046,3.0522568225860596,2.9155117560446624,80.75789053606343
-861481653086891031,86.14816531623832,-8.689103147248142,86.14754767253221,-8.689618177600616,86.14875546391886,-8.688617589102059,5.269100666046143,3.4655254613049182,63.60122612850862
-861481592086529910,86.14815923679171,-8.652991063896618,86.14767815025512,-8.653340816795541,86.1485488147035,-8.652645946747079,4.1956257820129395,1.7160456960599861,-70.90337520935924
-861481367086620562,86.14813678543156,-8.662056221416334,86.14778600475306,-8.662451793691872,86.14851615887005,-8.661673661814891,2.8836605548858643,2.0719847534130476,15.173319612435112
-861481085086040313,86.14810850339958,-8.604031371755935,86.14756237273255,-8.604563575950188,86.14860130639542,-8.603507514088587,2.758100748062134,2.6012206411261967,-21.492832343607883
-861480987085965027,86.14809878206975,-8.59650278333755,86.1477627246265,-8.596869128868741,86.14846468858944,-8.596146564654948,2.5084428787231445,1.699381529455877,-45.256155404491324
-861480269086755676,86.14802694686811,-8.675567689840578,86.14730164230227,-8.676146139931626,86.14870599879364,-8.674978787829996,10.89697265625,3.0885256604117513,52.86002382062407
-861479482086070620,86.14794828892093,-8.607062023827746,86.14742038160475,-8.607674617253307,86.14851546908588,-8.606535194642612,3.0563549995422363,2.8055154202116546,-31.6691796038389
-861478012087018580,86.14780127995483,-8.701858073754332,86.14706371592855,-8.702812323276252,86.1486083654559,-8.701033801345003,7.518343925476074,6.402470761690086,-15.103422616248626
-861477391086844250,86.14773917686063,-8.684425048369762,86.14729712437338,-8.684923514678216,86.14816771997677,-8.683950871127784,4.149430274963379,2.3705439970396425,-29.070960068480005
-861476445087076716,86.14764458888935,-8.707671632414057,86.14717302532064,-8.708173081884908,86.14809986188119,-8.707172634129202,2.870933771133423,2.4887821672612827,-22.99778899899125
-861475892086260757,86.1475892644799,-8.626075741197969,86.14718601826182,-8.626451960006541,86.14800036024243,-8.625618229145193,3.277679443359375,2.252920919627517,34.396005081680975
-861475173086939708,86.14751736159947,-8.693970818646305,86.14723598624465,-8.69420094145369,86.14776966619034,-8.69375623623507,1.8974084854125977,1.2355410217229863,-82.25273232155908
-861475133086818728,86.14751331901199,-8.681872808162089,86.1471578309419,-8.682228958277182,86.14785997808202,-8.681561949463667,2.7258880138397217,1.9391731774959056,-62.73208335639035
-861474846087084309,86.14748468160711,-8.708430941456042,86.14714447618067,-8.708756263057879,86.14781855663865,-8.708061492125834,2.605031967163086,1.9242545598807912,16.452013149790634
-861474569086754548,86.14745691185362,-8.675454857613433,86.14699255560535,-8.6758957506501,86.14791935563414,-8.674978632500762,4.312121868133545,3.5146588153070826,47.06006179465448
-861474147086986772,86.14741473898461,-8.69867723660192,86.14695272846971,-8.699145342067418,86.14785148406929,-8.698228239123225,3.0014684200286865,2.670319555130662,-40.48728249414641
-861473720087065618,86.1473720606938,-8.706561852148056,86.14655538978573,-8.707145266960136,86.14798797269529,-8.706005677038043,5.618518829345703,4.783465916818675,67.57253526079089
-861473081086813912,86.14730817484126,-8.681391245238173,86.14693331703776,-8.68181221364968,86.147691591522,-8.6810062895209,2.9885308742523193,2.493908835820994,-6.181027302689028
-861472357086751025,86.147235778396,-8.675102519994214,86.14690837136,-8.675451129867902,86.14755429395746,-8.674756371208128,2.915217161178589,1.4425789641580211,32.046059434186894
-861471945086763751,86.14719456756389,-8.676375107586301,86.14657068064251,-8.677034523794342,86.14772209139205,-8.675756186335013,9.417240142822266,3.8754107698078424,38.219689561361896
-861471830085740126,86.14718301672588,-8.574012675977666,86.14693124117592,-8.574285430556975,86.1473804235153,-8.573729655769277,1.9967504739761353,1.1066201111653915,-1.9105884298274838
-861470912087081235,86.14709120622209,-8.708123578332314,86.14677927258029,-8.70842270975002,86.1473691041334,-8.70783908965583,1.9609001874923706,1.6755953757761712,-58.128862688805754
-861470867086545871,86.1470867514532,-8.654587123410213,86.14663776966437,-8.65497916574803,86.14750839374125,-8.654200961160466,3.224138021469116,2.083204392375859,63.98898254954236
-861469820086518428,86.14698207219473,-8.651842848516994,86.14596520980074,-8.65300719361319,86.1479589406063,-8.650700666486939,17.97443389892578,13.195403728244994,37.547074913357335
-861469342086663162,86.14693427575637,-8.666316261246433,86.14654753853804,-8.666673353215828,86.14730582434508,-8.665950759870668,2.0902140140533447,1.8583760234458029,60.90377712483382
-861469037086746883,86.14690372023166,-8.67468830187225,86.14637477576436,-8.675145522519013,86.14744205239778,-8.674200554993554,7.109516143798828,1.7925231052114357,50.19804577468876
-861468456086955108,86.1468456752011,-8.6955108502659,86.14633613426312,-8.69603403130905,86.14734724019225,-8.695033538302676,2.8338961601257324,2.6943711137082778,-7.8915987920606225
-861468245085729863,86.14682453641294,-8.572986337080708,86.14603292270058,-8.573424311814858,86.14735276547594,-8.572534771960571,7.611131191253662,2.2022659061246386,-74.28963210138869
-861468190086932009,86.14681908318377,-8.693200909785544,86.14630921502291,-8.693728501357059,86.14732030073517,-8.692700230838005,2.9777095317840576,2.891038575262087,48.288570847775134
-861468112086130053,86.14681129044801,-8.613005307865038,86.14640592897689,-8.613423921060537,86.14722025555535,-8.612617965924663,3.3933942317962646,1.8536532229685168,50.30428733050846
-861468026086760639,86.14680260954339,-8.676063985180926,86.14631787538495,-8.676534348147099,86.14735705683385,-8.675589394628481,4.605789661407471,3.6712965454662463,-81.76644085685473
-861467500086622620,86.14675007654567,-8.662262069231657,86.14640907131279,-8.662589963972753,86.14708309727405,-8.661950744741896,3.330258846282959,1.3288118075084696,-47.34885868032694
-861467440086161571,86.14674406080366,-8.616157120108438,86.14623581685719,-8.616701709070487,86.14730288819122,-8.61567340735281,2.990046262741089,2.7638704286816997,57.717928375146585
-861467332086470683,86.14673321958222,-8.647068319897924,86.14647297859437,-8.647395674910978,86.14700646601105,-8.646700970998443,3.064429521560669,1.2859616641435243,-8.984438487813946
-861467306086030608,86.14673061192629,-8.603060839075303,86.14556857736751,-8.603813052939115,86.14753412553671,-8.60183986501385,4.864489555358887,4.261467521785354,-63.09066171054429
-861467174085684376,86.14671748548093,-8.56843764804934,86.14628803545347,-8.568896399325547,86.1470179519632,-8.568007153183421,2.478092670440674,1.6457446044833082,-7.215084498432664
-861467101087078770,86.14671011638778,-8.707877031881457,86.14621744555073,-8.708394833337216,86.14717240942569,-8.707449923674446,3.4866421222686768,2.731560940950493,-54.38384945530803
-861466919086842755,86.14669193853207,-8.684275559859337,86.14620134440146,-8.6848396751144,86.14715617919524,-8.683755877387158,4.89401388168335,2.3339798496860245,27.040698800575143
-861466457085916446,86.14664572454824,-8.591644664844663,86.14619204765852,-8.592174082341442,86.14717477242262,-8.591145822364343,4.7645134925842285,3.9311968456223587,-12.991038466264373
-861465938086721370,86.14659389084979,-8.672137011728308,86.14612318185542,-8.672645376290173,86.14707802825143,-8.671644909718013,2.8556618690490723,2.603372227066508,-27.290238858499503
-861465915085691870,86.14659153342926,-8.569187039498372,86.14606309679425,-8.569840850973502,86.14704556691721,-8.568423704720303,6.074484348297119,3.4409400141645525,17.864861296227257
-861465677085859092,86.14656775001488,-8.585909280862861,86.14613873230606,-8.586340712402594,86.1470091572044,-8.585479173574635,2.286059617996216,2.1495345824100784,-56.44756984056847
-861465659086559064,86.14656590782955,-8.655906438900834,86.14629991359851,-8.65625658873582,86.14683341302644,-8.65556188488591,2.983497142791748,1.383684331682787,-10.38644490247929
-861465241085710177,86.14652413613207,-8.571017716970161,86.14614621623551,-8.57131297878963,86.14687627767633,-8.570701508140532,2.5424537658691406,1.4876440727406424,-85.04603829596286
-861465061086925941,86.14650616322554,-8.692594189395459,86.14611276774339,-8.69297831602813,86.1469272768203,-8.692200139823102,2.619586944580078,2.1127821308774934,-74.14306757128185
-861463772086532844,86.14637722797444,-8.653284483866138,86.14585179311221,-8.653812317110189,86.14711561918776,-8.652728361686851,9.180806159973145,4.801854832666266,-89.62994347680018
-861463586086443585,86.14635864277014,-8.64435856956134,86.1446767737045,-8.646173889277032,86.1478499827222,-8.64281122144093,13.65836238861084,13.321658379510843,-74.28490636662968
-861463110085842587,86.14631107452114,-8.584258712012785,86.14608327960318,-8.584507155539768,86.14653251486429,-8.584034712483353,1.5292704105377197,1.2652815993149116,11.7095888016647
-861462738086069007,86.14627386592055,-8.606900749021456,86.14590333205057,-8.607284809263989,86.1466614709147,-8.606506658662768,2.542397975921631,1.9760619535033415,37.62503549888184
-861462668086857194,86.14626682924835,-8.68571945214257,86.14594760439235,-8.686006025584412,86.14656549971352,-8.685422389249362,2.065650463104248,1.607286788451532,-59.25372481937999
-861462496086754021,86.14624965898257,-8.675402157299631,86.14564388432316,-8.675978546737236,86.14685155694693,-8.674839064997798,9.182741165161133,4.587084414083957,40.45755529254051
-861461739086425869,86.14617398306335,-8.64258696360986,86.14571673627592,-8.643117765755441,86.14664336923991,-8.642033978759356,3.954249143600464,2.70407848102728,0.2569500985046929
-861461191086606043,86.14611914385803,-8.660604309292891,86.14542663579249,-8.661117521817575,86.14660617725572,-8.660005830252818,3.7114944458007812,3.3097959016455127,-63.62753376723004
-861461120086802582,86.14611206892454,-8.680258252172376,86.14564142963421,-8.680728388697304,86.14668056427729,-8.67967232418715,4.796065330505371,3.455324885755697,50.787368882399115
-861461077086921168,86.1461077484461,-8.692116848520714,86.14569150677738,-8.692589235238934,86.14653407189874,-8.691727712026385,4.340609550476074,1.9129917840871644,37.905371205516374
-861461034085609536,86.14610343770353,-8.560953616507815,86.14587039021046,-8.56125721445841,86.14631954160296,-8.560673660932853,2.7251434326171875,0.8237669289440123,-9.587693622634932
-861460770086138430,86.14607702647147,-8.61384302442773,86.14567504220452,-8.61420132621284,86.14648941113727,-8.613478702105692,2.678584337234497,1.8621191165282294,69.76941332524534
-861460601085651149,86.14606011253166,-8.565114971656607,86.1456716986142,-8.565479477320505,86.14645785916382,-8.564729089993676,2.286827802658081,1.9513035546735722,64.02305723476977
-861460446086863282,86.1460446216488,-8.686328234874319,86.14563825537569,-8.686728150907031,86.14639653675094,-8.685922224509115,2.3576295375823975,2.1487403660393696,-5.165405920683075
-861460357086624922,86.14603578751094,-8.66249228256588,86.14548174404727,-8.66289534590661,86.1467457684006,-8.662144718318658,7.552086353302002,2.246631434046807,78.9337146942334
-861460290085685441,86.14602903936296,-8.568544180427352,86.14555764266855,-8.569035021634653,86.1464841525091,-8.568062343390853,3.0872533321380615,2.4873009456910626,-7.021128105519336
-861459904086690263,86.1459904372464,-8.669026327800376,86.145647001971,-8.669367278613509,86.14634912279226,-8.668700266700926,2.1865596771240234,1.8210575362021164,-63.67668043505109
-861459895086277451,86.14598956312942,-8.627745123130772,86.14485358114624,-8.628812541348907,86.14698774113988,-8.626672601230203,4.099266052246094,3.8991015769515913,-20.142017770382058
-861459846087114121,86.14598462098682,-8.711412197717362,86.14523240604335,-8.71211651526444,86.1462431838021,-8.710393812196742,5.487277030944824,3.945166826407847,-13.752048331905455
-861459568085995805,86.14595687500011,-8.599580568217036,86.14545760136106,-8.60006252552862,86.14641227923771,-8.599089832878457,3.641315460205078,2.711160596536575,-41.86424546849753
-861459554086633648,86.14595543221903,-8.66336489085723,86.14564985149838,-8.663645095000476,86.14626772439557,-8.663089235000843,2.3858187198638916,1.4450919110032274,-67.59507714990971
-861459451086181983,86.14594516954216,-8.618198330435769,86.14550426047573,-8.618562366229071,86.1464310169443,-8.617839685443304,4.132375240325928,2.108765213614666,-88.45574627651294
-861459349086149294,86.1459349151507,-8.614929471624311,86.14544977970708,-8.615423508388858,86.14643260436769,-8.614478579275724,2.749638557434082,2.4875586310183997,-62.144592696491124
-861458844085727135,86.14588446694573,-8.572713536681125,86.14521836051182,-8.57306274216997,86.14642593369915,-8.572367698631103,6.991439342498779,1.855364116884253,-76.1772665909482
-861458639085665589,86.14586394990354,-8.566558909718259,86.14516557113674,-8.567257242543056,86.14645696032964,-8.56570105210433,4.015069961547852,3.6591643268894694,-73.82020516378293
-861458563085989585,86.14585639331514,-8.598958598244568,86.14542990349825,-8.599534696147295,86.14630017313632,-8.598312047783566,7.475506782531738,3.320642718001364,-14.529924263329402
-861457912086349731,86.14579127246242,-8.6349731146136,86.14543955695973,-8.635339852569526,86.14619776446217,-8.634589478920926,5.115675926208496,1.4972283541881255,-42.98588955972539
-861457772085813509,86.14577729314051,-8.581350903858626,86.14532637460896,-8.581812577888265,86.14622486514719,-8.580923245708906,2.4122090339660645,2.17508159236284,-42.791114678927784
-861457514086374839,86.145751400568,-8.637483956301534,86.14541023246267,-8.637923099857147,86.14608407206812,-8.637006103856681,3.8748233318328857,1.638076239048016,2.3257611885610854
-861457434085854503,86.14574341359993,-8.58545032168713,86.14529620576101,-8.585895865013882,86.14619470579807,-8.585006532738129,2.6435728073120117,2.448322243020718,35.60528747763147
-861457028086838913,86.14570280560615,-8.683891361180027,86.1449371249524,-8.684505922145112,86.14631336253306,-8.68325524414828,3.890557050704956,3.4528631149475695,79.37915895998779
-861456663086956195,86.14566633314833,-8.695619526421634,86.14518395303138,-8.69608897596411,86.14613889771563,-8.695171840326454,2.7465760707855225,2.499617858081023,-84.4560421715423
-861456110086963314,86.1456110282921,-8.696331447348676,86.145071311431,-8.696950128907279,86.14625086307353,-8.695643997110155,6.709650039672852,4.386625759310915,-36.721561750068965
-861456033086385652,86.14560335918388,-8.63856521148758,86.14504448923586,-8.63911758700615,86.14619585151753,-8.637978130246902,3.032607316970825,2.9194307902879486,-6.2798563063830075
-861456008086873186,86.14560080388408,-8.687318674830605,86.14504772536843,-8.687839101717492,86.1461149773173,-8.686783021831046,2.975464105606079,2.8739270244974024,39.99832278714521
-861455435087092608,86.1455435346682,-8.709260839442099,86.14514887984258,-8.709588600879238,86.14587914649556,-8.708866020763201,3.078766345977783,2.2226194604550322,39.925666311838626
-861454583085948934,86.14545832434973,-8.594893434649617,86.1451228020323,-8.595228924412568,86.14579667900327,-8.594534147156269,2.250966787338257,1.818220813426342,9.914373543681153
-861454292085581354,86.14542924408914,-8.558135483456741,86.14491688770202,-8.558645967123637,86.14601186982227,-8.557589870668027,3.046199083328247,2.9232860582371507,37.832001581848765
-861452967086759552,86.14529674504871,-8.675955241076514,86.14488506163542,-8.676811342636245,86.1458114762268,-8.675144230953558,13.408535957336426,4.742011112230533,8.326815230570007
-861452835085991789,86.14528354231172,-8.599178931946149,86.14492405667633,-8.599673316301077,86.14576633079567,-8.598645123678313,6.967884540557861,2.52734798790646,24.697854390730846
-861452748086053107,86.14527485144649,-8.605310784806017,86.14478044566785,-8.605784400767302,86.14581941714312,-8.604811664191669,3.984769821166992,3.0589114419186885,-48.62592055072051
-861452497086519372,86.14524971567889,-8.651937296559755,86.14416691628902,-8.653089652314039,86.14621687329044,-8.650866420086873,18.831209182739258,10.413180403792298,-51.43132963023311
-861452258086325265,86.14522584995149,-8.632526501655162,86.14372754944856,-8.634006576612306,86.14628272696085,-8.631005317139529,12.625680923461914,8.65627596771481,-37.31823955735853
-861452225085511684,86.14522251390365,-8.551168435049759,86.14472371383869,-8.55156244271181,86.14553793364175,-8.550812039738473,3.786611795425415,1.7631757993270987,51.58169348543268
-861451503086361068,86.14515032214135,-8.636106826618288,86.14462431018387,-8.636922884902647,86.14563504279118,-8.635505723074527,10.48255443572998,3.8696394311087703,-16.79323500339002
-861451383085752015,86.14513833269024,-8.575201590083976,86.14493610319424,-8.575395524303486,86.14535727728264,-8.575006426774802,1.4208428859710693,1.1440549245093956,-81.61695843954315
-861450894086341498,86.14508949456234,-8.634149826395413,86.14456911126543,-8.634672882187067,86.14557999374821,-8.633561272206038,6.747735977172852,2.73269641837032,-31.148090647970367
-861450743085517513,86.1450743096582,-8.551751369132091,86.14469538324418,-8.552173507668291,86.14545335386379,-8.55128424473917,3.6140432357788086,2.3880109400904077,7.6301072716090035
-861450631086624959,86.14506315706359,-8.662495937547051,86.14466693496279,-8.662866916333984,86.14545327906816,-8.66208875023925,3.913639545440674,2.156358196443946,-55.40336891871752
-861450612086336473,86.14506129015706,-8.633647334724959,86.14456929565218,-8.634117304553177,86.14552408437655,-8.633200165158048,3.7501323223114014,2.918201040650709,-59.795914471623725
-861450508086349675,86.14505081541452,-8.634967536391208,86.14459669647295,-8.635395039528373,86.1454672433455,-8.634561275141053,4.103496551513672,1.825565904439628,-52.23804075567325
-861450208086064387,86.14502085173109,-8.606438792514851,86.14449892759352,-8.606923123870382,86.1455098076114,-8.605950400686753,2.7912304401397705,2.655998133009529,63.04892644383849
-861450198086386686,86.14501988585495,-8.638668614198462,86.14459483865956,-8.639117218877262,86.14546535143731,-8.638200122193675,2.924712657928467,2.1518017111381185,31.52766827555188
-861450025086041203,86.14500253207562,-8.604120333617782,86.14447201161128,-8.604645352887927,86.1454828713604,-8.603644852102695,2.8926475048065186,2.5823751648339086,-43.0525048795148
-861449911086597722,86.14499113896173,-8.659772244303277,86.14452790710556,-8.660339173275773,86.14545456403476,-8.659227606887363,4.717860698699951,2.99621543656453,17.824315900336483
-861449589086082531,86.14495893176156,-8.608253100001034,86.14466645510825,-8.608534078553005,86.14522804983588,-8.607978244754074,1.7267167568206787,1.5452856887855513,46.70166418100587
-861449495085531147,86.14494957100104,-8.553114799507178,86.14362760366234,-8.554479216335965,86.14578926161512,-8.552005924943305,10.688080787658691,7.777908090377064,-70.725879158148
-861449423087019950,86.1449423165501,-8.701995052038477,86.14442200909707,-8.702616309187782,86.14548927200984,-8.701504673989122,5.956392288208008,5.124282636336318,52.901927562225495
-861449411086963532,86.14494110878644,-8.696353208129533,86.14425641700142,-8.697033104580374,86.14554831078527,-8.69561580406864,6.426163196563721,5.75105622242377,14.88704813403804
-861449256086640439,86.14492560535024,-8.664043924755939,86.1445537492107,-8.664422364806763,86.14528390024665,-8.663644227010705,2.5102291107177734,1.9865904826636636,-13.609290875263433
-861449043086531139,86.1449043478243,-8.653113956256702,86.14450325748638,-8.653589206101278,86.1453456063699,-8.652477681948085,5.946531772613525,2.3724485864831695,-6.767137183541888
-861448836087007969,86.14488369443367,-8.700796998373788,86.14453496536075,-8.701143970799864,86.14520901330334,-8.700421417741605,2.570737600326538,2.1280546792708246,-7.995800446736943
-861448499085519521,86.14484997656123,-8.551952103295982,86.14458284004935,-8.552312226955067,86.14511620577017,-8.551645297045653,3.041410207748413,1.3234219230051139,-11.027651717988252
-861448009085832174,86.14480094948848,-8.58321742219413,86.14442642656111,-8.583562029220845,86.14515648005965,-8.582895000119606,2.6623423099517822,1.8021606118595883,-66.07557440842345
-861447930086626238,86.14479304492507,-8.662623831036067,86.14449822023239,-8.663005618195962,86.1450879356801,-8.66233866105261,2.6753716468811035,1.6233982675220529,-23.751152274020537
-861447903087137503,86.14479030480595,-8.713750397729168,86.14424740835152,-8.714338279826372,86.14542711007208,-8.713226587815207,4.163119792938232,3.947600067245,26.50653005166254
-861447712086947794,86.144771227147,-8.694779493018986,86.14420095546757,-8.6953941444283,86.14535244159009,-8.694171356057282,3.320176362991333,3.13691635683844,4.186430715899606
-861447538086343896,86.14475382289962,-8.634389676979298,86.14431600812713,-8.634783779262337,86.14515849974104,-8.63403336083482,3.240539312362671,1.9965487971926446,-79.62736041885077
-861447294086433196,86.14472940435971,-8.643319617389034,86.1441709670249,-8.643672606749787,86.14523826400303,-8.64294985184151,4.918501853942871,1.8279083513484726,-82.34747088923056
-861447097086349745,86.14470970589855,-8.634974559235308,86.14434383410723,-8.635478173203307,86.14507385855369,-8.634561146887403,3.9821512699127197,2.254000133414446,-4.843186478193785
-861446601085583169,86.1446601757763,-8.558316980080377,86.1442987618024,-8.558728808124359,86.14502866836787,-8.55786733602182,2.8768539428710938,1.9616987057932784,16.515659956262393
-861446378085659934,86.14463780141631,-8.565993472295393,86.14432286217738,-8.566367615351268,86.14496859607401,-8.565672850989696,3.450326681137085,1.3866730289447373,-40.11030297020605
-861446025086129688,86.1446025835641,-8.612968850645307,86.14410227464772,-8.613478404959308,86.14508506241074,-8.61247791746479,3.0154690742492676,2.7332275160802038,-24.004214056475476
-861445517085503267,86.14455171060283,-8.55032679636963,86.14351638515465,-8.550951251363445,86.14536970590898,-8.549783660855747,15.821501731872559,6.77907765430202,-80.48484216601338
-861445175085448660,86.14451750335257,-8.544866069060046,86.1439967385676,-8.545506645523439,86.14497922377794,-8.544256160008013,9.644474029541016,2.167943579770997,36.28130779437127
-861445125086564058,86.14451258217507,-8.656405831577962,86.14402385672345,-8.656922310594968,86.14497864400522,-8.655894060821835,3.1226511001586914,2.7567060198253084,-24.214473924534623
-861445079086498030,86.14450795482428,-8.649803029423168,86.14394299396739,-8.650311356580282,86.14512249766227,-8.649199660172238,8.075008392333984,6.157286824964848,-44.364989221851175
-861444954086425776,86.14449543145948,-8.64257761466212,86.14391875376731,-8.643283708342501,86.1452103654392,-8.641671960792504,14.663798332214355,4.329410747809593,-28.84928175472208
-861444882086527021,86.14448827504948,-8.652702144388957,86.14419424588513,-8.653005609831185,86.1448120567776,-8.652366415099216,3.182835102081299,1.3053948681009255,-36.08323100174722
-861444682086040933,86.14446825327184,-8.60409338318445,86.1439383052802,-8.604645112417943,86.14500527968535,-8.603505694321747,4.08311128616333,3.6021645325527487,-4.284370654637954
-861444612085413303,86.14446126295397,-8.541330399450656,86.14427923530009,-8.541562057385823,86.14464416510796,-8.541117432489223,1.6509946584701538,0.7905218670821613,1.3322716549686686
-861444480086485408,86.1444480162112,-8.648540810963654,86.14394357737804,-8.649061286965088,86.14495455284532,-8.648060785632358,2.9943549633026123,2.8219018535660734,-43.674877558146086
-861444448086970122,86.14444486163649,-8.697012268852545,86.14394685837556,-8.697532781228299,86.14492984707252,-8.696504519180944,3.764863967895508,2.950729876107975,-30.805059012107986
-861444197085548635,86.14441970190353,-8.554863567952639,86.14390743417297,-8.555867561468927,86.14472113498398,-8.554089385915628,15.210311889648438,3.027701585246221,-6.580087110526707
-861444021085884676,86.14440217440107,-8.588467685101662,86.14391819458582,-8.589006302529878,86.14490087641012,-8.587922481831848,4.089821815490723,3.044790035183491,-13.283993369007614
-861443995086355610,86.14439955303122,-8.63556105271067,86.14406254886374,-8.63595023361598,86.14476456291366,-8.63519988579175,2.9295082092285156,2.222863517888941,31.802235774480955
-861443794085874922,86.14437947763837,-8.58749222556343,86.14403094814276,-8.58783956053067,86.14473291667245,-8.587172544821126,2.2827584743499756,1.8615438478294342,-49.406046392140496
-861443654086619704,86.14436544256978,-8.661970495257934,86.14388046601208,-8.662422221671308,86.14494774345395,-8.661560579096141,5.307531833648682,3.1999609940912013,-72.73705968804236
-861443652086537176,86.14436527883834,-8.653717648338395,86.14326678386445,-8.654783663419678,86.14540119346916,-8.652865935591047,4.658890247344971,4.228580574774769,-59.17024267727579
-861443633086524042,86.14436333614701,-8.65240425440324,86.14385727971984,-8.652783390484272,86.1448121701113,-8.651977359494362,4.140872955322266,2.1738025440214264,61.251978024576175
-861443578085944024,86.1443578830445,-8.594402452568536,86.1440835785595,-8.594700571764013,86.14464513791687,-8.594116959577283,1.7094258069992065,1.6097969958443992,-1.2269307275511343
-861443570086295989,86.14435707565548,-8.629598933897185,86.14378468042365,-8.630005955297294,86.14496426354673,-8.629172032629231,5.76794958114624,2.904399972387961,-82.31341214482339
-861443460087097277,86.14434605786856,-8.70972772157277,86.14405263171588,-8.710004629663182,86.14464247558854,-8.709448782767282,1.9765616655349731,1.6191133571982659,61.78967094689679
-861443335086259994,86.14433353077095,-8.625999432772149,86.14378654588539,-8.626478144655199,86.14482558505829,-8.625533183113447,3.3099348545074463,2.651311590166253,-57.62088333913297
-861443256086082452,86.14432566343457,-8.608245247226378,86.1438799121711,-8.608672739428817,86.14477847640318,-8.607811181464267,3.374937057495117,2.8825876718156502,42.50556788806375
-861443230087137166,86.14432305693175,-8.713716638028899,86.1439103032009,-8.714310158547349,86.14475268415798,-8.713004197077163,5.977016925811768,2.7967012392383648,-6.418225350204022
-861442685086078512,86.14426854651614,-8.607851243013684,86.14379582994684,-8.608367215113924,86.14483482004437,-8.607422253475987,3.613922119140625,2.97497355680467,-51.03803767358778
-861442516086313742,86.1442516794447,-8.631374202981496,86.14372763491556,-8.631950264537613,86.14473850767695,-8.630838652323543,5.869370937347412,3.608404317386935,-27.776725219440003
-861442366086230096,86.14423663407784,-8.623009620035411,86.14384423095844,-8.623394744426154,86.14463049232918,-8.622616575829309,2.1088085174560547,1.9140681126852785,3.7680987222460027
-861442096086762552,86.14420966999742,-8.676255227972016,86.14392927570277,-8.676560675793452,86.14449095477852,-8.6759770646417,1.8573684692382812,1.7030273712529875,-31.884177084903964
-861441912085519565,86.14419127190435,-8.551956595104024,86.14376837997487,-8.552562014024481,86.14469473135694,-8.5513671111857,7.393427848815918,3.0073565119813916,-18.63237305329029
-861441675087129371,86.14416752041258,-8.71293712797626,86.14377008024876,-8.713448949512161,86.14452831070008,-8.712448580321002,4.00242280960083,2.2374121537313956,-0.16652330329390075
-861441591086185788,86.14415918202599,-8.618578883061769,86.1437341444355,-8.619033664041773,86.14460462369242,-8.618144342536995,2.5812313556671143,2.3475883781145104,24.617323998549978
-861441466086546294,86.14414666014531,-8.65462940655945,86.14374372332996,-8.655005498154326,86.14464245285953,-8.654255050296708,3.5477476119995117,2.0731152234058774,87.57866999056219
-861441300086084643,86.14413001076421,-8.608464344636188,86.14382356785674,-8.608811470841044,86.1444693723214,-8.608116705636174,2.713270664215088,1.6949284002807004,30.49509976794566
-861440760086518710,86.14407603693729,-8.651871025071026,86.14360471947666,-8.652366586547922,86.14453141136666,-8.651366127269512,3.108473062515259,2.782122845987935,10.711495745205431
-861440566086434067,86.14405669219423,-8.643406773331842,86.14358102749831,-8.643950011020975,86.14450761343782,-8.642782886736804,4.695350170135498,3.0701731436646242,-13.738960581945593
-861440524087122586,86.14405249737499,-8.712258692573496,86.14368614618115,-8.712698921129247,86.14444438917221,-8.711726328947814,4.537231922149658,2.111233529513905,7.858767497084128
-861440365085370920,86.14403655882309,-8.537092078593277,86.14343890525713,-8.53761752511773,86.14442146819765,-8.536561481663835,5.3766584396362305,3.4888413709134634,-14.869353914622447
-861440314085466991,86.14403143592423,-8.546699179723188,86.14340583837988,-8.54711756313566,86.14461324070378,-8.546255849640847,8.718826293945312,3.7464915473889184,-74.3280847676333
-861440196087414539,86.14401968448527,-8.741453985712482,86.14364306413577,-8.741892691694373,86.14434515741308,-8.740920130925577,4.849350452423096,2.1387970743919764,6.93023339953241
-861439922086082997,86.1439922408031,-8.608299731860814,86.14371124932605,-8.608616942947299,86.14430090815337,-8.608005538541608,2.3126614093780518,1.667161869511674,23.924958570074722
-861439898086990546,86.14398986012073,-8.699054662982851,86.14352425485747,-8.699532530514196,86.14450731881102,-8.698643153943703,3.658541440963745,3.025265098142099,86.18517024365387
-861439701087426290,86.14397017694574,-8.742629000372483,86.14338957495137,-8.74314269086287,86.1444007257989,-8.742003308171029,5.677341938018799,3.9920747497463864,34.024698923687396
-861439692085493786,86.14396929994541,-8.54937861712183,86.14362914252253,-8.549728501922326,86.14430292243105,-8.549005944941198,2.603010416030884,1.8893295475555052,30.912165393136103
-861439533086237804,86.14395332235563,-8.623780480641983,86.14364713887522,-8.624061233291949,86.14429301145412,-8.623449800429325,2.688748359680176,1.4996411348070322,-52.7728137438674
-861438978085489069,86.14389788551254,-8.548906992283323,86.14348902275088,-8.549506323526781,86.14438730478092,-8.548366989401323,6.500699043273926,2.958593375444937,12.896597434783372
-861438863085424466,86.14388630399043,-8.542446633553034,86.14352036271967,-8.542950754111015,86.14427829801681,-8.542033711531696,3.518392324447632,2.1488691604294905,-6.4323195411312994
-861438393085383915,86.14383937699746,-8.538391572269365,86.14324167095647,-8.539089738080458,86.1444207160846,-8.537755819346012,10.180342674255371,3.384884478579359,51.90933779960622
-861438357085351022,86.14383571353507,-8.535102273746459,86.14360832053023,-8.53539513341917,86.14405745230827,-8.534839355202553,1.9247323274612427,1.3297820930514987,8.056104604028745
-861438134085363333,86.14381349294086,-8.536333324242024,86.143017933094,-8.536950806235254,86.14430945411965,-8.53586682892228,8.853692054748535,3.8798618504965727,-59.73519296143982
-861438021085480852,86.143802176429,-8.54808527707487,86.1431804952785,-8.548673023901962,86.14444390963624,-8.547477950290563,8.669557571411133,7.947608067498378,-31.73214000363236
-861437900086427940,86.14379009711904,-8.642794080391038,86.14346891283641,-8.643394290908029,86.1441707396196,-8.642255058006501,7.7160491943359375,1.5984750665828837,-5.611065487079455
-861437867086343348,86.14378673677436,-8.634334859681687,86.14291143384168,-8.635172350814356,86.14454019274913,-8.633615983318373,14.597814559936523,8.175971456745417,-53.43214821658984
-861437697087051708,86.14376979967331,-8.70517087168377,86.14349297346489,-8.705532204827168,86.14408273828074,-8.704837470633565,3.132957935333252,1.492151357257996,18.805532546172884
-861437644087432193,86.14376446923266,-8.743219309497634,86.14288337935075,-8.743698233145112,86.144400441801,-8.742641920399734,7.566287994384766,4.581687557508736,81.05750478307661
-861437581086408714,86.14375812907835,-8.640871489323267,86.1432171594178,-8.641477690152275,86.14425600927508,-8.640088288199433,9.145386695861816,4.135479628202592,-4.347830247702586
-861437552086317979,86.14375527534474,-8.631797925683077,86.14330600192982,-8.632394419073208,86.14417636774576,-8.63122732217587,6.683540344238281,3.4273762393207097,10.018285584243179
-861437414085457285,86.14374147703165,-8.545728561320166,86.14346243062175,-8.546033954527443,86.1440520070261,-8.545450327713834,2.169999599456787,1.6738043665751061,48.16331310656381
-861437369085533393,86.14373694024754,-8.553339393240977,86.14329012684188,-8.553839472521664,86.14407610163171,-8.552783527217484,6.797713756561279,2.010829417217199,-20.191843927575075
-861436964086806222,86.14369642086297,-8.68062224110406,86.14330891664586,-8.681032613249153,86.14406718164565,-8.680226682098004,3.1020169258117676,2.1360379673632837,20.323436056872083
-861436391085668764,86.14363918073992,-8.56687649760944,86.14333921442038,-8.567172641893514,86.14392882314283,-8.566589014590628,2.037095785140991,1.6485956860794557,-35.904311533456465
-861436333086836869,86.14363335867857,-8.683686925534566,86.14316692070032,-8.684227006509753,86.1440655461307,-8.68314323010418,5.057310581207275,3.1117718248827018,1.3939934433951295
-861436322085487969,86.14363227617787,-8.548796987614649,86.14332045722561,-8.549144988670458,86.14393805639008,-8.548422459472874,2.668137550354004,1.620493784889848,-0.5691117692920223
-861435884086633852,86.14358840985017,-8.663385299530505,86.14312113965437,-8.663921757631195,86.14407594185282,-8.662893505983506,4.611634731292725,3.2201224879941943,22.1672057116871
-861435711087098899,86.14357112805301,-8.709889987733982,86.14320984963928,-8.710726507057904,86.14399577461235,-8.708948359351863,13.190068244934082,3.1565011406979564,-8.927210837061338
-861435539086232988,86.14355397620884,-8.623298872547574,86.14305761553486,-8.623838899378315,86.144068364829,-8.622532842832621,7.9664764404296875,4.129325676461392,30.549617586347726
-861435346085765528,86.14353467551537,-8.576552898638647,86.14308151011788,-8.577033707857693,86.14397995543153,-8.576088815519348,2.5883233547210693,2.1600832330580575,5.824838911968795
-861435292086907419,86.14352927556699,-8.690741910451928,86.14313512037141,-8.691115709204176,86.1439215191965,-8.690337541111772,2.2876901626586914,2.1276014166577735,-42.755755684931934
-861435056085516888,86.14350569046758,-8.55168880482769,86.1429539926482,-8.552311690865565,86.14404879374128,-8.550950035692187,8.796347618103027,5.240984921072884,-8.96749289256925
-861434857086818099,86.14348573196881,-8.681809975709566,86.14316779220881,-8.682226909382996,86.14381367630436,-8.681448812837488,3.7859697341918945,1.565764997522919,16.817544405604266
-861434688086807648,86.1434688496322,-8.680764837079401,86.14314020735954,-8.681115830346902,86.14384234513928,-8.680448814305839,2.228069543838501,1.9881322143042104,-89.47712578521657
-861434668085741521,86.14346684548873,-8.574152186558313,86.14302655628377,-8.574728155685634,86.14395304460315,-8.573699916352183,5.119848251342773,2.268709662806146,-30.60780720230548
-861434098086255398,86.14340988362405,-8.625539875226366,86.14291582499796,-8.62625542617168,86.14384236605858,-8.625088299604151,4.754834175109863,3.0248031481321367,-6.8906880114543405
-861434001086385140,86.14340015105613,-8.638514079660059,86.14288109206237,-8.639060880683637,86.14392009147674,-8.637977029689754,2.7961761951446533,2.6791688893118137,-0.8440874890741272
-861433901087141995,86.14339012166023,-8.714199537374768,86.14315108933556,-8.714448468614478,86.14362854627367,-8.713920455505674,1.713216781616211,0.9636654822541305,-15.796645674686818
-861433882086369182,86.14338821203712,-8.63691824577967,86.14305039743171,-8.637255246113497,86.14372434438148,-8.63656046573942,2.159748077392578,1.8198994547699359,-1.0491892225590225
-861433855086617361,86.14338556392127,-8.661736133135799,86.14253205856038,-8.662560636893309,86.14402044291415,-8.66100434067934,11.193543434143066,8.767606173994013,5.2290284479445335
-861433778085819907,86.14337780108372,-8.581990776262113,86.14276981268608,-8.582644775144542,86.14397708209846,-8.581310839935972,6.353184700012207,4.713396918203226,10.368862664515643
-861433575085308671,86.1433575963301,-8.530867163739263,86.14276801228928,-8.531506169830038,86.14386282483018,-8.53028340280002,4.778309345245361,3.9679076187145914,38.53901402302427
-861433160087498522,86.14331608500456,-8.749852271172784,86.14304841301414,-8.750058769212066,86.14358216564932,-8.74961405988258,1.8623369932174683,1.0504940902690878,78.98210199678928
-861433087087112594,86.14330873591746,-8.711259404428775,86.14270332505554,-8.712143246957094,86.14419175952237,-8.710309183453582,9.336137771606445,6.368112849146923,28.577832999205818
-861432724086763284,86.14327242906957,-8.676328414547731,86.14283349205368,-8.676810270245287,86.14370405744341,-8.675837616370671,3.5590152740478516,2.295713558432559,-20.803432197524764
-861432284085285389,86.14322841298903,-8.528538933733412,86.14279723080547,-8.5289782945735,86.1436394152221,-8.52808898615828,2.534254550933838,2.20134588445515,5.800231307859205
-861431891085899367,86.14318915471108,-8.589936787881001,86.14273749802517,-8.59039452702912,86.14360790982494,-8.589505203179055,2.748931407928467,2.3537500882163167,-30.929128094088323
-861431648085789302,86.14316485186995,-8.578930267688031,86.14282739867899,-8.57928344885232,86.14350124327444,-8.578588667744395,2.2854294776916504,2.1547660621714373,-5.262112071375082
-861431392087037685,86.14313921774864,-8.70376854572756,86.14085441734608,-8.709366397174602,86.14590736053545,-8.699197319797747,71.02019500732422,30.773319420655508,-20.25327247856223
-861431041086812489,86.1431041544912,-8.681248967448166,86.14266230648505,-8.681643427104937,86.14350488340116,-8.680865228866896,3.4115655422210693,2.289178139012417,-85.57785125267173
-861430944085687767,86.1430944950483,-8.568776736794213,86.142607993416,-8.569311359058075,86.14361872624855,-8.56825529860696,4.1267170906066895,3.2390481168586183,25.824423083360692
-861430890086167535,86.14308908177563,-8.616753517325176,86.14219013239624,-8.617588778323372,86.14370633473447,-8.615838022048209,4.354783535003662,3.6682456810752453,28.88119678383008
-861430705086125285,86.14307051020636,-8.612528508488737,86.14250112048802,-8.612949864130618,86.14356824255553,-8.61206043983154,5.627747535705566,1.8484781843307414,64.73109117909297
-861430337086193908,86.14303370390876,-8.61939085462052,86.14269419995235,-8.61975523711089,86.14333999208719,-8.619004915194841,3.142488479614258,1.5015646040834203,20.077341618869617
-861429759085329076,86.14297591880806,-8.532907609108614,86.14271063353536,-8.533228070075396,86.14324399795817,-8.532616693153098,2.2343688011169434,1.3139327565547667,-15.102791401735173
-861429755086265896,86.14297552540337,-8.626589606244497,86.14255005826546,-8.627199617322232,86.1433642623434,-8.626115879628571,5.895017623901367,3.154599572582342,13.998839939421035
-861429636087010519,86.14296362332236,-8.701051967486316,86.14259592058242,-8.701448557703555,86.14332610937277,-8.70061486335215,2.9787678718566895,2.0056267331745854,-17.779286082089083
-861429056085360156,86.14290566820692,-8.536015607764236,86.14240008471754,-8.536394816048073,86.14343899082856,-8.535672072971721,5.188658237457275,1.8598107820625311,-78.48625080401573
-861428428086988275,86.14284280856724,-8.698827509580742,86.14251289444465,-8.699531853598128,86.14318659153606,-8.698142642293114,9.675832748413086,2.1780633449125353,2.079664852033408
-861428409086242065,86.14284094204038,-8.624206549561979,86.14252312393407,-8.62456065650229,86.14316895248156,-8.623865889358239,2.5343682765960693,1.8523664487446967,3.522540575435755
-861428322086653971,86.14283226377633,-8.665397163534086,86.14230526773724,-8.66589360742946,86.14340057747611,-8.66489305935585,4.0231709480285645,3.3148559074776762,88.47082945554781
-861428032085771619,86.14280320406752,-8.577161911667824,86.14260351011849,-8.577366540658454,86.14299657794479,-8.57694967734139,1.6584614515304565,1.2043987579692113,28.874413224058156
-861427922087268101,86.14279225212574,-8.726810152942988,86.1423297423904,-8.72730909559836,86.14320040684285,-8.726308666877229,3.805638074874878,2.7970417846007156,-5.4861094176017815
-861427869086311040,86.14278696149114,-8.631104098898962,86.1415092541394,-8.63406096702112,86.14397884455707,-8.628587541445288,47.9070930480957,13.641539612012066,-1.132425295913304
-861427712086038028,86.1427712698644,-8.6038028179074,86.14230898053823,-8.604283094062279,86.14320747339676,-8.603310422432319,2.643059015274048,2.281601549547768,-6.668281378895032
-861427658087308850,86.1427658586906,-8.73088505123291,86.14227142733054,-8.731392368352065,86.14325451256333,-8.730391881851713,2.6370553970336914,2.548655583537036,24.925927505653295
-861427506086251700,86.14275068459575,-8.625170097218588,86.14232602836672,-8.62558843763112,86.14319651910047,-8.62469911312703,2.9157490730285645,2.597118177623484,45.66188115056014
-861427459087245021,86.14274596834825,-8.724502169112489,86.14210618625313,-8.72497575443098,86.14308919710903,-8.723864158246197,4.262730121612549,2.4249071780293616,-33.60841100816522
-861427431085919265,86.14274319774722,-8.59192656160118,86.14214663645598,-8.592588796143025,86.14329776381521,-8.59128266511218,3.2419960498809814,3.0461305946612054,-2.754695941908763
-861427167086551256,86.14271671148049,-8.655125607134165,86.1422544251684,-8.655615885034148,86.14323727290297,-8.654532061730682,5.997739791870117,3.0395864468804192,-31.082805665511703
-861427041086672385,86.14270415536822,-8.667238575613727,86.14233234714233,-8.667615646564006,86.14309061214635,-8.666865267736982,2.268972873687744,2.1976253116151305,-20.65313575389256
-861426599087384083,86.14265998068983,-8.738408333615071,86.14212697733701,-8.738836599883332,86.14316637438618,-8.738002747411459,3.7467200756073,2.2449213054528,89.58151043103129
-861426157086926897,86.1426157353219,-8.692689772126538,86.14212254721319,-8.693170825940966,86.1431336628152,-8.69222587649766,3.2590370178222656,2.9073205789934997,64.0017925643152
-861425794086826141,86.14257940464968,-8.682614168089346,86.14209970468742,-8.683143215677834,86.14313882132417,-8.6820593646057,6.104316234588623,3.2644720093961452,30.806763708244567
-861425394087313927,86.14253949137955,-8.731392788131386,86.14218683161765,-8.731808851609937,86.14291706298408,-8.730947381366635,3.294050931930542,2.078493950441294,-1.0198301579898994
-861425244086599304,86.1425244371197,-8.659930403940695,86.14213943681847,-8.660310122109552,86.14295388237406,-8.659559713880146,3.0263664722442627,2.2236429990411644,83.35757482755554
-861424952085191047,86.14249525393669,-8.519104799028348,86.14190321509588,-8.519616858268751,86.1428858568447,-8.51881081023737,2.5151493549346924,1.7247524829704244,-83.82164715909923
-861424913085662160,86.1424913940874,-8.566216032582856,86.14213168201809,-8.56658874402976,86.14280548862246,-8.565866184282577,2.56300687789917,1.8529390502419367,40.56899102820248
-861424490086342603,86.14244900177512,-8.634260309724148,86.14198431745666,-8.634727067380437,86.14288276586433,-8.63353217586755,4.600940704345703,2.9204185726147838,6.295455416824057
-861424400085469576,86.14244009131782,-8.54695769124968,86.13964273957599,-8.55800680188713,86.14545038934908,-8.544587275617596,34.54904556274414,17.72630471484127,1.4892177800314381
-861424261085231027,86.1424261269917,-8.52310276281717,86.14195743561957,-8.523644625754422,86.14291187080997,-8.522588593381332,3.361171007156372,2.915179023665516,-6.8299771685652475
-861423579085984103,86.1423579270963,-8.598410385780795,86.14180615935106,-8.599005178252357,86.14284497509574,-8.597782436102174,4.644412994384766,3.06315771904618,-18.05297906996486
-861423573085923355,86.14235731196966,-8.59233557014001,86.1417811732539,-8.593060757192799,86.14279185126543,-8.59178247414261,7.514902114868164,3.8179375307858647,-18.383912358166565
-861423547085641342,86.1423547498208,-8.564134217021746,86.14196434443613,-8.56467201995364,86.14266602248472,-8.563532782021626,6.423090934753418,2.642503577123165,16.691401770258032
-861423528086539384,86.1423528274003,-8.65393842519058,86.141693084183,-8.654782375714117,86.14287243647972,-8.653365121187836,11.44653606414795,5.25806159643661,-36.08648011134865
-861423452086097226,86.14234524264751,-8.609722695493476,86.14171605244418,-8.610699600016806,86.1430075159297,-8.609032288721906,13.550702095031738,6.462112758528182,15.186376532931053
-861423209086515188,86.14232097249297,-8.651518891224683,86.1419190549316,-8.651921258882302,86.14278961887123,-8.651059711522501,4.070034027099609,2.727958576746421,-45.71225189161194
-861423089086835455,86.14230897812723,-8.683545541529048,86.14190242011077,-8.683920764210288,86.14271692974172,-8.68319813353686,3.150871753692627,1.8528294257320244,65.30954890871051
-861423070086521772,86.1423070833395,-8.652177273006096,86.14194683571597,-8.652615622259269,86.14264877535753,-8.651670829170516,4.776185512542725,1.7903392590194451,2.5441180113140818
-861423004087296059,86.14230040247254,-8.729605928241455,86.14201906229927,-8.72989205302919,86.142580816523,-8.729308441231503,1.8359116315841675,1.6032900147789133,23.632922230280503
-861422868086292314,86.14228682696677,-8.629231470555814,86.14193051221298,-8.629560329555158,86.14263256770691,-8.62892108770839,2.668259859085083,1.609905564440492,68.24846658757683
-861422849086060825,86.14228492440552,-8.606082586370922,86.14191443502277,-8.606477231775306,86.14264447008394,-8.60569908787654,2.4088776111602783,1.8661839960369244,-4.459268567162337
-861422716086084764,86.1422716072673,-8.608476458062514,86.1417728013491,-8.609005014257852,86.14269935464272,-8.607948994586078,4.349396228790283,3.0034771448202657,-5.655247681489988
-861422712085221239,86.14227121302018,-8.522123993024923,86.14190176345986,-8.52253339372313,86.14265965437298,-8.52161634863079,3.6539862155914307,2.204661376424944,8.212461907294976
-861422532085820759,86.14225321422143,-8.582075926625107,86.14184257841762,-8.582505217674852,86.1426568292781,-8.581699253154483,2.7105467319488525,2.5447132952493967,-59.73756468293274
-861422430087223386,86.14224300779385,-8.722338649033912,86.14176999402248,-8.72280894505096,86.14272498236011,-8.721864025513108,2.6528537273406982,2.609868900283419,45.97617918529847
-861422008087427744,86.14220087176611,-8.742774462205803,86.1416750482378,-8.743252915029771,86.14268633804862,-8.742391299063033,4.553944110870361,3.298966957285,85.68308232611598
-861421877086941621,86.14218775344351,-8.69416214851694,86.14161608413825,-8.694726137530495,86.1427113592073,-8.693503370481938,7.0267252922058105,4.978489087825919,15.324805257554763
-861421444086560854,86.14214441624365,-8.656085433773635,86.14093357882895,-8.657199225958507,86.14329265383304,-8.655059151295324,9.971301078796387,8.019054639078957,84.18182512182126
-861421425086441880,86.14214252494259,-8.644188042031141,86.14166999627413,-8.644726819016208,86.142624746592,-8.64369856308762,4.047679424285889,2.4800043196310053,-28.272241460457636
-861421339086970280,86.14213398632766,-8.69702809958728,86.14164260049198,-8.697503837284144,86.14265372628718,-8.696558886829687,3.2678141593933105,2.652130204004444,-63.87453662852281
-861421265085609506,86.14212656751877,-8.560950613209071,86.14174118767706,-8.561366402453915,86.1424991837448,-8.560504911380956,2.8363571166992188,1.872690648887633,-2.770099213544916
-861421141087087044,86.14211415138617,-8.708704458147905,86.14177697283175,-8.70903129978115,86.14245107239722,-8.708392074116324,2.331455945968628,1.8349205578369228,65.79296937115521
-861421098085956601,86.1421098684471,-8.595660189398043,86.14161086084687,-8.596171855650647,86.14281834142908,-8.595171247355347,3.2119600772857666,3.034438406549246,71.92673744861537
-861421027085871081,86.1421027125512,-8.587108141067427,86.14099750993385,-8.588060913680911,86.14301916643271,-8.586143229652615,3.9930193424224854,3.862373741574488,0.057832945410097945
-861420705086041988,86.14207058226641,-8.604198851078625,86.141746879958,-8.604588231443673,86.14239260144913,-8.603754575231042,3.3383142948150635,1.890553338040775,11.053037236206833
-861420619085623533,86.14206195129802,-8.56235339233456,86.14151607577296,-8.56328309825477,86.14258246666749,-8.561254791348818,15.723868370056152,6.632795273458632,6.525990462377476
-861420561087054930,86.14205614927033,-8.705493058301418,86.14152576185334,-8.705864809553887,86.14267751546141,-8.705114227533274,6.833266735076904,2.0401849109286205,-84.54156568693844
-861420460086481441,86.14204606676877,-8.64814416659715,86.14163986991692,-8.648810014774819,86.14245405966167,-8.64761516643745,6.931575775146484,2.534556592794127,8.410984591083864
-861420141086260043,86.14201418929865,-8.626004301079107,86.14137080983555,-8.627060299461297,86.14252147579339,-8.624670845202544,22.206344604492188,7.066672165969548,5.4027241380135616
-861419987085998168,86.1419987803671,-8.599816809789099,86.14121541059593,-8.600282887315958,86.14273194375839,-8.599309897644046,9.613021850585938,4.849276153141627,88.56460669121503
-861419930086327904,86.14199304447054,-8.632790464814178,86.14150729501301,-8.633310186787359,86.14243396393064,-8.632365276902375,6.848572731018066,2.065574674704791,52.55187999909055
-861419819086836564,86.14198195545447,-8.683656410031785,86.14153707061017,-8.684031699850477,86.14237967919146,-8.683309053935666,3.392949342727661,1.865974084710267,70.51192082781286
-861419645086160139,86.14196455003837,-8.61601398802752,86.14154403235284,-8.616338160767985,86.14247081875293,-8.615698803158924,4.015234470367432,1.7370590019021381,80.95736278307785
-861419631085823608,86.14196317527214,-8.582360801150507,86.1415895926348,-8.582755029638172,86.14229150420974,-8.582004676981889,2.9443552494049072,1.744936949641329,-36.44209550489762
-861419601086155625,86.14196013972635,-8.615562566637903,86.14143208695933,-8.616060371421435,86.14244286764786,-8.61486542047223,5.8803181648254395,3.5948263306267285,23.868295105475877
-861419317085449732,86.14193172069324,-8.544973243360566,86.14163705916602,-8.54525527306742,86.14225469194662,-8.544616074118062,3.147294044494629,1.4448771194296426,-35.08534468214073
-861419245087485897,86.14192458569238,-8.748589788807186,86.14167199592981,-8.748891403797359,86.1421775546718,-8.748280044605561,2.369150161743164,1.2736290038969973,0.05288134750040004
-861418700085580182,86.14187001736697,-8.55801822715306,86.14143377838225,-8.558505197307909,86.14227593792603,-8.557449219751478,5.565634250640869,1.9693185697593023,-24.61621928160504
-861418356085400078,86.14183561952568,-8.540007806260194,86.14119035806849,-8.54072766733719,86.14253791999211,-8.539365879455174,4.668246746063232,4.287164751854895,9.080275985255327
-861418172085257478,86.14181721505412,-8.525747842005941,86.1414504326294,-8.526116463355637,86.14218031367157,-8.52533831956223,2.386394739151001,2.1128002037410227,-13.57507598109839
-861417895086473831,86.1417895725997,-8.64738313581678,86.14124693352508,-8.647893374134322,86.14248262958648,-8.646809418164985,6.501730442047119,5.354753786087739,66.32540089627588
-861417614085445053,86.14176141676363,-8.544505396362851,86.1413003057534,-8.5450330237793,86.14219862823299,-8.544004795224945,5.4268951416015625,2.4911719210463503,-20.379505911199193
-861417482085361206,86.14174828822614,-8.536120617174145,86.14150113551128,-8.536366313462702,86.14200648569388,-8.535893837138062,1.7424019575119019,1.4304868453838469,-80.73851069131425
-861417342086281794,86.14173420860793,-8.628179422746822,86.14080775172317,-8.629726922470669,86.14249200447568,-8.626892753651383,28.855796813964844,5.996109627348704,18.499893107387646
-861417248086319917,86.1417248449098,-8.631991741679744,86.1409740121602,-8.63278235740224,86.14232185363485,-8.631337235629315,12.216312408447266,8.089519610341375,44.0818406494337
-861417185087416679,86.14171857754035,-8.74166790450667,86.14139455895283,-8.742030386618458,86.14204058338402,-8.741335622242381,2.388225793838501,1.6533541948733692,27.275480881980616
-861417168087483490,86.14171686755668,-8.74834906496055,86.1412786676972,-8.748724726662195,86.14214953665656,-8.748029845599477,4.2765374183654785,2.372386425600877,73.94395936258269
-861416900087448630,86.14169000588697,-8.744863069568227,86.13911798957923,-8.748031012684965,86.14352699831247,-8.741667754012768,8.778692245483398,8.517024222044267,49.478818265917454
-861416151085973054,86.14161518955979,-8.597305485715015,86.14124481633637,-8.597726981673913,86.14200283988413,-8.596782156944828,3.8581621646881104,2.0583011220919714,-2.8387447363313596
-861416002085699240,86.14160022665962,-8.569924023844733,86.14128702666147,-8.570254940486995,86.14193277579307,-8.569587948742502,2.1020123958587646,1.5588805652963678,31.55018481898265
-861415587086418502,86.14155874657168,-8.641850210772926,86.14130582359414,-8.642087543982283,86.14181131293479,-8.641615066954149,1.770613193511963,1.2888722174751293,52.15729848102697
-861415484085436453,86.14154840281476,-8.543645372892897,86.14110424438537,-8.544366247306398,86.14197425908554,-8.542921368696781,8.780989646911621,2.962396226000999,-9.625009578162057
-861415170085992053,86.14151701839205,-8.599205303340911,86.14087860981732,-8.599782590653666,86.1421422429314,-8.598698618767472,8.634223937988281,5.128247242099631,51.094337820091035
-861415137087198500,86.14151375368006,-8.719850019516912,86.14090024190023,-8.72053098233026,86.14227652278808,-8.719141406748852,3.7348756790161133,3.394014922134404,-60.482381143179175
-861415128086879836,86.14151281892428,-8.687983699103864,86.1409448886066,-8.688837016321294,86.1420680999197,-8.687336459307643,6.4196858406066895,4.766515765283294,-9.242702756981439
-861415060085985955,86.14150601504548,-8.598595534031935,86.14093508508624,-8.599088138090144,86.14211450867656,-8.598143097112915,6.0097761154174805,2.9516293430579226,67.034683488619
-861414871085879922,86.14148710769119,-8.587992285332787,86.1409968312191,-8.588504882087188,86.14209188733706,-8.587448774316918,5.3616719245910645,4.671952445098337,42.63803999636159
-861414693085348400,86.14146931156485,-8.534840010966926,86.1411367054555,-8.535171762450457,86.14178239521485,-8.534504771057902,1.8503448963165283,1.8451690675693844,9.775077837433983
-861414563086256774,86.14145634288623,-8.62567749538104,86.14083693100702,-8.626309961920164,86.14184757780893,-8.6248094574918,11.5173921585083,3.625891374737434,26.938041110192284
-861413645087130038,86.14136459498738,-8.713003838318183,86.14093176866999,-8.71344754540079,86.14180245563114,-8.712558221344368,2.514589309692383,2.4255849507730742,1.7337467885611058
-861413640085640948,86.14136404450011,-8.564094821825408,86.14086883985911,-8.564588387187015,86.1420761611085,-8.563476667043874,3.9057669639587402,3.2370996553079356,62.7480318819747
-861413194086635739,86.14131945404272,-8.663573995957794,86.1406485111304,-8.664281783301075,86.14196840753553,-8.662920008637078,1.0986301898956299,0.5204868270229923,-3.7028973751670806
-861413175086442554,86.14131758176944,-8.644255429147796,86.14091134802977,-8.644726371585001,86.14175375335375,-8.64378150397227,4.4124040603637695,2.421418329019685,18.041963712417253
-861413050085422048,86.14130503358662,-8.542204885568854,86.14088012401486,-8.542616144493316,86.14175045172134,-8.541782372518927,3.865072250366211,1.7960556963004266,44.70405923573895
-861412642085227222,86.1412642585372,-8.5227222983361,86.14080606073814,-8.523255127628525,86.1417043019018,-8.522171343456753,4.463096618652344,2.4144011586112217,-18.498488132642347
-861412435086731869,86.14124358813415,-8.673186997739606,86.14069964408922,-8.673725987457837,86.1417668297381,-8.672642117647111,3.947930335998535,3.61644000714816,31.519877001680427
-861412323086391247,86.14123233340565,-8.639124722526839,86.13911624956276,-8.640337896997245,86.14245843249567,-8.637919530622867,34.470550537109375,11.300004195856678,-62.86524790854003
-861412307086605834,86.14123077940963,-8.660583486728502,86.14076236319387,-8.660948308417819,86.1416048616384,-8.660114550670652,3.645928144454956,2.0916914068294044,-43.07530344285775
-861411744086276466,86.14117441914902,-8.627646685333348,86.14061104160693,-8.628532159827312,86.14184642735488,-8.626975984490445,10.705906867980957,7.198944080766818,-7.024117437000701
-861411188087712890,86.14111885258211,-8.771289091337561,86.14082002759228,-8.771505507526413,86.14143864542132,-8.770978061865044,1.8094102144241333,1.3647422569561012,49.84242818573722
-861410853086211904,86.14108536398247,-8.621190492843256,86.14050199058298,-8.621893227031393,86.14162510525189,-8.620587106164804,7.65406608581543,5.223495709538826,-11.23714276539859
-861410813086758905,86.14108137346598,-8.675890533442988,86.14061390112042,-8.67633692779975,86.14151258738802,-8.67541980915993,3.3487367630004883,2.6084320482926433,44.90327035463461
-861410768086890565,86.14107687563859,-8.689056585840289,86.14069128265605,-8.689420005392408,86.1414215020836,-8.68869741606767,3.2485220432281494,1.6789438869718556,47.62291056970097
-861410466085855853,86.14104665212852,-8.585585375720747,86.14043622957362,-8.586087948216758,86.14153129165024,-8.5850596164695,2.882891893386841,2.6999829670886126,-58.658929241316066
-861410136087022552,86.14101366359492,-8.70225528403372,86.1402629575742,-8.702808744214629,86.14158315924305,-8.70178029825967,8.936827659606934,5.878823785490676,70.93816542928809
-861409901085870021,86.1409901383071,-8.587002129119853,86.1405758945402,-8.587421184120466,86.1413620462347,-8.586587453822252,3.0154502391815186,2.126924600953663,29.38689820021198
-861409470086199089,86.14094705099947,-8.61990894905497,86.14030596477325,-8.620532086879795,86.14154152633947,-8.619364795083078,8.016489028930664,4.983459976952836,-55.62818281124175
-861409465085838259,86.14094652584883,-8.58382592782622,86.14046519050358,-8.584282335583968,86.14139176716206,-8.583392977997704,2.378049612045288,2.3313554039927635,-77.32022600235494
-861409440087068906,86.14094409002095,-8.706890671762872,86.14056960471324,-8.707280721750807,86.1412717278468,-8.706502593088688,2.849790573120117,2.27758265364884,13.115191735809448
-861409426086893144,86.14094267502796,-8.68931443727872,86.14052256817487,-8.689697734755851,86.14133705839248,-8.688919546794715,2.808048725128174,2.3120270073011495,-87.78134380374888
-861409274087422373,86.14092744575072,-8.742237377936004,86.14035459396628,-8.742891140652082,86.14139375155534,-8.741585072747503,8.101192474365234,4.39831933119478,-23.055476608587934
-861409219085345687,86.14092192755345,-8.534568703665089,86.14049085876282,-8.53500488240766,86.14136115382641,-8.534143332230007,2.3647119998931885,2.2842330635660377,-68.85326694382911
-861408884086603301,86.14088844885693,-8.66033012022041,86.14059376264586,-8.66053138616504,86.14109931881333,-8.660142240648423,2.4140217304229736,1.0682699562210463,-78.03909006071669
-861408180086416081,86.14081803997556,-8.641608134378357,86.14037887672383,-8.642059491501305,86.14127749650942,-8.641170148555076,2.9180409908294678,2.4620570926338825,48.82762197998147
-861408126087120332,86.14081266857708,-8.712033284454769,86.140370245354,-8.712475050552648,86.14124092874391,-8.711585725186458,2.455378532409668,2.2635516647883818,1.728245773680376
-861407776085247808,86.14077764189845,-8.524780857455875,86.14032745659179,-8.525254858069275,86.14119768567538,-8.524309975077278,4.066076755523682,2.6893743205138945,26.88388100563318
-861407102085888093,86.14071026204962,-8.588809352091769,86.14020979593111,-8.589254386773561,86.14113635499288,-8.588309473464818,3.5620498657226562,3.402835081897245,12.461617377615665
-861406778086311040,86.14067788269786,-8.631104011669136,86.139878807834,-8.631698617786785,86.14150764074401,-8.630336679924035,13.342534065246582,8.05164891676203,-80.9085667374376
-861406435087712003,86.1406435686535,-8.771200373266353,86.1402016222836,-8.771589043170408,86.1410452074894,-8.770839495575528,2.8900105953216553,1.6510674213327563,86.33861654596176
-861406354085206685,86.14063540007605,-8.520668535671035,86.14024530937799,-8.521088117086437,86.14100323680073,-8.520254401736153,2.9308829307556152,1.8787786596433134,17.482275764645088
-861406301086104497,86.14063016122553,-8.61044971024329,86.14022653747195,-8.610865228906283,86.14098465689052,-8.610059289966317,2.9599945545196533,1.9958877395762116,-35.83129634706064
-861406237086315782,86.14062370358569,-8.631578209601118,86.14018739423196,-8.631920562355475,86.1409737088337,-8.631225718991523,3.2736802101135254,2.1672650983238553,87.51623945535675
-861406029087135515,86.14060295965396,-8.713551547944544,86.1403412453358,-8.713780375323077,86.14084682801212,-8.713307898568736,1.5962164402008057,1.380286495545355,-52.73795161184339
-861406021086343488,86.14060212302803,-8.634348838326407,86.14004552334225,-8.634892837481715,86.14114073828657,-8.633892282295063,2.987154006958008,2.7430501698658944,63.86782186950044
-861405913086576563,86.14059139923683,-8.657656389481344,86.14034231812713,-8.657920180099595,86.14084779812484,-8.657392147244027,2.038053035736084,1.365008529580564,-39.54281490281849
-861405899086084780,86.14058998060409,-8.608478092536878,86.14019944392471,-8.608809707797302,86.14101381955277,-8.608142627413875,3.2112619876861572,1.7426045197779134,74.28909844984344
-861405749086300853,86.14057492394691,-8.63008537037014,86.14001957556646,-8.630420608282185,86.14103067982074,-8.629781203485788,7.537424564361572,1.4443960613335731,-79.78109100120366
-861405378086627909,86.14053780477512,-8.66279095518281,86.13983410834844,-8.663475861975463,86.14123827821011,-8.66208626354166,1.3120558261871338,1.158229147608653,-22.32711282035259
-861405171087329688,86.14051715237711,-8.73296888903033,86.1403029821785,-8.733168792901395,86.14072432476895,-8.732779692264495,1.3462018966674805,1.2242178174522413,76.99518939262418
-861405026086340229,86.14050261182668,-8.634022968815593,86.13984910000015,-8.63461509189939,86.14119707423058,-8.633419963481753,4.9626359939575195,3.6197287706846644,64.50722350421566
-861404613087336568,86.14046134367213,-8.733656890614155,86.14007789689417,-8.734029943216564,86.14083628872177,-8.73327956313269,2.2540335655212402,2.1251657450622665,28.117190013416593
-861404553086708127,86.1404553162029,-8.670812744498427,86.13997028560524,-8.671420045050084,86.14095316714912,-8.670336216839871,5.938202381134033,4.247472776973154,12.341017222701854
-861404525085953742,86.1404525538413,-8.595374297969459,86.14000968058305,-8.59583754767141,86.14090819110142,-8.594948203389718,2.9373769760131836,2.454435973449833,47.44241411103954
-861403994085535248,86.14039943922765,-8.553524821790939,86.14014380651992,-8.553754413196824,86.14067726775455,-8.553281920461222,1.726003646850586,1.3911491592982794,84.31527152189705
-861403858086089720,86.14038585949604,-8.608972004605763,86.13989030973636,-8.609587420189293,86.14090103931818,-8.608336910164503,3.6917171478271484,2.908971541458698,29.509286665156147
-861403415085669110,86.14034159813087,-8.5669110351351,86.13994029698358,-8.567365469694456,86.14075445343296,-8.566448391173909,2.9329938888549805,1.9981952424813956,-15.149765528326494
-861403408086228902,86.14034080328241,-8.622890230047553,86.1399952685221,-8.623253860647928,86.14072536050719,-8.622531268362808,3.2050578594207764,1.6299190933845056,46.45815208736545
-861403378086541321,86.14033788907585,-8.65413214147627,86.14009128347564,-8.65439230432024,86.14056866119961,-8.653864285638772,2.2047293186187744,1.2256863145712569,-20.796495184675436
-861403057086262844,86.14030578559287,-8.626284412289419,86.13979691870102,-8.626781629252964,86.1407797143113,-8.62575335379438,5.004610061645508,2.914037662043361,-57.771417401488556
-861402729087044933,86.14027294940878,-8.704493306641114,86.13863282288351,-8.706281061562075,86.14189047064806,-8.702334989195604,7.996955394744873,5.489383107541121,31.428954559939186
-861402511087012387,86.14025118604671,-8.701238744810949,86.13953329892317,-8.702141929455998,86.1412743965057,-8.699946616617021,11.886137008666992,10.90052182392876,14.793720803471649
-861402487085694774,86.14024870632717,-8.569477467650113,86.13979847740882,-8.56992097725918,86.14069694118963,-8.569059410297186,3.1095900535583496,2.156292459357282,-51.003854053722726
-861402226085326445,86.1402226940077,-8.532644527900194,86.13976159072836,-8.53311564723983,86.14065992457392,-8.532170748382292,2.959510326385498,2.481544551897432,33.47904783937103
-861402218086375849,86.14022181207834,-8.637584934030308,86.13976288009258,-8.638031486428147,86.14074576258618,-8.637114320950781,4.826563835144043,2.5676391993970684,52.90693404244908
-861402187087219176,86.1402187946132,-8.721917686769206,86.13988727682157,-8.72222448496705,86.14053330858793,-8.721613048497325,2.67923641204834,1.4378426153697776,49.33227864813503
-861401824087373218,86.1401824836211,-8.737321837707748,86.1398230368386,-8.737724155694051,86.14055333208616,-8.736973790052728,3.484252691268921,1.6734703364413757,37.59061551619223
-861401803086062558,86.14018034149524,-8.606255812205738,86.13975114820144,-8.606809553356499,86.14067773399043,-8.605836861481555,5.039968490600586,2.0943702873479033,-33.662643555674414
-861401691085232120,86.14016919084591,-8.523212005338062,86.13973842806307,-8.523643441802015,86.1405805933587,-8.5227541271469,2.9352898597717285,2.2611365660191134,-23.293211097004935
-861401551086714746,86.14015517020974,-8.671474652277317,86.1392676501465,-8.672197767412023,86.140868466931,-8.670669178582537,5.936807155609131,5.47459573894967,-33.529771878004375
-861401517087466207,86.14015173707048,-8.74662072826214,86.13970589808247,-8.747418352740754,86.1405201748433,-8.746001293082685,10.64871597290039,2.9539910467548114,-8.076591576093847
-861401178087712622,86.14011782779691,-8.771262242013426,86.13983632069481,-8.771533823296878,86.14039874032807,-8.770978569790929,1.465332269668579,1.3728956497762335,-7.501744856813335
-861401166086272575,86.14011666625645,-8.627257556239028,86.13968407287757,-8.627809352196062,86.14069489343078,-8.62664217460504,4.15022087097168,2.651483653837564,31.750268045694312
-861400969086798652,86.14009690445529,-8.679865246709076,86.13974071619486,-8.680280785473144,86.14049897188248,-8.679474847413887,2.8460853099823,2.075551103923972,16.161664238661526
-861400951086034478,86.14009515935102,-8.603447877258622,86.13966836450054,-8.60394842584686,86.14059494315325,-8.602975733758912,3.6338272094726562,2.549226512404541,29.202261997893565
-861400748086245450,86.14007488183572,-8.624545007954296,86.13943256955973,-8.625114850129314,86.14052772576973,-8.62405873815352,4.605600357055664,3.401531927877278,-40.372518234005305
-861400326086978452,86.14003269029867,-8.697845203493465,86.13953465216844,-8.698474920411604,86.14048948678587,-8.697363330191632,3.2899794578552246,2.721168920583598,-24.45703795934797
-861400118086757120,86.14001180215702,-8.675712013996433,86.13932156028199,-8.676364268168056,86.14066960681711,-8.675030252558248,1.168915867805481,1.113312159911958,39.45311672145897
-861399982085812044,86.13999826139306,-8.581204483575162,86.13939919182191,-8.581781923380923,86.14055030610054,-8.580531339511829,10.112544059753418,2.1706878064810913,37.632241856204104
-861399189085544411,86.13991895173265,-8.554441143289548,86.13966579945779,-8.55467081407681,86.1401711713998,-8.55419833511373,1.7101722955703735,1.3473643919479668,-60.11579481495906
-861399096087005456,86.13990965406452,-8.7005456000516,86.13958936919227,-8.700946980295749,86.1402633925222,-8.70019664147024,3.315042018890381,1.9478101397437346,14.881562470797663
-861399044085287029,86.13990444508684,-8.52870298676187,86.13959502387891,-8.528976554802602,86.1402126704974,-8.528420685865411,2.082702875137329,1.457051814698166,74.80602159001018
-861398904085852291,86.1398904837521,-8.585229113145626,86.13936890164709,-8.585754026218648,86.14037968308558,-8.584725734919962,3.076272964477539,2.8494789176360147,9.692922001281357
-861398892087092638,86.1398892526851,-8.70926382231356,86.13916332623889,-8.709752413119727,86.14034310043009,-8.708835146098739,4.441076755523682,2.7157689797716476,73.91014161749055
-861398869086913770,86.13988694355,-8.691377041034007,86.13950989888755,-8.691752699860512,86.14026819132272,-8.69097453918158,2.316985845565796,2.1214743292389717,2.6862120057581627
-861398841086475948,86.13988417297391,-8.64759484412875,86.13956095679595,-8.648086627006142,86.14017859167375,-8.647141873250073,4.8983612060546875,1.4141899919014003,-7.638046376233648
-861398277087582904,86.13982777603847,-8.758290497981672,86.13935143025395,-8.758728601666913,86.14030747859812,-8.757840225241907,3.3567888736724854,2.51008976014985,-69.24171231486389
-861398067085756307,86.13980679985725,-8.575630791966953,86.1394861736459,-8.575948419746377,86.14013197274694,-8.575364757709034,2.548513412475586,1.529155342124416,67.19770739871589
-861398046087630425,86.13980465571234,-8.763042578634245,86.13924149739688,-8.763589585278945,86.14033821983604,-8.762451286435185,6.3013129234313965,5.721803904270936,29.065890176062442
-861398046085906357,86.13980464852828,-8.590635721959877,86.13950642355282,-8.59092050430577,86.14009606270346,-8.590336871153825,2.2152299880981445,1.4158433257740861,54.899611913308924
-861398018085838570,86.13980183560514,-8.583857081462556,86.13936958590189,-8.584281772795077,86.14029617445452,-8.583420190200153,3.1404049396514893,2.349196695881768,-75.00725819122079
-861398012085432246,86.13980128482758,-8.543224689581354,86.13941895734285,-8.543615334099107,86.14017694198851,-8.542809394124872,2.350090265274048,1.9160993508461641,10.240739242952086
-861397893086472667,86.13978935136525,-8.647266756084768,86.13950486520582,-8.647614367044573,86.1400945479313,-8.646947402018105,2.356400966644287,1.8217187292621424,28.25204881244163
-861397681087551526,86.13976819774051,-8.75515265666784,86.13951845445845,-8.755506629928371,86.1399684748833,-8.754867987520282,2.4130940437316895,0.6068795569362709,-4.1703355018376245
-861397639086997983,86.13976391086564,-8.699798339146755,86.1385508016792,-8.702836258812175,86.14107733018444,-8.698001691228134,44.487449645996094,17.111994821677794,24.242176539393792
-861397506085494265,86.13975062782778,-8.549426518013638,86.13933144328158,-8.549837528658172,86.14020178385513,-8.549003753097544,3.5565366744995117,2.5602747754313016,52.02581373086164
-861397320085628928,86.13973203082342,-8.562892855083405,86.13879080760724,-8.56353206373725,86.14055981436586,-8.562197827995417,8.8762788772583,4.102145282893604,-67.21969454608319
-861397252087368849,86.13972523642272,-8.736884900368294,86.13940172014836,-8.737223917004382,86.14007583604025,-8.736529134290906,2.4877521991729736,1.9612637233519754,23.033684994343858
-861397240085290723,86.13972404772439,-8.529072363237306,86.13928593913305,-8.529504314840548,86.14018430698002,-8.528642747845383,3.159573793411255,2.4251743599112845,-57.08481900394967
-861397152086263885,86.139715252272,-8.626388593136102,86.13920684756478,-8.626864671140689,86.14021776611946,-8.62589193461649,2.9285101890563965,2.517617395797044,53.320853075559235
-861397039085992622,86.13970395453363,-8.599262209820521,86.13930534833719,-8.599753788278546,86.14014763613028,-8.59878113883473,4.25478458404541,2.676512322068004,18.40795425385337
-861397026086209140,86.13970267162486,-8.62091403596181,86.13935016290085,-8.621447975661868,86.14005202427819,-8.620475399361142,5.5952019691467285,1.9782638361063445,9.096693572795532
-861396856086753083,86.13968562385575,-8.675308395562482,86.1392373659789,-8.675780710086817,86.14022032940717,-8.674835767034391,3.0818769931793213,2.90196482912297,-53.061201191063816
-861396582086979780,86.13965826905249,-8.697978029658346,86.139422061274,-8.698224631585807,86.13992760767697,-8.69772437591509,1.7154359817504883,1.3924217353346446,-48.9233062162987
-861396523085986135,86.13965236462181,-8.598613559625964,86.13916527594407,-8.599198266793529,86.14020411260925,-8.598031072809997,7.622133731842041,2.416403641163618,-40.12335161286961
-861396306086988983,86.13963061041194,-8.698898325455907,86.13922496476482,-8.699280241409392,86.14006755856605,-8.6984742592152,3.310642719268799,2.377048838090676,57.998993613113385
-861396267087155979,86.13962676726716,-8.71559795770567,86.13930065657932,-8.716390963945269,86.13994621133277,-8.714890655387936,10.899701118469238,1.9107612894661155,-3.6623577758733377
-861396256087569809,86.1396256146272,-8.756980905121543,86.13890085468317,-8.757617632712062,86.1400820371212,-8.756173828623162,7.920719623565674,5.752163725573679,3.4253113293310076
-861395909086175409,86.13959093643398,-8.617540968755074,86.13693794772752,-8.622838481144086,86.14322602804206,-8.613057547107887,16.763813018798828,10.978688938915365,-1.690065382638504
-861395761084849042,86.13957610505938,-8.484904276033598,86.13911254101615,-8.485504471432108,86.13998258931146,-8.484392922133233,4.116589546203613,2.9108841545701982,20.154527551656575
-861395758087147351,86.13957580606105,-8.71473516192832,86.13921667214765,-8.7151965290279,86.13991873405278,-8.714279512316331,4.054814338684082,1.7971123983079633,-10.106628127534744
-861395587086546654,86.13955877973842,-8.654665478944546,86.13907962325086,-8.655142031722821,86.14006251875013,-8.65416931012311,4.003645420074463,2.9058569472832323,-45.70468572941014
-861395443085663307,86.13954436533137,-8.56633074765968,86.13923824525934,-8.566614998715888,86.13982784659355,-8.566031365344806,1.8187335729599,1.516584483310929,37.82554769573681
-861395278084844899,86.139527872516,-8.484489989074744,86.13919692650929,-8.484865514832862,86.13984249888598,-8.484142966845317,2.354170799255371,1.847223995403917,12.93238218130919
-861395265086047516,86.13952656147795,-8.604751654137631,86.1389372772951,-8.605392653727078,86.14020087935091,-8.60422534304724,5.449923515319824,3.70118393797836,56.87419342520139
-861395153086005022,86.13951535541726,-8.600502214911362,86.13893952423543,-8.600975970274227,86.14009081132151,-8.59994760525825,4.558172702789307,3.422999511958382,66.74937825571934
-861395141087109018,86.13951413524121,-8.710901839226377,86.13913445223227,-8.71139106418417,86.13994882522503,-8.710307324791653,5.359800338745117,2.423768126225014,-12.897924627260013
-861394828085737558,86.13948287121748,-8.573755828543028,86.13889739116676,-8.57433726335676,86.14002044836215,-8.573197802827805,3.0018539428710938,2.829352512214813,-47.97933394267205
-861394617087085160,86.1394617712745,-8.708516025208636,86.13924797971129,-8.708807634233827,86.13966916323913,-8.708168536638441,2.9732255935668945,0.9919311911046362,2.8422831826969888
-861394616086227258,86.13946168260763,-8.622725889170626,86.13912439889103,-8.623058923972241,86.13977023306397,-8.622391928748009,2.1145479679107666,1.8432759759402721,-3.1291518461992456
-861394519087070577,86.13945192915688,-8.707057736801334,86.13910836323798,-8.707891058894116,86.13981014900887,-8.706474051024722,10.336798667907715,1.9455042467628731,1.296159847071507
-861394503084836689,86.13945034790665,-8.48366890749017,86.13897274413205,-8.484365532262117,86.13987084505183,-8.48319841319172,4.843179702758789,2.743206581037815,6.655202347262826
-861394481087561992,86.13944817720989,-8.756199221863657,86.13898492961465,-8.756589995118878,86.13985664210435,-8.755729351658347,4.238651752471924,2.514118446410036,53.36553537409049
-861394412087285384,86.13944120096848,-8.72853847625447,86.13915312092435,-8.728807249294544,86.13971489816038,-8.728279187660782,1.7538834810256958,1.3593142479086529,70.24196829330998
-861394153085805370,86.1394153006887,-8.580537040040493,86.13872523595529,-8.581087180735855,86.13996073834726,-8.580058771863465,5.062401294708252,3.4410979004495355,61.756654074158234
-861394132086213292,86.1394132746221,-8.621329274710735,86.1390408725276,-8.621670064490825,86.13979905447053,-8.620947455858374,2.9441568851470947,2.5142110965153353,68.66945006744103
-861394024085263137,86.13940246335291,-8.526313728036309,86.13889418029338,-8.526781951549607,86.13987676077608,-8.525837007757442,2.8446614742279053,2.762268681958043,-64.22691762716005
-861393856087327464,86.13938568377942,-8.732746448515172,86.13875763833252,-8.73336285035985,86.13999354420902,-8.73216778237934,3.0677783489227295,2.95160267633312,10.561296320272751
-861393391084819948,86.1393391362627,-8.4819948893353,86.13897366288894,-8.482448791461795,86.13970333888922,-8.481448424157389,4.6333136558532715,1.7646364354769997,-10.763036276833573
-861393380085576360,86.13933807159182,-8.557636016881899,86.13901806905419,-8.557892738907928,86.13963577597002,-8.557364646009308,2.108638048171997,1.3998636155633601,-87.53808925610517
-861393228087081046,86.13932284940321,-8.708104694974923,86.1388548403573,-8.7085855046285,86.1398378869551,-8.707640562309342,4.032134056091309,2.6175983850355338,-46.34057392971326
-861393203087534049,86.13932034169693,-8.753404943511391,86.13875859744616,-8.753895644476914,86.1397989752839,-8.752951756027008,4.561598777770996,3.0328458190765253,62.78609995733245
-861393132086516399,86.13931328639767,-8.651639904425256,86.13868785449246,-8.6521141480884,86.13978312954261,-8.651141366914901,3.0439343452453613,2.67465422373971,79.03512044168471
-861393022087315572,86.13930222644197,-8.731557242420424,86.13903912013869,-8.731807093850614,86.13954471033048,-8.731306838867813,1.637938380241394,1.5746049789708843,35.38844561821939
-861392976087712083,86.1392976943958,-8.77120830893795,86.13888061492644,-8.771561948311737,86.1397242124166,-8.77078462055689,2.9211249351501465,2.183860091942943,57.883200618559584
-861392536086375324,86.13925363411606,-8.637532484187812,86.13872329932127,-8.637919881531504,86.13979055470978,-8.637169334343774,6.750439643859863,2.2063938750149594,86.29641698179051
-861391248085371656,86.1391248297821,-8.537165698518242,86.13880413625041,-8.53750388822746,86.13944982569991,-8.536836893013422,2.3087761402130127,1.547629101594737,39.13997752388298
-861390615085244944,86.13906151399732,-8.524494445101027,86.138558090928,-8.525004040895839,86.1395968123001,-8.524003512308258,3.8157782554626465,2.655357579502307,-52.97904415949719
-861390501085809206,86.1390501460949,-8.580920655780508,86.1386687747723,-8.58125358491245,86.13945499714508,-8.580586516179878,3.3710203170776367,2.0810491062888636,75.81971602104721
-861390438086530919,86.1390438403269,-8.65309199107498,86.1385746624036,-8.65350285761543,86.13947333388026,-8.652669065675495,3.2105038166046143,2.6380140532254757,-67.59602899117257
-861390364085621955,86.13903646705107,-8.562195590799567,86.13867863552888,-8.562614796538536,86.13938048967384,-8.56183666135869,2.4828672409057617,1.92394536832365,-16.940617044311043
-861390200086708224,86.13902006167162,-8.670822479324265,86.13856536441027,-8.67130821932565,86.1395763985057,-8.670335482380633,3.2176783084869385,3.206577003999488,-56.741234737375926
-861389878087267982,86.13898781423893,-8.726798275620098,86.13862016420752,-8.727195981616935,86.13935040768999,-8.726390058727565,2.3667104244232178,1.936001722106388,3.4415561069255673
-861389831086252818,86.1389831616106,-8.625281807345015,86.13828067334686,-8.626114388043248,86.13965625390495,-8.624058137860233,5.4339728355407715,3.8371788404666507,-12.20310474500293
-861389552086701216,86.13895524036064,-8.670121667906388,86.13848143480236,-8.670641503999754,86.13946435384227,-8.66964100412427,2.907693386077881,2.6759248789626313,19.427167188149845
-861389550086261447,86.13895503761428,-8.626144744747375,86.13850465856261,-8.626669835327275,86.13945929655249,-8.62553046137104,5.897861003875732,3.5420193076963833,-15.914684643193233
-861389507084846667,86.13895079004142,-8.48466679891344,86.1384386083047,-8.485143104345138,86.13947725059846,-8.484198133027196,3.7154409885406494,2.5356785315065733,71.77135639088368
-861389245085506516,86.13892453860008,-8.550651642129946,86.13831970809086,-8.551170491655254,86.13949884572905,-8.549975445941252,7.753124237060547,3.9876259692318845,-47.45876478047472
-861389208087514408,86.13892087755802,-8.751440850143577,86.13850456737447,-8.751923701249982,86.1393482377159,-8.750924157157549,5.231456279754639,2.886314198060914,-19.923487612514677
-861389202086986304,86.13892025230027,-8.698630485188968,86.137988763368,-8.699335751906498,86.13998322788206,-8.698056949597,16.417409896850586,6.668808350511043,70.39480244129786
-861388859087633024,86.13888593944482,-8.76330241978479,86.13859536024223,-8.763590192480455,86.1391577955726,-8.762979383180594,2.2136497497558594,1.5514650966020536,-8.720444535154721
-861388617087060706,86.13886173182564,-8.706070655593788,86.13851863558926,-8.70644637705922,86.13930508532262,-8.705723754929531,3.750476598739624,1.9085292701936183,54.98607895170525
-861388525087036490,86.13885256356978,-8.703649079405682,86.1382673225449,-8.704446694832804,86.13984005180787,-8.702695901113282,8.689276695251465,5.419443011928841,69.0539012632091
-861388513086809471,86.1388513178771,-8.680947107002085,86.13839144755599,-8.68164127366232,86.13934619288038,-8.680446347485287,3.6737418174743652,2.881647956169558,5.040046310624509
-861388431086295343,86.13884311483572,-8.629534373736213,86.13822197929053,-8.630225394991891,86.13954172011266,-8.628808055827273,5.208427906036377,3.392270721907928,36.46583100164088
-861388334084899040,86.13883349314268,-8.48990407074147,86.13837968896203,-8.490337416002465,86.13927793364286,-8.48942029367856,3.257535934448242,2.2043209873375984,38.66562384810471
-861388077084891178,86.13880770196303,-8.489117841299207,86.13852046556664,-8.489420654264851,86.13908181802759,-8.488753703386271,2.6962127685546875,1.5538216786633254,-2.6004845094250797
-861387932087670685,86.13879325954986,-8.767068507825872,86.13840062190371,-8.767506756428649,86.1391880125844,-8.766701621826414,3.46197509765625,2.221638533899052,52.338143823402106
-861387882087331161,86.13878822413004,-8.733116167350529,86.13811103586458,-8.733640252627454,86.13929082232305,-8.732611875094817,4.723929405212402,2.6067999954046237,61.433395110707636
-861387617086319743,86.13876175973013,-8.631974322635822,86.13824868372096,-8.632475223201256,86.13925958524399,-8.63144692939702,2.918888807296753,2.588334819328928,2.9898147252158274
-861386934087217506,86.13869347163815,-8.721750617496749,86.13839796351427,-8.722056996328046,86.13895967122419,-8.721417824584872,2.248382091522217,1.405347806788184,14.199712288415693
-861386850086052746,86.1386850400463,-8.605274604649768,86.13713922974523,-8.606503652616125,86.1400036431544,-8.604335514388358,12.286931991577148,7.789957525080754,70.39046162196365
-861386433084791283,86.13864339196995,-8.47912830170343,86.1373185695937,-8.480226482671704,86.1395079098816,-8.477864261093698,5.535775661468506,4.040793736385146,-19.733520114526517
-861386144087666936,86.13861443526645,-8.766693614756127,86.13823174993792,-8.767145754267936,86.13899107856439,-8.766257273456853,3.050067663192749,2.1626659167115454,16.605871624367982
-861386017087078058,86.13860173732009,-8.707805802620465,86.13826480391738,-8.708140596977644,86.13893888113112,-8.707473587984985,1.9203258752822876,1.7715808288892227,58.77556304557018
-861385867087063045,86.13858672848748,-8.706304543865516,86.13826556536954,-8.706640611114386,86.13891156814734,-8.706029171325099,2.5048444271087646,1.979192129323844,-82.58995052428239
-861385791085757207,86.13857915681771,-8.575720799264266,86.13808168854875,-8.576225673156694,86.13912053277542,-8.575197364141191,4.125519752502441,3.7705062033440826,-55.217854156143325
-861385756087367941,86.13857569308512,-8.736794108962906,86.1381933085446,-8.737112202318942,86.13892365789016,-8.736472942120947,2.5208489894866943,1.924186918131075,-79.38497429668502
-861385656085866386,86.13856567450651,-8.586638699134223,86.13818821143013,-8.587031096474597,86.13903058547135,-8.58628066494937,4.304706573486328,2.23192905802946,63.042374967985296
-861385394086887976,86.1385394840584,-8.688797632683235,86.13799393928046,-8.689307665584073,86.13906117498975,-8.688251566603059,3.265883445739746,3.009201318869249,39.6134039808214
-861385301084759712,86.1385301749489,-8.47597125180536,86.1380500655829,-8.476531802877426,86.13900432833273,-8.475392431128025,3.847562551498413,2.8984914522481064,-1.2806705131793714
-861385024087597513,86.13850245912191,-8.759751382805959,86.13819999371981,-8.760034891735343,86.13881861811782,-8.75945188792699,2.145629405975342,1.7341416991013001,-68.9240578524334
-861384725085326591,86.13847254666763,-8.532659181782906,86.13816047002268,-8.53297580720295,86.1388061653196,-8.532336588657568,1.729756236076355,1.648459130109634,33.22518381219815
-861384499085424886,86.13844997864219,-8.542488617558702,86.1379306469364,-8.54297581349036,86.13894135552673,-8.542030852193863,3.1434004306793213,2.8769950929556787,88.62457936361707
-861384165084958751,86.13841654120266,-8.495875185732508,86.13815172759033,-8.49611484095451,86.13865702038547,-8.495642361426272,1.7766122817993164,1.3151666786673146,81.40690633975811
-861383786087641648,86.1383786585812,-8.764164816875294,86.13794931044194,-8.764645839280021,86.1389335211975,-8.763674141783179,5.2299041748046875,3.108771426464725,42.45760448600183
-861383717087650266,86.13837172543485,-8.765026676870676,86.13800604214505,-8.765395908688355,86.13876529213783,-8.764646313307999,2.63334584236145,2.246622236732428,-63.781030846461135
-861383601085656109,86.13836016984637,-8.565610991013289,86.13760958241949,-8.566364536376723,86.13892907163269,-8.564891639726778,3.560079574584961,3.282314037001454,-25.90092333482884
-861383585084937991,86.13835858478834,-8.493799178399335,86.13792824475397,-8.494225992641335,86.1387141846771,-8.493364482004257,3.07930064201355,2.2048874522662656,-15.371338786622315
-861383519085205373,86.13835193000544,-8.520537384971167,86.13797030141765,-8.520948077529578,86.13875631088194,-8.520114343412118,2.558251142501831,2.182548775797013,-18.111537298271404
-861383511085483092,86.13835113558206,-8.548309201258284,86.13719816958616,-8.550059402701264,86.13952751725441,-8.54611377796768,35.21320343017578,12.099425056833008,2.3024984543311473
-861383382085244100,86.13833826138097,-8.524410035476722,86.13774367986113,-8.52497591660423,86.138922720376,-8.523753092733335,3.6529860496520996,3.4481749111077287,-29.282224511899884
-861383310085447576,86.1383310504365,-8.544757660908376,86.13778902814362,-8.545309058496763,86.13879968383303,-8.54425298640697,3.5078814029693604,3.101881486065921,36.58392294885878
-861383136085928958,86.13831366113597,-8.59289586863775,86.13784787716996,-8.593364258362639,86.13880251819259,-8.592391547406095,4.2571587562561035,2.675144669003476,42.71396806005789
-861382953085403953,86.13829532441457,-8.540395387315638,86.13795979140953,-8.540753446607233,86.13863354440296,-8.540030880254829,2.508539915084839,1.8119456750813991,12.64472345604783
-861382862085783298,86.13828620583902,-8.57832983518651,86.1376589220664,-8.57886436625049,86.13878204740708,-8.577836012372305,3.0183491706848145,2.91206927648445,79.84119163837184
-861382634086321471,86.13826344062657,-8.63214715515942,86.13788327998094,-8.632530470515816,86.13866954743528,-8.631752290188198,2.3153698444366455,2.1181058744972847,-3.6354705262400433
-861382609086131091,86.13826097167248,-8.613109145151927,86.13786543831415,-8.613780629438756,86.13859512666428,-8.612335818223519,9.546064376831055,1.9199615059019688,-4.495682501219493
-861382488086067461,86.13824882072757,-8.60674610332214,86.1377282554914,-8.607419625323919,86.13868275506486,-8.606113583999706,8.99743366241455,4.544336525991901,4.523460226982008
-861382294087699183,86.13822943118379,-8.769918316944194,86.13769942387471,-8.770395725746257,86.13890851145422,-8.769396365137126,4.629184246063232,3.4298627240625703,65.3903881393478
-861381990086376395,86.1381990146082,-8.637639500969055,86.13731867643902,-8.638502842319548,86.13908784731404,-8.63683526879584,15.082198143005371,6.47324193408416,55.27988309414937
-861381937084777666,86.13819371036426,-8.477766693504778,86.13757175425835,-8.478420521460748,86.13869440889243,-8.477058841165979,4.862899303436279,3.811362411989586,16.265654654560418
-861381824084818337,86.13818242072657,-8.48183379660788,86.13782222454608,-8.48222598092189,86.13855198501797,-8.481392277168498,3.0281147956848145,1.8648040663516783,-3.625561451777321
-861381737087424873,86.1381737059448,-8.742487342784004,86.13774069036722,-8.742917471679986,86.1386395696729,-8.742083681981889,2.896700143814087,2.23767256911779,-64.8736351666515
-861381690087561302,86.13816905612022,-8.756130215805864,86.1375796037907,-8.756701723177384,86.13864819553835,-8.755563405781075,7.557401180267334,4.791018820462785,26.704560003175416
-861381415087436883,86.13814157222588,-8.743688365024829,86.13765586521636,-8.744223025274035,86.13869509032723,-8.743055835924194,6.705495834350586,4.651301886829362,-20.15315386243549
-861381346085344071,86.13813468528832,-8.534407126146377,86.1375697931673,-8.534920166446348,86.13866470101047,-8.533891828240844,5.1189165115356445,3.0066092773412456,53.781966338826486
-861381049085880827,86.13810495824373,-8.588082775724835,86.13773808952799,-8.588641902073977,86.13846789097512,-8.587502642448682,6.020423412322998,1.6810169813427107,-12.086116589546053
-861380936087639700,86.13809360608478,-8.763970027047941,86.13780878368038,-8.764257232402974,86.13839930929643,-8.763674213379517,2.199559211730957,1.6570553035072095,41.38207105753782
-861380923084705118,86.13809231808355,-8.470511818747418,86.1377438985105,-8.470837092505255,86.13841755755949,-8.470170083654594,2.078141689300537,1.8417002087395637,-39.53140641024337
-861380914087522347,86.13809142236586,-8.752234726081603,86.13707167446665,-8.752757028580097,86.13932058286292,-8.751730421851535,22.197235107421875,3.7316354594320433,85.11855885006244
-861380861087162555,86.1380861904356,-8.716255582092208,86.13767028866387,-8.716751314420353,86.1385128293376,-8.715778666518256,3.3290960788726807,2.0867957136943014,-6.3243517737413075
-861380679087057278,86.13806794138135,-8.705727880788311,86.13767581074367,-8.706140413630845,86.13851841621556,-8.705334428438933,3.058877468109131,2.0502954371190683,-49.431282929115106
-861380190086687736,86.13801908241464,-8.668773676607643,86.13769531185054,-8.669140937846189,86.13834120640713,-8.668446163863155,2.2988197803497314,2.054763661860952,-8.287427099576782
-861380093085651646,86.13800936951526,-8.565164637791813,86.13760964116106,-8.565614294569698,86.13845192288797,-8.564780529452916,3.3942089080810547,2.642971232632101,53.15734584656264
-861379995087383327,86.13799959367441,-8.738332726935282,86.13749000647698,-8.738945210550924,86.13838872888296,-8.737833648757661,6.221421241760254,3.3356319543631425,-9.565458953057966
-861379899086019679,86.13798991259785,-8.601967907476688,86.13767450532863,-8.602363913161824,86.1382921057811,-8.601502487460534,4.351985931396484,1.4383101184017724,2.8054054541349456
-861379387086547751,86.13793870207262,-8.654775174381111,86.13750610459984,-8.65522449862524,86.13840473358445,-8.654307372080428,3.1837801933288574,2.6945415602561607,-24.01279231913646
-861379192086729442,86.13791926603861,-8.672944292371911,86.13718754091221,-8.673696601339403,86.13867599002785,-8.672223617775092,1.3983752727508545,1.2567951508525979,-6.183258905561316
-861379161087715474,86.13791610856269,-8.771547426370185,86.1375317246101,-8.7719237724419,86.13831910819579,-8.771146412877203,2.215611457824707,1.786645169250911,-45.294998169705984
-861379155085510036,86.13791559531323,-8.55100366418158,86.13725205335675,-8.551447701530233,86.13840320163715,-8.550447110277672,4.353639125823975,2.651231349707525,-50.9668163396322
-861379036086524202,86.13790360945322,-8.652420289246733,86.13750730969153,-8.652780028103894,86.13829363259006,-8.652029624842314,2.910741090774536,1.797836249612856,-52.82612100435572
-861378942086775649,86.13789423075517,-8.677564933351643,86.13732551826159,-8.678029748996021,86.13844891860263,-8.676973618066981,4.870354175567627,4.144103004439107,-77.19895583568788
-861378536086452799,86.13785368593415,-8.645279968733643,86.13304615406327,-8.649365736170607,86.14279093568345,-8.640416288322335,81.33350372314453,46.521005321586145,-61.28401523427428
-861378492087541775,86.13784921212564,-8.7541775415531,86.13757872748926,-8.754424272481296,86.1381129828854,-8.753924556272985,2.0724873542785645,1.3424881002756874,62.72638012833102
-861378432085434795,86.13784328723612,-8.543479565752204,86.13739641178049,-8.54391991752156,86.13829480896115,-8.543058345771902,2.411348342895508,2.3146877656338116,-56.620458893342175
-861378332086079412,86.13783320540684,-8.60794122600113,86.13755888524544,-8.608224880088123,86.13812045404839,-8.607641258706558,2.324796438217163,1.298919659853777,-32.31441145158036
-861378072085461701,86.13780720543168,-8.54617017605203,86.13733885141177,-8.546614358094699,86.13832147871321,-8.545669409717727,5.79839563369751,3.992945991625196,-61.023029399780405
-861378030087232725,86.13780305215406,-8.72327251464061,86.13637432689912,-8.72469594718082,86.13918310410602,-8.72194451736118,4.708403587341309,4.4642767629476054,-25.494704451610787
-861377812086919868,86.13778127234316,-8.691986899203641,86.13731780977837,-8.692446071910778,86.13824462562589,-8.691528931722216,3.077662944793701,2.6111007739346173,-43.14174452025202
-861377713086702688,86.13777133353125,-8.670268886165585,86.13721693464933,-8.670752010019765,86.13831225904329,-8.669779225296763,4.579609394073486,2.806556903650366,-61.115118452070085
-861377533087475606,86.13775331246498,-8.747560660739877,86.13369349179797,-8.751168875909903,86.14169860289738,-8.742581499514257,22.729856491088867,19.003102178418708,67.09536599377753
-861377514084694559,86.1377514035212,-8.469455923198499,86.1370706393216,-8.470114889368377,86.13844602151099,-8.468753078646134,3.203115701675415,3.110828013840024,32.93104834986393
-861377421085408217,86.13774215474862,-8.540821724524562,86.13751007570085,-8.541058665676697,86.1379873379658,-8.540586198769464,1.5123307704925537,1.4075672639849024,-55.110053309291224
-861377285086061577,86.1377285275226,-8.606157780769234,86.13722284830716,-8.606641620819975,86.13823366409912,-8.605585546533993,3.464935064315796,3.146269938511568,-18.32561347721985
-861376987085427857,86.13769874712402,-8.542785718688004,86.13734057179818,-8.543141999469416,86.13801432777234,-8.542419432021159,2.5076980590820312,2.0669710118647444,18.41677277544311
-861376869085226137,86.13768694358399,-8.5226137488439,86.13653714991442,-8.524003686093113,86.13889514328314,-8.521419146898321,4.399257183074951,3.8002948777580534,-28.13227324690219
-861376733086419802,86.13767331238743,-8.641980247891087,86.13478920636206,-8.644864867445737,86.14099507419915,-8.638389467361025,49.81950378417969,31.981240960408336,-47.45561257960884
-861376674087608857,86.13766745022768,-8.760885754201585,86.13735742156905,-8.761257501849963,86.13800422610302,-8.760535625233583,2.647538900375366,1.744098346471449,7.1528037898521735
-861376502085242091,86.13765028522904,-8.524209105956903,86.13695740178498,-8.524864574430941,86.13847337458279,-8.523419353299849,7.434922218322754,4.749353201122505,46.36662665345611
-861376440087556122,86.13764404626968,-8.755612228693636,86.13721394588508,-8.756174230520429,86.1381139211814,-8.755008049034956,6.603673458099365,3.9404631103506746,-2.2540374381263426
-861376429087548272,86.1376429526169,-8.754827201205826,86.13738232173617,-8.755146563230026,86.13794474197928,-8.754535752578155,2.122846841812134,1.6083112824585475,-10.79069646485061
-861376395084876318,86.13763954901077,-8.487631864243792,86.13734164070053,-8.487920071655166,86.13793111798941,-8.487336437523199,1.8455911874771118,1.4557524828532893,54.80617847175052
-861376284086902628,86.1376284841372,-8.690262885119129,86.13715018170687,-8.690751627345517,86.13818931908665,-8.689695540955677,3.5017385482788086,2.5043218020698417,45.53425455641173
-861376041086333962,86.13760418338063,-8.633396222583961,86.13726448550837,-8.63375229642866,86.13793841534442,-8.633057506131598,2.314650535583496,1.7296217612010976,-37.78600372925794
-861375992085267543,86.13759926860307,-8.526754345285584,86.13720858691295,-8.527058743389308,86.13796663696424,-8.526447242882915,2.7021236419677734,1.5963580354472056,86.26878429597281
-861375707086634837,86.13757071876938,-8.663483746664747,86.13702388479237,-8.663946451515619,86.13811915975496,-8.662918111274303,6.132915019989014,3.0204783463602043,50.453071269141105
-861375155085410535,86.13751552718237,-8.541053574274889,86.13717293524154,-8.541391923911856,86.13784671724233,-8.540724911398895,2.073777914047241,1.710913891191289,41.23159792287649
-861375103086257757,86.13751038954608,-8.625775799816623,86.13704382943668,-8.626252396518606,86.13797046978979,-8.625307476042314,2.5233824253082275,2.4328718245140974,0.5556915814980685
-861375090087510212,86.13750901112134,-8.751021279845574,86.1370711115552,-8.751368877152174,86.137942718234,-8.750674892190842,3.448861837387085,1.8065240270540825,88.47027656150314
-861375045086366261,86.13750459489685,-8.63662613166917,86.13664499324227,-8.637335808096282,86.13835796365206,-8.635668260909615,13.142982482910156,9.672783426768849,-23.29947096811219
-861374834086991087,86.13748346257367,-8.69910877798457,86.13706108023649,-8.699445738933315,86.13784752744465,-8.698750890850812,3.4206249713897705,2.1286520741663684,73.3787498967568
-861374653086960138,86.13746538824509,-8.696013872382972,86.13723127277783,-8.696306832860179,86.13770868389842,-8.695751034597011,2.0679824352264404,1.2729690564562735,17.540900049203895
-861374605085742171,86.13746059486174,-8.574217133848043,86.13704317401577,-8.574891723288651,86.1379133011792,-8.573557946177102,7.481534004211426,3.192487510077037,-5.260485799157903
-861374557086621738,86.13745579858521,-8.662173831849993,86.13691217133047,-8.662751965155579,86.13800739834534,-8.661640292415347,4.1563591957092285,3.9285550031815673,20.705826086564866
-861374550087536973,86.13745506272616,-8.753697368263946,86.1364822198796,-8.75420161066797,86.13898410679192,-8.75311957556301,16.87847328186035,5.079292026636371,80.95710869173985
-861374474085376081,86.13744746134304,-8.537608180904112,86.13720290754246,-8.53800299950588,86.13773615176385,-8.537169394437093,4.672828197479248,1.2809180483234508,-5.349183276680347
-861374270084848921,86.13742705105258,-8.484892123743554,86.13709034766259,-8.485225557281636,86.13776403080372,-8.484558546621221,2.2307815551757812,1.960806004345186,46.985476281174186
-861374226086052287,86.1374226408494,-8.605228728452845,86.13713889116165,-8.605502478790504,86.13772857841523,-8.604974397131034,2.1948020458221436,1.353697311374142,75.23967101220768
-861374072085380345,86.13740728046855,-8.53803459079378,86.13709033209085,-8.538391871213912,86.13770785756378,-8.537585999835029,3.0791373252868652,1.4912972032269165,2.4227910108605624
-861374031086743703,86.13740318581024,-8.674370301758405,86.13654058011916,-8.675196342036806,86.13822562052177,-8.673528811227884,1.4411351680755615,1.4120595952251564,-22.503117687599634
-861373894085499865,86.13738949681867,-8.549986582512362,86.13697165792968,-8.550475194706006,86.13784192091603,-8.549502526065552,3.734290838241577,2.3901687225621417,10.328642142417818
-861373804084575338,86.13738046407433,-8.45753387559469,86.13483070509605,-8.458920158268949,86.13774984051294,-8.456140887077733,10.331639289855957,7.784845046953048,71.2467630809972
-861373691086204075,86.13736915333264,-8.620407506022381,86.13581081554452,-8.621196984215846,86.13814170706746,-8.619362444460844,13.908157348632812,4.587214456141654,-79.35420896065722
-861373501086785594,86.13735017653859,-8.678559457990215,86.13698766835577,-8.678890447047868,86.13768979083385,-8.678223419933872,2.317915201187134,2.0031093026956164,74.63018006753015
-861373373085363312,86.13733733734935,-8.536331278956057,86.13689463967027,-8.536891924956475,86.13779291604475,-8.535835909168057,3.974789619445801,2.573402196241083,9.009205887913454
-861373277084710297,86.1373277395098,-8.47102977742327,86.13687312551335,-8.471642368595898,86.13788354017525,-8.47050296552987,6.28704309463501,2.4690037789383763,-30.612587971294694
-861373201085565708,86.13732019272965,-8.556570892825603,86.13682773115146,-8.55711402170219,86.13781032508106,-8.556057961448442,3.745074987411499,3.087739600709566,18.377016850781544
-861373023086029810,86.13730239482099,-8.602981089931976,86.13705578845357,-8.603224619934894,86.13753312754396,-8.602752151976572,1.5565985441207886,1.3518930857932645,41.98607681763485
-861373016086218782,86.13730169286917,-8.62187828754955,86.13665260809881,-8.62244683848947,86.1378881936836,-8.621335090251067,3.055649518966675,2.96114129276746,-30.217221404598394
-861372845087203409,86.13728457368113,-8.72034097012325,86.13665647069091,-8.72094530027396,86.13780806753624,-8.719833600739022,3.1184535026550293,2.919468308391908,-24.78983354706318
-861372813086018485,86.13728139056718,-8.601848519909195,86.13705643643891,-8.6021412968621,86.13753370054631,-8.601529941325087,3.075148582458496,1.2602936496624366,-15.581826710768537
-861372808087089305,86.13728085641279,-8.708930528315483,86.13697153244158,-8.709223182619121,86.13756134960526,-8.708639547783468,2.304586410522461,1.577966596332247,27.805421153031237
-861372797087404869,86.13727971719389,-8.740486966552693,86.13703907079557,-8.740722484109527,86.13751658117279,-8.74025001895765,1.6248390674591064,1.2574679553458246,42.33973826399088
-861372108087599237,86.13721086714581,-8.759923711639594,86.13668230753491,-8.760368776673689,86.1377226988126,-8.759424881920827,4.019118785858154,3.2952070341173365,-83.9504458859227
-861372084086149993,86.13720847353419,-8.614999341788167,86.13502871629602,-8.618558460487248,86.13878927508826,-8.610862116583512,40.89322280883789,17.708497808846253,0.055834375884570485
-861372083085716849,86.13720830089173,-8.57168490524274,86.13665116446651,-8.57230836645233,86.13783039120179,-8.57116887036163,5.635354518890381,5.316789782081678,-86.537403127006
-861372040087430059,86.13720402702738,-8.743005969962613,86.13692534460746,-8.743277963133977,86.13748712509911,-8.742722121796177,1.6345994472503662,1.548818765731776,-82.13880152908628
-861371988085623252,86.1371988820718,-8.562325262611852,86.13668419776687,-8.562780573692784,86.13766687957177,-8.561863400816472,3.000896692276001,2.5110523475948776,-74.80888237917694
-861371920086709773,86.13719203930394,-8.670977315017597,86.13699161721216,-8.671168182175867,86.13738478962179,-8.670779091400826,1.3084567785263062,1.2074737426944058,-65.76617271640046
-861371545086024660,86.13715451845093,-8.602466015584827,86.1365787162754,-8.603002487997545,86.13770180597433,-8.601779688188222,3.3096940517425537,3.228901481817145,2.9496673550809587
-861371539084771031,86.13715391839007,-8.477103169405394,86.13675750262779,-8.477531045872057,86.13754342032915,-8.47669731146989,3.0592868328094482,2.1234206768170116,32.861802091089196
-861371363084553031,86.13713635005406,-8.455303117145112,86.13660063907619,-8.455808967208336,86.13755490479343,-8.454780704072023,4.239810943603516,3.710403031902225,-76.69453378369069
-861371292087618994,86.13712922300881,-8.761899472317081,86.13668337198442,-8.762507587643212,86.13778005385717,-8.761424835646281,7.2553181648254395,4.053709228418982,48.881964692618276
-861371262086093854,86.13712628156352,-8.609385454810347,86.13682769398557,-8.609668942919972,86.13741734296734,-8.609057528285724,2.334775447845459,1.5068338940987178,47.54477851010825
-861371256086389662,86.13712563931362,-8.638966221479576,86.13664347315427,-8.639474288237661,86.1376263367563,-8.63852933757227,3.855578660964966,3.5057544831923297,-58.1269564432215
-861371249084896928,86.13712493333762,-8.489692801765296,86.13635769055163,-8.490197704727626,86.1376771489839,-8.48916924976283,8.366198539733887,4.160995118488267,73.49039491926177
-861371208086382140,86.13712083241775,-8.638214025776856,86.13686855140094,-8.638474167495657,86.13737400075252,-8.637946129859063,1.7336183786392212,1.4276869292328158,-16.396267167922534
-861370831084661341,86.13708311733717,-8.466134107536295,86.13670718889831,-8.466503310835286,86.1374930838805,-8.46566957701905,3.3973379135131836,2.843406970549985,9.451709886857842
-861370777087076225,86.13707776654923,-8.707622561094654,86.13669127282819,-8.708000939605308,86.13747769261798,-8.707222759391739,2.2407760620117188,2.0532793201060056,-61.185355646834296
-861370251085319107,86.13702511275156,-8.531910739248644,86.13672839429184,-8.532280611050009,86.13734593862817,-8.531530294428158,3.460991144180298,1.5604913036642125,8.935532024530612
-861370051087636590,86.13700516231309,-8.763659010857053,86.13657188211687,-8.764174345076583,86.13752799743241,-8.763174852537272,6.022434711456299,1.988763048325145,39.16278345608234
-861369949085262780,86.13699495088241,-8.526278098960137,86.13653480281815,-8.52669735796059,86.13743315760654,-8.525835784893193,2.4663987159729004,2.2484885182299816,76.66224888589846
-861369932085469402,86.136993253363,-8.546940271029428,86.136748430932,-8.547197118409484,86.13722568510984,-8.546696872908157,1.809301733970642,1.433562323779945,-3.971868682093251
-861369784085312781,86.13697845991878,-8.53127813770593,86.13661639547516,-8.531641697173905,86.13729010030028,-8.530863573599863,3.1143903732299805,1.8509964711029214,11.8417889074178
-861369678086688450,86.13696788062548,-8.66884506842906,86.13648710067294,-8.669307113985278,86.13741387324554,-8.66841774816399,3.3269002437591553,2.3555579814424226,73.86851313642592
-861369647084664626,86.13696472632503,-8.466462623157044,86.13659469292912,-8.46691988787291,86.13732436246981,-8.465975072408227,4.031224250793457,1.8607726488116927,12.22476511123787
-861369567085626943,86.13695677298334,-8.562694385651538,86.13665581221542,-8.562974797095121,86.13724541858942,-8.562418937516568,1.903490662574768,1.710863913624978,-80.5762836012411
-861369502084804387,86.13695023117245,-8.480438789965921,86.1366152520062,-8.480697547259508,86.13726090082385,-8.480141660928716,2.2635698318481445,1.581459887279061,89.19668305506656
-861369016086807529,86.13690161732598,-8.680752913450666,86.13636845592129,-8.68122360926385,86.13743566442598,-8.680167505426816,5.465938091278076,4.70159238295774,25.07473205792269
-861369012085302459,86.13690128412267,-8.5302459164428,86.1365607356954,-8.530586119355767,86.13723448282813,-8.529891328500225,2.6250176429748535,2.0233294803848074,36.52920222333713
-861368987085871578,86.13689878720866,-8.587157881208315,86.13142454841672,-8.601088062545188,86.14200110130848,-8.574221629243462,198.7136993408203,65.9009627662004,-0.13485259760923565
-861368785086064581,86.13687854215084,-8.606458129486677,86.13649219140503,-8.606891104133732,86.13725025046597,-8.60600182551012,3.7221174240112305,2.209509152428268,20.002106749991853
-861368648086072657,86.13686484598423,-8.607265727434955,86.13643573811265,-8.607946649353426,86.13724969136844,-8.606501791058049,8.200114250183105,3.618585102452877,4.394867002648046
-861368642086059459,86.1368642468139,-8.60594596607739,86.13638014168814,-8.606502248486892,86.13730664392294,-8.605390661201575,4.032226085662842,2.8839256213869766,2.171290402909583
-861368588086358434,86.13685886780408,-8.63584340085349,86.13636427096992,-8.636779787753378,86.13745918564334,-8.635223673442319,11.42069149017334,5.551382933456119,-8.426894944709963
-861368447085297534,86.13684479850745,-8.52975346373326,86.13653295757872,-8.530224966804735,86.13715040963385,-8.529307984361298,4.575488567352295,1.4051254117490715,-11.825064774435848
-861368415084656359,86.1368415169295,-8.465635942837007,86.1364266205557,-8.466169834878485,86.13721242561355,-8.465169434986807,5.198236465454102,2.071421619614826,-15.416508295908141
-861368339085483354,86.13683398167763,-8.548335447322245,86.13615800732937,-8.548919416364463,86.13739331003076,-8.547724335100863,9.426918029785156,6.548317040096534,35.427809055315436
-861368157087067596,86.13681578520155,-8.706759619615795,86.1364107197427,-8.707139696261994,86.13719713716831,-8.706361515441849,2.3307976722717285,2.2256733708514265,-6.14236206587003
-861367974085700796,86.13679743284717,-8.570079690797117,86.1362306696459,-8.570585923392192,86.13738184302346,-8.5695297734327,8.188084602355957,3.146911474717684,-46.910071441272756
-861367912085292105,86.13679127202182,-8.52921055076112,86.13639284218142,-8.5296694294955,86.13717879208636,-8.528696804006167,4.734260559082031,1.781378047687296,-23.142989089883
-861367869086646021,86.13678699295161,-8.664602158030327,86.13643310554792,-8.664945948723194,86.13719139750681,-8.664278890571502,2.9118218421936035,1.9400598481694216,-75.27517594665105
-861367846086053158,86.13678469928304,-8.605315884728013,86.13632435344567,-8.60580778133279,86.13725082427337,-8.604640638888789,7.036529541015625,3.2634276789933936,-4.063383225017193
-861367601084811215,86.1367601472061,-8.481121544153437,86.13630605680119,-8.481558623837941,86.13720427572909,-8.48064149743148,2.8870975971221924,2.6017065936436707,-47.023256159486415
-861367449086126552,86.13674499897932,-8.612655233755097,86.13643265070358,-8.613002065902723,86.13707844826313,-8.612307288706692,2.402583599090576,1.7997520402168674,-19.373991526906284
-861367311086030399,86.13673118530879,-8.603039915724873,86.13632537326535,-8.603363301469328,86.13713974497891,-8.602723990639365,3.558823823928833,1.6006911222069764,-86.16435583977534
-861367297085731411,86.13672977212474,-8.57314117676745,86.13474071362013,-8.574586257878721,86.13808201088307,-8.571640083734222,22.04225730895996,9.542813017442617,69.2495071981553
-861367216084551154,86.1367216542218,-8.45511544945683,86.13626382501167,-8.455725475370244,86.13724603925976,-8.45444719871413,5.806888103485107,3.2530571982298175,3.7218514910219245
-861366823085475480,86.13668239041252,-8.547548072012257,86.136355002702,-8.548002565886717,86.13702863230026,-8.547029998429275,4.998390197753906,1.659618038974633,3.423271678562629
-861366770084748503,86.13667709433632,-8.474850307481105,86.13614096589663,-8.475364219173972,86.13720755635691,-8.474224784957807,4.44099760055542,3.9799178834762032,-27.93929590617842
-861366727086301428,86.13667274833075,-8.6301428316727,86.13588976720126,-8.630891012141923,86.13754658837287,-8.629362378266759,3.12864089012146,1.6971156523444022,-74.31862430462506
-861366565084701386,86.13665655043343,-8.47013862008103,86.13617143050271,-8.47053083023468,86.1370416134152,-8.469752606759917,3.152886390686035,2.398049592431755,-48.440448310529064
-861366436085267900,86.13664362352262,-8.526790095896304,86.13636593607957,-8.527113744534311,86.13689926669811,-8.526474581711156,2.7175698280334473,1.2097515166606099,-16.840347889991055
-861366404086634510,86.1366404136832,-8.663451028746717,86.13640556908423,-8.663695803605306,86.1368829826609,-8.663223335431688,1.5856175422668457,1.4951845879643433,39.48277691680639
-861366388085263361,86.13663887150018,-8.52633615622636,86.13625386546461,-8.526752694233544,86.13701180982488,-8.525946748749416,3.163168430328369,2.1389506830610845,-31.79420978810151
-861366229084864735,86.13662292693095,-8.486473565376244,86.13607855523317,-8.486975212480928,86.13711715199743,-8.485946902124264,3.4301788806915283,2.704592051819142,44.54766306674808
-861366090086308055,86.13660904514944,-8.63080558103074,86.13642292992458,-8.631029500485226,86.13678793546923,-8.630584868550988,1.7098673582077026,1.0410800273716623,-0.4670363884108235
-861366020084921732,86.13660208204274,-8.492173265808077,86.13593514039324,-8.492864093255163,86.1371702025326,-8.491557904275039,3.136240005493164,3.0236480273878135,-0.9055207424295573
-861365846086511945,86.13658461696939,-8.651194594493854,86.13573808358444,-8.652057357880755,86.13742300376282,-8.6503620447639,1.4727423191070557,1.388049543693799,-19.029317451593155
-861365648086269464,86.1365648598889,-8.626946401999403,86.13625647132476,-8.627279602358588,86.1369023073958,-8.626612602506325,2.1262035369873047,1.6953865140404365,-27.030829659382658
-861365296085539641,86.13652968767437,-8.55396416618621,86.13604254198589,-8.55441917239789,86.13699714042166,-8.553557567975593,2.697843074798584,2.3123894769630002,61.66727122352703
-861365156084770952,86.13651562980164,-8.477095258888857,86.13611152113367,-8.477419587181934,86.1368694563972,-8.47678030924052,2.767146348953247,1.6970465619814652,-62.043944850024594
-861364933086636917,86.1364933743839,-8.663691727042226,86.1360683499778,-8.664112479089274,86.13691085949229,-8.663306488776529,3.2408063411712646,2.7285507121937,-46.90194055414503
-861364905084837701,86.13649055439943,-8.483770164981914,86.13585531256301,-8.484225157264124,86.13697818519684,-8.483252358098209,5.113467216491699,2.592497303958747,-63.689141476671814
-861364599084726863,86.13645995159513,-8.47268635017761,86.1359735420882,-8.473169658328386,86.13695596282795,-8.47219693297925,3.3395237922668457,2.7688047182646165,-48.80102241013492
-861364378085499231,86.13643786118129,-8.549923180686852,86.13604468774884,-8.550335780230846,86.13683076790016,-8.549529819042624,2.311035394668579,2.2021044622842427,36.176409290876684
-861364336085600497,86.13643365524858,-8.560049712328652,86.13589890880432,-8.560558016470534,86.13699388517662,-8.559529672736106,3.549381732940674,3.159710985215874,71.61043199902508
-861364202086477819,86.13642026368446,-8.647781931486609,86.135852145589,-8.648307155478173,86.13694734292173,-8.647223256654943,5.821285247802734,3.298080702274424,-39.42787291549118
-861363939086335543,86.13639393131082,-8.633554324286536,86.13600013542003,-8.633973910615554,86.1367863722236,-8.633140171661267,2.6265273094177246,2.097900394038762,9.110453649184333
-861363935086179889,86.1363935390861,-8.617988930274242,86.1361207446977,-8.618279582139289,86.13668232594574,-8.617695958783356,2.243673324584961,1.4451813438054817,-37.84103525681355
-861363904086036815,86.13639040027068,-8.603681560694062,86.13573549962592,-8.604696680945503,86.13725141279042,-8.60255701455278,15.775009155273438,8.809157356151161,-13.190716342473152
-861363852085242069,86.13638523053147,-8.524206952492726,86.13572156021503,-8.524947048108311,86.1368161527776,-8.52339093098879,12.775345802307129,3.3462434768821177,-29.5003920455076
-861363734086047387,86.13637343715477,-8.604738734896895,86.1358750484626,-8.605140914747738,86.13685786647044,-8.604279294338372,5.440014839172363,4.377896675991141,84.29368345342802
-861363635086349827,86.13636352763206,-8.634982766874273,86.13597124016941,-8.635307198552411,86.13672947263682,-8.634640139070267,3.225088357925415,1.619766101574712,63.37601880367744
-861363451086597869,86.13634518469686,-8.659786942465537,86.13587382768594,-8.6603624733805,86.13680045861511,-8.659250886731671,4.751370429992676,2.7836041228299737,-15.477393839027584
-861363034085318341,86.13630345042645,-8.531834162610654,86.13582970395105,-8.53230811096775,86.13681224624185,-8.53127982662888,3.0858917236328125,2.5718992971013517,35.65609325970503
-861362925086848534,86.13629250622859,-8.68485349083944,86.13597272830393,-8.68513977988782,86.13661870580486,-8.684556112905785,2.776179552078247,1.4064229120761238,-49.14903815164158
-861362763085352071,86.13627637993801,-8.53520714010872,86.13582783748555,-8.535641378186613,86.13672621156836,-8.534779803186655,2.605315923690796,2.415571234632166,-46.07482604100702
-861362726085542496,86.13627269832502,-8.55424969804254,86.13573343504572,-8.55475240067093,86.13680033406705,-8.55377962648463,3.7277743816375732,3.07683218548686,-64.40220616912609
-861362723087185480,86.13627235276168,-8.71854804535079,86.13598286576975,-8.718833576809963,86.13657269615095,-8.718249940871882,2.072253942489624,1.7504663058613903,-26.513831803252828
-861362576085478276,86.13625761130561,-8.54782760280664,86.13565256077739,-8.548308002076107,86.13680375453721,-8.547418516647483,5.99284029006958,2.9244343916527913,-78.61541874450768
-861362235084566452,86.13622357211158,-8.456645231477093,86.13575737536661,-8.457030703045211,86.1366275267556,-8.45625247962285,2.745345115661621,2.20881641896915,-85.31442518439003
-861362061086746076,86.13620614899267,-8.674607636536436,86.13575347703988,-8.675028832548703,86.13662407897166,-8.674167272329761,2.4230401515960693,2.2628525453426285,31.740415555863294
-861361788086484023,86.13617886670458,-8.648402308332164,86.1358797830746,-8.648723564451311,86.13646947575408,-8.64808437146725,2.449207305908203,1.5918498988366334,16.39373200503819
-861361765084768404,86.13617658891008,-8.476840430836235,86.13583081215971,-8.477169414222196,86.13653257791933,-8.476530164879799,2.6685690879821777,1.5873720009909842,-74.68608283429117
-861361713085336492,86.13617135136832,-8.533649269912509,86.13568829933865,-8.534196899453809,86.13664271316813,-8.533085296567597,4.3274312019348145,2.626445056622418,25.36839028492144
-861361527087651594,86.13615278106208,-8.765159484381686,86.1355608108193,-8.765758042232424,86.13674188936788,-8.76453644356588,4.525496006011963,3.869657856031577,9.988205235995434
-861361524084513661,86.136152404425,-8.451366106328967,86.13564790538342,-8.451836323710191,86.13668645022493,-8.450891347887023,4.509860992431641,3.957517518586932,-82.91801136014632
-861361519084986196,86.13615195995345,-8.49861969045591,86.13590341275659,-8.498835884302812,86.13640872103628,-8.498391179456906,1.5701103210449219,0.9379301443889491,-89.37492536166218
-861361296084529266,86.13612965987132,-8.452926618380735,86.1355628724411,-8.453447394530311,86.13662942979938,-8.452363515921222,2.925110340118408,2.7836151248942427,-44.21190601015525
-861361088085442773,86.13610883473248,-8.544277380588689,86.13582293414798,-8.544585600397786,86.13641248134154,-8.543974184742764,2.080812454223633,1.6040728103262154,37.63773774277112
-861361070085472984,86.13610703763943,-8.547298489763188,86.13548435082288,-8.547696836588312,86.13669172118388,-8.546807321357742,7.849254608154297,2.7711870579478646,70.94906786346209
-861360821085342801,86.13608214370875,-8.5342801603708,86.13560360422882,-8.534696866811645,86.13658627064558,-8.533890802552252,3.7212040424346924,2.059970443793423,-87.8081067346877
-861360673086601947,86.13606738480442,-8.66019470782552,86.13559261433275,-8.660667905721237,86.13657551474077,-8.659695175612201,3.411503314971924,2.3281204063187793,47.70751720591272
-861360595085717013,86.13605954044763,-8.571701338727632,86.135639853641,-8.572113219050472,86.13648211550648,-8.571223894545893,4.092831611633301,2.5981122407304897,-31.185030048039135
-861360536087093038,86.13605368306462,-8.70930382439229,86.13514510172051,-8.710528444276074,86.13705483440043,-8.70836080116997,14.088855743408203,9.760634072768172,-33.72660684729135
-861360524086008226,86.13605247940671,-8.600822671826277,86.13576466014842,-8.60111289483131,86.13632623049718,-8.60055704840521,1.7925430536270142,1.5692849606235526,-42.97209455362722
-861360397086546072,86.13603971403636,-8.654607295149184,86.13559556650137,-8.6550568429405,86.1365223024415,-8.654167474573349,3.0025501251220703,2.485583755960626,-80.98616692049842
-861360163084553143,86.13601636316059,-8.455314366113681,86.13550535771526,-8.45572506935663,86.13645972399503,-8.454891246724884,3.158360481262207,2.5590520505925554,83.1062870392467
-861359885085424764,86.13598857504012,-8.542476449356137,86.13551500689115,-8.542918959930672,86.13644145669409,-8.542001814126879,2.9231772422790527,2.5636016778100896,-40.53406217319081
-861359746084443919,86.13597461579782,-8.444391979633458,86.13567960400097,-8.44466949050911,86.13626902696889,-8.444113633589572,1.987952709197998,1.5765380848659032,-57.358639004936215
-861359628084861059,86.1359628683381,-8.486105904135126,86.13557314570535,-8.48653039229031,86.13638717893897,-8.485724418076154,3.447965383529663,2.086810086401709,37.922759180539124
-861359273085618716,86.13592738455617,-8.561871640983531,86.13564499896106,-8.562168703996898,86.13620649724501,-8.561585080091666,2.215085506439209,1.3701346245764767,31.84606043157686
-861359265085724580,86.1359265048646,-8.572458072569159,86.13527425281627,-8.57297430860713,86.13645356643957,-8.572001473758199,7.055129051208496,4.431603428253082,-87.19546226362058
-861359160087459729,86.1359160932006,-8.745972984912,86.13549052565288,-8.74641616041807,86.13633320003798,-8.745582395835457,3.1182432174682617,2.4632343761782427,30.093078252005952
-861359036087049693,86.13590366787749,-8.70496934001081,86.13554050718513,-8.705305890407226,86.13624267542531,-8.70463886163566,1.9694315195083618,1.912796530064713,83.61815659820846
-861358826086794697,86.13588268319778,-8.679469753683868,86.13546995167603,-8.6799452868062,86.13636857415952,-8.678917047262013,5.546960353851318,2.987538262430845,-25.453926956325315
-861358732085360179,86.13587326700049,-8.536017947770848,86.13557453692846,-8.536335524634353,86.1361640710199,-8.535724108785976,2.168731212615967,1.6557185082766703,-26.247769613522998
-861358249087011025,86.1358249090443,-8.70110253767417,86.13531786888105,-8.701639338108976,86.13632892979759,-8.700583262510948,3.9868698120117188,3.3436744688405153,-19.556619567225884
-861357773085233798,86.13577732432343,-8.52337988581544,86.13535662874854,-8.523752303967596,86.13622694557785,-8.523001853419364,4.707815647125244,1.5944949794554253,-52.61220219196263
-861357388086994495,86.13573881239131,-8.699449588477446,86.1353187602811,-8.700000419899748,86.13621739966314,-8.698916626762877,4.884602069854736,2.8837683426933807,-9.687892566557533
-861357190085901511,86.13571908096235,-8.590151170847582,86.13526476008991,-8.590585124585383,86.13616327648442,-8.589751324649333,4.397390365600586,1.9407507920941915,-51.353933358329044
-861357112087640156,86.13571126416372,-8.764015632846986,86.13541985775313,-8.764314013872642,86.13598227436775,-8.763730976877556,1.7734756469726562,1.4651262899639614,-27.384622211867914
-861356856087523956,86.13568564015728,-8.752395666545327,86.13420512452255,-8.752924794460792,86.13715662501001,-8.751926303307279,25.269750595092773,3.8912341173999536,85.84493015944275
-861356664084839894,86.13566644419244,-8.483989438630575,86.13515310590971,-8.484502510752947,86.13616357886217,-8.483418657587862,5.2825398445129395,2.776031208615719,-26.323150137639505
-861356511085678766,86.13565114257396,-8.567876628351035,86.13533282617661,-8.568196317765455,86.13597856101711,-8.567529316394719,2.1931850910186768,1.7135034768272703,31.835745498727796
-861356496087652970,86.13564960599363,-8.765297011430919,86.13522373642978,-8.765675066077398,86.13603920718866,-8.764897716220421,3.0372564792633057,2.4483076627078932,-45.1546020594644
-861356318085489622,86.13563185568825,-8.548962260173264,86.1353429091638,-8.54925196962071,86.13590438804648,-8.54866834547824,1.8700517416000366,1.4429525932481713,45.482293966929774
-861355991086123507,86.13559913695394,-8.61235079286494,86.13486013711709,-8.615001661083301,86.13634693468788,-8.610889804660534,33.73783874511719,6.626759929638554,-4.270326873937659
-861355952086908616,86.13559520263706,-8.690861699593647,86.13493001214121,-8.691528350318078,86.13622191097112,-8.69022212785182,5.401439666748047,5.180171399081478,-13.77104143068225
-861355888087648985,86.13558888179053,-8.764898555469,86.135139156078,-8.765369474787493,86.13612336157493,-8.764397769804393,3.556713342666626,2.994430208332024,68.7928714689941
-861355803086191483,86.13558030037548,-8.61914835231925,86.13477187858157,-8.619973875348286,86.13642857340766,-8.618306349213645,1.456540584564209,1.3883451589843132,-0.11862017320897236
-861355701086588787,86.13557012119134,-8.658878724928972,86.13514372129794,-8.659306516070712,86.13601428607518,-8.65844495396112,2.2926900386810303,2.2554789319979096,-19.823619946484385
-861355615087192682,86.13556156958727,-8.719268210342793,86.13513945113279,-8.71961108349696,86.13609454822178,-8.718916142302055,4.732645034790039,2.173225714812149,-87.87473087874002
-861355603085580935,86.13556031068121,-8.558093510042704,86.1353099038515,-8.55833519291204,86.13581527498994,-8.557862708368056,1.8926118612289429,1.3962381072265193,63.790640573066696
-861355512086386855,86.13555128855128,-8.638685541222605,86.13487358388022,-8.639195684274453,86.13605310021075,-8.638222847611923,6.744474411010742,3.7070599322303783,-47.79391017813563
-861355495084629270,86.13554953011199,-8.462927028097566,86.13499584061337,-8.463447035090041,86.13606245385346,-8.462418709229912,4.044878959655762,2.983124022854105,57.62813494407149
-861355471086901958,86.13554715909079,-8.690195810872225,86.13481799987976,-8.690889472595469,86.13622225116,-8.689499858024744,1.266442060470581,1.219241586815192,-61.467226041682544
-861355386086020664,86.13553866080876,-8.602066482194603,86.13508984116137,-8.60247381541604,86.13598838502746,-8.601640015012473,2.7764976024627686,2.114485863355609,-81.58882697599866
-861355204085026334,86.1355204414441,-8.502633495853509,86.1351991874858,-8.502974454332186,86.13584479736805,-8.502279676780951,2.0849506855010986,1.4091116009001396,-4.375422941253226
-861355035085017140,86.13550359495905,-8.501714065199218,86.13494694819032,-8.502169006418043,86.13604182949202,-8.501279550836149,5.555126667022705,2.260884761860643,-60.80139663332494
-861354966087182193,86.135496619166,-8.718219360556079,86.13511194405532,-8.718638761572878,86.13587025062162,-8.717805039376062,3.3827099800109863,2.1196034155121586,-9.232306362100118
-861354964086828068,86.13549648189446,-8.682806804655556,86.13501853710358,-8.683222846628194,86.13605773718938,-8.682333418086008,5.272935390472412,2.914756907961687,-76.35609169994032
-861354905087061312,86.13549051844377,-8.706131244508533,86.13506221130515,-8.70655570151765,86.13593289811863,-8.705721918486034,2.737492799758911,2.291676372668877,53.59487638773286
-861354691085470562,86.13546916637355,-8.547056264637593,86.1350349954954,-8.547418634527158,86.1358772759917,-8.5466681971271,4.7098212242126465,1.5202069467330999,-50.20263687334489
-861354607087080535,86.135460755302,-8.70805359718474,86.13503312838098,-8.708694608696788,86.13604416246166,-8.707555201154628,6.282445907592773,4.26711233726581,0.31072379348612367
-861354363086346326,86.13543633325301,-8.634632657088293,86.13470719764703,-8.63516791056748,86.13597095883945,-8.634139473857125,4.898618221282959,3.988536003604701,-81.27624846034156
-861354220085227917,86.1354220909833,-8.522791701090652,86.13496377408804,-8.523335493306806,86.13594629095522,-8.522307207228202,6.056333541870117,2.183744981684018,-42.30509213980383
-861354058085527531,86.1354058056765,-8.552753167525946,86.13497578219379,-8.55316857877123,86.13584612039857,-8.552334793612582,2.331012010574341,2.0804532222589702,-65.66291215668966
-861353817084660041,86.13538175783438,-8.466004109157216,86.13457296878642,-8.4665304059758,86.13617314565829,-8.46544624640664,11.332377433776855,5.260858158517021,86.0649321171295
-861353737085203861,86.13537376618673,-8.520386192155005,86.13507731370512,-8.520668697126467,86.13566683774191,-8.52008505854147,2.122666835784912,1.6946549499007897,61.61592590311296
-861353518086350568,86.13535186049002,-8.635056823537061,86.1348755191091,-8.635445625531963,86.13585842735364,-8.634611780172936,5.311976432800293,2.1935097190631967,-74.225351779801
-861353484086821143,86.13534845777546,-8.682114317404512,86.13468192682485,-8.683056182722806,86.1360578260039,-8.681249922239816,15.619010925292969,6.718819079730099,38.36391857900287
-861353447087064687,86.13534479285266,-8.706468787753487,86.13500581586234,-8.706833323858373,86.13565173911023,-8.706082992497945,2.7431395053863525,1.58701870093434,19.265133397732196
-861353126084377231,86.1353126513293,-8.437723103699302,86.1350373048317,-8.438002524236145,86.13559862032113,-8.437418903743795,1.8783526420593262,1.5388047440422092,4.855281353466795
-861353092085289477,86.13530924254178,-8.52894776483161,86.13490426589684,-8.529335336291872,86.13571838855448,-8.528529358752875,2.2420530319213867,2.011864840724059,35.94820419545272
-861352873087002618,86.13528738201802,-8.70026183052427,86.13458787878061,-8.701111495385815,86.13618870733116,-8.699416226107713,7.524374961853027,5.593319545546214,1.5290494237597938
-861352861085621534,86.13528619039876,-8.562153470008347,86.13483031670992,-8.562612894408192,86.13572872188188,-8.561695761239854,2.3937013149261475,2.2449938208274975,-60.82343258129411
-861352806085907712,86.13528068936728,-8.590771254369994,86.13467462387203,-8.591334910799786,86.1357695804275,-8.590112120382255,8.573019027709961,4.8150043158782205,30.50206547580833
-861352799085891866,86.13527999745217,-8.589186641243947,86.13481587561557,-8.589751576696493,86.1357423326462,-8.588639985615796,6.30149507522583,3.6055109037927493,-27.21262270358586
-861352673087023672,86.13526732767059,-8.702367275185765,86.13486749948045,-8.702750068728774,86.13565391950434,-8.701999661851469,2.4740471839904785,2.0318924246954273,-78.33535245862387
-861352508084860433,86.13525089185086,-8.486043334553134,86.13456222418111,-8.486641269051661,86.13593776065153,-8.48547389124916,6.0493292808532715,4.852638702247573,-77.061493983129
-861352465084565275,86.1352465065088,-8.456527537795996,86.13440983726117,-8.457502834868787,86.13645877906129,-8.455446227622925,6.70998477935791,5.418967595982063,-78.61083929926988
-861352393084787277,86.13523935462094,-8.47872772871184,86.13470650568487,-8.47925231089819,86.13571702305204,-8.478279567382556,3.2904152870178223,2.8050583202071295,-73.30883388211214
-861352371086957367,86.1352371305589,-8.695736702156106,86.13475868681319,-8.696166872155006,86.13568553504152,-8.695305280670114,3.1660499572753906,2.395699849690053,-54.91603953409768
-861352356086174707,86.13523562759168,-8.61747077611047,86.13477265302058,-8.618056962214377,86.13592389029888,-8.616861920142098,8.035826683044434,4.582764948301409,-44.03175594658222
-861352168084969564,86.13521689185599,-8.496956475727895,86.13464060915797,-8.497446682446775,86.13579157321259,-8.49641830904994,4.668042182922363,2.9613626514779336,75.24156601157497
-861351873085223119,86.13518731450438,-8.522311923323546,86.13482350003626,-8.522640847678447,86.13555343485604,-8.52200157990943,2.8593645095825195,1.7946711040824017,67.22762292288226
-861351662085434232,86.13516624448042,-8.54342329827705,86.13472796376453,-8.54383516421579,86.1355702059675,-8.54302917111002,3.1270182132720947,2.8693751910224554,62.406095738815246
-861351559085748998,86.13515598055231,-8.574899891364012,86.13473929872227,-8.575557178340507,86.13560944892343,-8.574278951367402,7.982648849487305,4.201895390945499,10.753107170335998
-861351251085466195,86.13512519349007,-8.54661953788115,86.13478241474445,-8.547001749674559,86.13545615758163,-8.546251400255414,3.296680212020874,1.831908991234988,-22.535269429925417
-861351238086389169,86.1351238811692,-8.638916965637414,86.13476102092783,-8.639250926405905,86.1354630518214,-8.638556117019606,2.557060956954956,1.7556819904337024,57.78195611881506
-861351144087539294,86.13511442246853,-8.753929412084016,86.13246318333108,-8.754563658014543,86.1371293947507,-8.752954922165333,27.914518356323242,5.842661510499291,83.04126125942665
-861350775086571678,86.13507757538963,-8.657167859262325,86.13469503981948,-8.657528464668255,86.1354532841145,-8.656805848238317,1.9427299499511719,1.7949591444054742,-70.79831540392323
-861350678085712669,86.13506783039915,-8.571266934747278,86.13457283733996,-8.572613126696615,86.13631330219134,-8.570390004570097,13.285425186157227,5.863677154337716,-19.53314484790485
-861350535086799455,86.13505359360866,-8.679945544408001,86.13428970249655,-8.680556253649904,86.13611535653733,-8.679083080191726,15.282843589782715,9.818672362876192,-64.6747495262301
-861350435084686704,86.13504350367145,-8.468670481371193,86.13403820406745,-8.469696993264543,86.13605912523919,-8.46764039661189,4.197097301483154,4.146380774661567,84.89186755653492
-861350371084951747,86.13503710047111,-8.495174750609793,86.13422036923511,-8.49591885580666,86.13568004549536,-8.49447365604054,5.318185329437256,4.727283902806856,-47.91003945674092
-861350306087579693,86.13503068346841,-8.757969380006031,86.13440471902328,-8.758480956047165,86.13569813147156,-8.757370519601778,6.208555698394775,3.637832578579813,-64.06449574156562
-861350221086948502,86.13502211796684,-8.694850264616822,86.13470291846663,-8.695194487399872,86.13534885127982,-8.694499709492705,2.119960069656372,1.7814690200706917,5.916932839128971
-861350196085755842,86.13501962322447,-8.575584209654927,86.13465450312593,-8.575945945643847,86.13538450936099,-8.57525112110028,2.911118507385254,2.283448011586657,55.89549563986609
-861349815087314173,86.134981577043,-8.731417368790197,86.13437429472626,-8.731999415379665,86.13555399093627,-8.730832140675505,2.965214252471924,2.9047494595365375,-3.738264484052617
-861349460084921419,86.13494602582777,-8.492141930756297,86.13469919325104,-8.492363073669445,86.13520449152826,-8.491918367512183,1.6843849420547485,1.2631747513272715,-88.16257541949555
-861349444086306611,86.13494445332964,-8.630661118749503,86.13423180976868,-8.631389998736283,86.13563582587368,-8.629972601643605,1.280860424041748,1.166954130732151,-35.4859874535916
-861349246084962796,86.13492466589864,-8.496279639954311,86.13464084752393,-8.49655749121097,86.13520224811522,-8.495973867469383,1.8689895868301392,1.4684470686966093,-18.866766208114456
-861349204086813751,86.13492041828981,-8.681375108656276,86.13451343597615,-8.681750289460869,86.1353841397452,-8.681055390697157,4.099597930908203,2.272956898966482,-72.11927252578798
-861349075084314233,86.13490758648754,-8.431423346691528,86.13411424952858,-8.43200249746921,86.13546141800425,-8.430668473548558,12.88079833984375,3.162798509243972,-50.8796081789846
-861348946084798882,86.13489462046883,-8.479888291246418,86.13316191255213,-8.481419270196405,86.13630564305517,-8.478195423492998,4.819247722625732,4.740469198179675,-15.369582656857188
-861348549086060632,86.1348549559209,-8.606063264586147,86.13351587822211,-8.610140347632793,86.1358719229524,-8.603000276634965,52.19580078125,13.655294412239913,-4.550273571639591
-861348543087055522,86.13485438976215,-8.705552227080705,86.13455663183575,-8.705916419388268,86.13517451125229,-8.70527721125864,2.152937412261963,1.58666691449902,-45.53315452947169
-861348280086987043,86.13482809144816,-8.698704315467587,86.13416702805219,-8.699166742298296,86.13554343077104,-8.698193800056986,5.708582401275635,3.292116916144305,80.98596361692853
-861348140084714087,86.13481401978297,-8.471408704720156,86.13440147071903,-8.47180769590161,86.13529973660967,-8.471029453869,3.6469333171844482,2.250223997866899,61.343355240818916
-861348090086015629,86.13480906753279,-8.601562920436747,86.13421927515277,-8.602112336806734,86.1352862422385,-8.601028447608934,6.492816925048828,3.9005668120667916,-39.32562982848714
-861348029086149555,86.13480298648385,-8.614955518311106,86.13432446959385,-8.61541780386098,86.13536340949932,-8.61438948488259,4.290084362030029,2.7024792552192984,47.572234633716846
-861347877086971448,86.13478770503944,-8.697144892026875,86.13425215076441,-8.69761108016606,86.13529135812863,-8.696666095615026,4.215964317321777,2.779078554123463,-67.04107725935782
-861347835087257999,86.1347835377282,-8.725799907702292,86.13418059277438,-8.726416161857713,86.1354726663287,-8.7252210486288,3.526416778564453,3.0886664230763365,-37.33233362052027
-861347780085762267,86.1347780306718,-8.576226795242118,86.13448558169735,-8.576501318771506,86.13504711404482,-8.575945470643639,2.1706342697143555,1.4478240526496002,49.35389089762369
-861347739085677767,86.1347739608727,-8.567776732527522,86.13443400775121,-8.568251414503912,86.13510771265044,-8.567362176377351,4.294349193572998,1.7478609987705689,-12.098388658537015
-861347559084873045,86.13475590633726,-8.487304517496097,86.13428067418806,-8.487918716497294,86.13531920876383,-8.486779291041325,6.048868656158447,3.0028534717147655,-37.91432613078402
-861347549087430240,86.13475499192663,-8.74302401670195,86.133890472074,-8.745054857267128,86.13591236609949,-8.742109395301833,11.432209968566895,5.313004897858147,-13.804852954952635
-861347402087186741,86.13474029537534,-8.71867412792942,86.13443718535899,-8.718971636376649,86.13502701348706,-8.718387998115253,2.4068961143493652,1.2988051073898144,-41.54721625712139
-861347174087201372,86.13471745124939,-8.720137246140954,86.13432406102052,-8.720554966425661,86.13508236959184,-8.71972124283101,3.331360101699829,2.172549326409003,-10.099512540923044
-861347174085410179,86.13471743426939,-8.541017943024247,86.13239828784171,-8.542918548138637,86.13565496264914,-8.53986129139507,10.331746101379395,5.9862694518370105,72.13607359275144
-861346985086131724,86.13469859789308,-8.613172414035896,86.13429728585758,-8.613667688065878,86.13511149675432,-8.612695043084926,3.5861105918884277,2.25162998575288,3.2800117696609346
-861346859086028537,86.13468593456663,-8.602853732455197,86.13430294314593,-8.603667788159472,86.13511684920975,-8.60216737036604,10.963360786437988,3.7846344939567653,-0.2269375983240916
-861346668086144559,86.13466683768111,-8.61445595838477,86.13438077757482,-8.614750935637028,86.13497044521742,-8.614167294883144,1.8871163129806519,1.5071284151641866,44.09248841396616
-861346606087575654,86.13466065037453,-8.757565410608008,86.13415162925534,-8.758120107733312,86.13519205154074,-8.757092874729702,2.9282495975494385,2.7834640872365073,20.36045696887828
-861346365086623292,86.13463651211435,-8.662329254265956,86.13429888430045,-8.662667026068448,86.13497287429671,-8.66200000871175,2.0273220539093018,1.7364432197678554,30.936484076954596
-861346243086020772,86.13462434348517,-8.602077237255706,86.13410658809809,-8.602528999478332,86.13528601941015,-8.601611715571082,7.5035858154296875,3.4491080371159857,88.34733559399915
-861346047084990459,86.13460477507579,-8.499045915798835,86.13430232774942,-8.499307311849751,86.134891832625,-8.498751450420746,1.996280550956726,1.3433188197233414,55.878663421443214
-861346041084731947,86.13460417878993,-8.473194705513237,86.13420391376269,-8.473585300718609,86.13498986236425,-8.472834894354714,2.7025110721588135,2.0578998807442885,63.28080558103776
-861345806087020949,86.13458068161833,-8.702094963824468,86.13416514558672,-8.702471935403807,86.13497964942201,-8.701693734792027,2.5966928005218506,2.2355025092407765,73.11397490337878
-861345747085761810,86.13457476156803,-8.576181013968482,86.13423280310178,-8.576529051802469,86.13496282457582,-8.575862004026805,2.7741830348968506,1.912031161947448,47.72754732267655
-861345658084319417,86.13456582218154,-8.431941756968156,86.13405771440294,-8.432474570316165,86.13518035599436,-8.43136288318022,4.07575798034668,3.5904376065284485,-58.53300681062501
-861345609086322642,86.13456091359929,-8.632264258896488,86.13403415513632,-8.63272300333626,86.13504510527635,-8.631805808570155,3.4005625247955322,2.4750957307173427,86.45857620878552
-861345508085628306,86.13455082721582,-8.56283062546926,86.13432421117228,-8.563084624724459,86.13480148182673,-8.562584376130157,1.5432347059249878,1.4647914327686242,-20.073087045235507
-861345500085751072,86.13455008617153,-8.575107245728962,86.13395254613462,-8.575556985842535,86.13524425990816,-8.574639642790645,7.962575435638428,3.4446256822137475,73.3751221792431
-861345487084286616,86.13454875421658,-8.428661685037952,86.1341436144671,-8.429030050902352,86.13498563307206,-8.428279618388398,3.2289445400238037,2.0293507928370214,-78.07833668009906
-861345482084697641,86.13454821014307,-8.469764132382965,86.13420572010887,-8.470029695528815,86.13485134727868,-8.469473805831681,2.3171825408935547,1.4280542260752955,-73.4910946658695
-861345459085353300,86.13454596749442,-8.535330095109774,86.1340302947792,-8.535946108340303,86.13515308987817,-8.534556636982723,4.832400321960449,4.100342834644086,-4.839016603675357
-861345009085399455,86.13450099015759,-8.539945579373166,86.13422419677738,-8.540279219847577,86.13478561594803,-8.539612261545832,2.9496114253997803,1.2347451588127114,-25.852568800332442
-861344738085664349,86.1344738953436,-8.566434957681333,86.13390114879972,-8.567334740179039,86.13508011239576,-8.565750795084657,7.694884777069092,3.614888079770651,-33.65384173544632
-861344737084266842,86.13447370592458,-8.426684227892062,86.13361144403355,-8.427474536935257,86.13504262702952,-8.425751582514057,3.8276877403259277,3.4298547292623027,-14.535452844350294
-861344646085608902,86.13446467893738,-8.560890207536538,86.134184833844,-8.56116794297421,86.13474632833855,-8.56058431702703,1.8611458539962769,1.5801164296589594,-32.94273104898212
-861344635085222294,86.13446350758615,-8.522229448622427,86.13414948880433,-8.522612672238552,86.13479508497097,-8.521834559545871,3.2191579341888428,1.4549675595138034,-23.579744935193727
-861344612087192568,86.13446123827232,-8.719256874605986,86.13409966327714,-8.719610391072663,86.13480185510022,-8.718943360335357,2.42293381690979,2.2479306875377834,-59.25857080673475
-861344225085602370,86.13442251571513,-8.560237056548567,86.1340167998292,-8.560890211783846,86.13483074842274,-8.559639790475197,6.573593616485596,2.297830253076785,7.690338224899028
-861344194085732230,86.13441942395802,-8.57322308117435,86.13381309156438,-8.573695682159281,86.13485197678725,-8.572778472252812,6.352514266967773,3.54681477502929,53.193729739732
-861344082084449726,86.1344082022744,-8.444972660290532,86.13402255188494,-8.445390964140016,86.13483646448267,-8.444529434393795,2.9449563026428223,2.5006002413527444,6.745720531384087
-861344049084617238,86.13440491362994,-8.461723827874035,86.13325547898465,-8.4627799203358,86.13519222968294,-8.460945585472844,3.857106924057007,3.7383182727008433,-27.585303497155945
-861343896084335402,86.13438967946368,-8.433540237646413,86.13414091187633,-8.433779838310162,86.13464611733842,-8.433307356294856,1.8540589809417725,1.3307004179825372,-51.59316348638458
-861343838085864386,86.13438380752721,-8.586438684259921,86.13408681748777,-8.586778816450007,86.13467641174446,-8.586139620201012,2.6780450344085693,1.4921887603676014,-24.273750580325714
-861343757086854891,86.13437572461959,-8.685489164991422,86.13406163673012,-8.685805401728944,86.13467948285457,-8.685166192050888,2.597393035888672,1.5405710647030888,37.82275969561308
-861343609084909727,86.13436098168948,-8.490972742139311,86.13385742593017,-8.491446251297916,86.13489604352205,-8.490445712484084,2.8463973999023438,2.5547186819132786,50.66232239137628
-861343385084257713,86.13433859667865,-8.425771342899152,86.13389247309438,-8.426224415700442,86.1347905713145,-8.425335065951012,2.953145742416382,2.632832853900074,-49.327666393211
-861343374085747336,86.13433745474522,-8.574733639140167,86.13378419231326,-8.575112411549744,86.1349916747619,-8.574278445122385,5.6105523109436035,2.339610242552503,70.01468230719544
-861343245086249915,86.13432454880069,-8.624991541285418,86.13384140587495,-8.625556344423693,86.13490846703307,-8.624528009362244,6.1967573165893555,5.01240214438376,87.92830515144982
-861343203085309731,86.13432036626942,-8.530973137871678,86.1339201089459,-8.531557042375944,86.13476220277887,-8.530528827257378,5.441319465637207,2.25246220718179,20.215799971738267
-861343164084500434,86.13431649130895,-8.450043445066626,86.13390763828055,-8.450640852868558,86.13469324025729,-8.449334895911095,9.04731273651123,2.840109072910358,2.732340416061986
-861343107084231134,86.1343107440146,-8.423113476519863,86.1338659027184,-8.423696643918959,86.13476384544164,-8.422529518883517,5.488336563110352,3.214584138699459,-14.267928392053928
-861342897084225341,86.13428976353796,-8.422534174242912,86.13358544460169,-8.423029968138623,86.13473612242208,-8.421890488668314,6.512228488922119,5.187151990011659,46.81689894963532
-861342608085214574,86.13426085347946,-8.52145749270784,86.13367267455786,-8.522224021835537,86.13524469424848,-8.520584315827746,10.63691520690918,9.01381797043798,-36.27415205371986
-861342401085254100,86.13424014793648,-8.525410047263984,86.1338668638656,-8.525751436961867,86.13459678797236,-8.525084389741385,2.422414779663086,1.9034143446905931,-72.87142194379334
-861341876085502254,86.13418762309102,-8.550225443743617,86.13390967232492,-8.550528984425055,86.13447113584454,-8.549917580670998,2.32838773727417,1.5120073825823044,-16.3932080135698
-861341849085295717,86.13418490796417,-8.529571703120684,86.13372428502134,-8.530223614513197,86.13456630055164,-8.529056511077574,7.4533233642578125,2.2293643613059455,28.904912309109143
-861341714084776168,86.13417140937916,-8.477616815105621,86.13389256842669,-8.477890548747308,86.13445395544498,-8.477334702284995,1.7484365701675415,1.589945113508188,-59.74701124653857
-861341451084996613,86.13414516466422,-8.499661339220332,86.13368420001675,-8.500112714963953,86.13461054178775,-8.499195566846998,2.585777997970581,2.456744093577187,45.87471242726849
-861341030087087564,86.13410308595208,-8.708756446621974,86.13365575333093,-8.709193816543255,86.13458263046572,-8.708332223091556,2.692195415496826,2.2290609166943782,-62.704345776606836
-861340938084584497,86.13409385213497,-8.458449713887475,86.13362214559697,-8.458890735956825,86.13457648550076,-8.458001353439375,2.535717010498047,2.312673906999043,-63.356656014012096
-861340583084439258,86.13405835289917,-8.443925867183362,86.13362989985966,-8.444224101116532,86.1344439437807,-8.443612568804635,3.222621202468872,1.5576533177777363,72.78239204940942
-861340307085202839,86.1340307205186,-8.520283945536683,86.13356084904285,-8.52105700877042,86.13457121894807,-8.519612040678117,9.44611644744873,3.054606954834646,-21.265638792249643
-861340272084329990,86.13402724732913,-8.432999006776209,86.13352362331122,-8.433501974940423,86.13447777997398,-8.432390373958242,4.666120529174805,3.299077178507169,-16.127159223230557
-861340272084245311,86.13402723066196,-8.424531180706017,86.13265780554815,-8.425835529960262,86.13479077969447,-8.42372332128299,22.354843139648438,2.5634070064784513,45.951983373731856
-861340178085330047,86.13401789932936,-8.5330047155747,86.13349784272309,-8.533529162540049,86.1345926152703,-8.532278592528959,4.8799519538879395,2.9791267097108953,-24.13367999621448
-861340157087177258,86.13401576597727,-8.717725885779743,86.133538627973,-8.718499122018482,86.13446522761328,-8.717081984856751,9.376940727233887,2.928663430913203,-18.495737533883684
-861340071085279780,86.13400715087552,-8.527978098739913,86.13321960027895,-8.528529151851716,86.13451103370065,-8.527389588064603,4.030384540557861,3.1597747731340826,-57.28055461725328
-861339965086595853,86.13399650268994,-8.65958539260803,86.13356991475254,-8.66008342969201,86.13441230502393,-8.659082992241348,3.995469808578491,2.09024356742954,-19.21835539832717
-861339870086123121,86.13398707537378,-8.612312147124998,86.13362339994876,-8.612695058037081,86.13432538003849,-8.612000246363097,2.305691957473755,2.050643359525905,-13.138135982733948
-861339825085730805,86.13398256628228,-8.573080576374638,86.13347601151527,-8.573389891285066,86.13440267971062,-8.572750515521822,4.0856404304504395,1.6312367610300422,80.74085472972614
-861339353086138284,86.1339353117213,-8.613828466011778,86.13365067049929,-8.614111650172696,86.13421224170919,-8.61352802329015,2.096707820892334,1.4513832894139658,46.27107020108912
-861339235085502079,86.13392357192562,-8.550207973270396,86.13354459768962,-8.55066781295848,86.13435870274232,-8.549750721695645,3.5399820804595947,2.627915865081353,-21.437293422754394
-861339138086109969,86.13391387154107,-8.610996984958371,86.1334837235822,-8.61144507089333,86.13432605167283,-8.610527964249963,3.205533027648926,2.315481123444626,-6.181454353362906
-861339098087009706,86.13390989749477,-8.700970647535563,86.13312623038318,-8.701777368466578,86.13472711502489,-8.700193202335909,1.4039678573608398,1.3233003724022139,9.799452771903866
-861338964084314871,86.13389641716303,-8.431487102913298,86.1336646417599,-8.431724035403326,86.1341417629761,-8.431251567547761,1.5232609510421753,1.3315331256707372,-38.7820041104302
-861338847085352784,86.13388478402237,-8.535278431482396,86.13310360103576,-8.536029145512515,86.13459127400867,-8.534139482442864,5.639892101287842,5.2238376388482015,-16.167860770740827
-861338638085465976,86.13386386554019,-8.546597611480465,86.13267642354054,-8.550140955244704,86.1361005413924,-8.544944738122513,38.018611907958984,19.692847970828364,9.87755716840688
-861338504084232537,86.13385044505412,-8.423253788580562,86.13341648393366,-8.423863104698832,86.13437063127202,-8.422779282046585,4.375892162322998,2.8033358080187565,-8.805986983145694
-861338474084510737,86.1338474187348,-8.45107378313474,86.13298044488965,-8.451890917133536,86.13483298210147,-8.450223292130731,4.214626789093018,3.815963790962049,-77.83611290160246
-861338430085285247,86.13384300862424,-8.528524772318685,86.13338770811606,-8.528890127321288,86.1342580475356,-8.528167449855607,3.5143613815307617,1.9345085099287695,-78.29053592202521
-861338379086928101,86.1338379048873,-8.692810163610273,86.13349570497881,-8.693138336167886,86.13416974710825,-8.69247131837282,2.2529072761535645,1.770483517738889,40.265398850167145
-861338336084866922,86.13383363439483,-8.486692278981506,86.13363488495115,-8.48689026870893,86.13402784984027,-8.486473397997848,1.540067195892334,1.1330425315378074,26.469023074262395
-861338279087506866,86.13382796157114,-8.750686675774896,86.13357683634844,-8.750914837224153,86.13408245927378,-8.750442353051293,1.802565097808838,1.2185746221056,-56.21886773634046
-861338200085524148,86.13382007603151,-8.552414817792801,86.1334871749257,-8.55275102717404,86.13416095519301,-8.55205623061588,2.1223981380462646,1.9332021959653791,-14.775518307751744
-861337776084440450,86.13377767822281,-8.444045019306218,86.13337711879427,-8.444362842351671,86.1341630507601,-8.443695769049537,3.3432013988494873,1.4176623370695918,-63.12298858440158
-861337767084334961,86.13377679081843,-8.433496193381096,86.13343896090068,-8.43380733773011,86.1341125620332,-8.433168101497062,2.2483320236206055,1.7304524703096147,-83.07097513625263
-861337660085290284,86.13376600190824,-8.529028499986056,86.13344356937895,-8.529334465042217,86.13406119220764,-8.528750808986697,2.526092767715454,1.5144490395772676,52.516162906701936
-861337142086175394,86.13371427948681,-8.61753942412773,86.13317107224934,-8.617917210412934,86.13429447948842,-8.617222173300858,6.888520240783691,1.7631629329196692,-81.9269207100208
-861337043084485843,86.13370438272173,-8.448584397849315,86.1332343551797,-8.449085029938562,86.13416051255007,-8.448056774137,4.628089904785156,3.3349558130071597,13.866419060816499
-861337035084216113,86.13370351767684,-8.42161135098704,86.13229425270885,-8.422141028200771,86.13462427795719,-8.420973152609845,20.492416381835938,3.2671341564109064,-74.82111665485439
-861336680084763056,86.13366808083528,-8.476305616577147,86.13344392451071,-8.47655692967803,86.13389298706345,-8.476028919212395,1.8619157075881958,1.1679658308485128,-5.257541376823116
-861336472084523871,86.1336472654626,-8.452387102075505,86.13314802326329,-8.452807195971094,86.13410234686955,-8.451917812835255,3.1416549682617188,2.5112028771773827,83.87626170105806
-861336409086345831,86.13364093659729,-8.634583159336216,86.13313389560969,-8.635028052475663,86.13414480452647,-8.634027523098833,3.914593458175659,2.865981981017854,58.45625775844658
-861336299086155034,86.13362998830475,-8.615503413966232,86.13325654100505,-8.615917066992338,86.13398651569551,-8.615027797311777,4.747119903564453,1.9037071885638552,-22.86503723878779
-861336163086620479,86.13361639012042,-8.662047984596521,86.13317518270487,-8.66247208866459,86.1340457500378,-8.661610522304093,3.947326183319092,2.574497047448133,52.62947202528824
-861335995084793207,86.13359953326666,-8.479320785763074,86.13310553379257,-8.479834847883915,86.13420015168388,-8.47858428017572,6.700294017791748,3.892418404284936,43.49774425673627
-861335818087316705,86.13358185745689,-8.731670598077717,86.13299706016358,-8.732137514856129,86.13409256379748,-8.731192498675009,4.579407215118408,2.7592345440636663,-63.90336552864974
-861335502084680644,86.13355026564761,-8.468064427681178,86.1330552948549,-8.468557101217925,86.13412196188747,-8.467612102537029,3.6364221572875977,2.804554346347173,-59.90803387938141
-861335189085998624,86.13351891914017,-8.599862440798551,86.1331525994269,-8.600278275377267,86.13388255909109,-8.599416782810334,3.1053543090820312,1.9272520140475433,1.393918689085023
-861335026086455341,86.1335026465311,-8.64553415135111,86.13304358577308,-8.645916670142492,86.13388607865011,-8.645166227754366,3.0007309913635254,1.9902897147112393,-53.050204510104294
-861334943084298073,86.13349432664182,-8.429807303694222,86.13296365583918,-8.430362876455243,86.13403017133389,-8.429334548502666,6.000773906707764,2.9424605328737647,60.58729603497966
-861334863084259330,86.13348638644887,-8.42593308361154,86.13304996951514,-8.426390627552497,86.13391998554795,-8.425501290576989,2.795841932296753,2.389545718563662,28.472555677878507
-861334826086624300,86.13348260387141,-8.662430095093065,86.13295022028134,-8.662972066334206,86.13401738311721,-8.661943729777699,6.574807167053223,2.884413436794743,-52.32169578466545
-861334774086158457,86.1334774980713,-8.615845768368263,86.13311585908306,-8.616194751902892,86.13381779957983,-8.61541660689714,3.3770382404327393,1.840027081537007,28.981493761909206
-861334633086429311,86.13346334107582,-8.642931157136077,86.13293261212837,-8.643333415124532,86.1339717590481,-8.642555089781098,5.040731430053711,2.143464108016931,-66.58293329412349
-861334412087189244,86.13344124187252,-8.718924478675712,86.13311628958361,-8.719248727481876,86.13376227496299,-8.718581725310301,2.114245653152466,1.7717738849036286,-34.654056059193444
-861333969084909864,86.13339697900169,-8.490986464394512,86.13276211742418,-8.491501290712144,86.13391302825804,-8.490417357174223,2.8802738189697266,2.7379205290510913,50.643219231770956
-861333944085695240,86.13339447247463,-8.569524038848238,86.13285998798038,-8.570000746644117,86.1338707697361,-8.569083549242649,3.2834744453430176,2.630551666611404,87.23793809967884
-861333917085383482,86.13339178893408,-8.538348267008807,86.13231537745948,-8.539223226935915,86.1339435178393,-8.537361264093127,6.717913627624512,4.734775395078604,-76.51010810929452
-861333838085025659,86.13338388588929,-8.50256595791028,86.1328681773863,-8.50305677126245,86.13390680869846,-8.502028451528256,2.6641364097595215,2.557081524867218,31.457097986305754
-861333592087449308,86.1333592786723,-8.744930876716635,86.13301792114284,-8.745275877610945,86.13369203910337,-8.744581084376675,2.0708465576171875,1.847401393359586,15.1249272981357
-861333450084884402,86.1333450077819,-8.488440282045024,86.13287587068343,-8.488945692718655,86.13380206324283,-8.48780632265502,5.97752571105957,2.7994351970793683,20.104069544734195
-861333198087107470,86.13331986848353,-8.710747035712052,86.13272740608087,-8.711415616305741,86.133878902152,-8.710192795601547,3.160572052001953,2.908904271947508,-19.678605893938002
-861333134085426278,86.13331346734883,-8.542627899336459,86.13239748954943,-8.544056808364202,86.1344746103456,-8.54133350319,18.057777404785156,12.74832455227849,-20.282574985802583
-861333125084278720,86.13331253854497,-8.427872017385063,86.13282428898518,-8.428334997597437,86.13380661654007,-8.427417823707776,3.3353254795074463,2.6050063407787936,69.96165712948525
-861333018084445235,86.13330181944909,-8.444523523819642,86.13242218725946,-8.445029327854654,86.13382570969148,-8.443973042844716,7.907948970794678,3.7915224036313275,-60.01972993321414
-861333010086205142,86.13330108659056,-8.620514249524422,86.13274812057469,-8.620972478199333,86.13381522605282,-8.620055250032411,4.2741522789001465,2.531868548921168,-70.84357096587556
-861332976086619466,86.13329763635326,-8.661946696130565,86.13295037054976,-8.66222185111903,86.1335963196021,-8.661665956033445,2.2328524589538574,1.5715995463111283,72.47415013973102
-861332939084575125,86.13329396962257,-8.457512586693822,86.13306089403905,-8.457751310988433,86.1335380318533,-8.457251063658429,1.600707769393921,1.3742764696055825,-31.342880011661293
-861332917086038592,86.13329172172278,-8.603859200203981,86.13306605239978,-8.604111376883113,86.13351527887853,-8.603611141612776,1.8107134103775024,1.2686800220542882,-10.125627578524966
-861332890084356522,86.13328905603501,-8.435652234411785,86.13298847833352,-8.43594593107715,86.1335778687806,-8.43536229316165,1.7861957550048828,1.604376120553085,-49.979519187111435
-861332769084835841,86.13327698836859,-8.48358411392702,86.13273803165293,-8.484140257193337,86.13397315956023,-8.483028502304112,4.652078628540039,3.376751619710234,-44.697485011175424
-861332721086130830,86.13327215329555,-8.61308300295536,86.13292065608742,-8.613416883330435,86.13359454193318,-8.61272208541933,2.519183397293091,1.597568759749234,48.929479822331565
-861332569084896955,86.13325693478627,-8.489695571492524,86.13267864384953,-8.490473430968557,86.13374507008481,-8.488972877690127,7.043754577636719,3.4482470223316652,18.8498606331142
-861332482086362400,86.13324828863489,-8.636240029523544,86.13290812275767,-8.636583288708035,86.13358204931589,-8.635888491034839,2.3057785034179688,2.1382755678119714,3.8443948954061797
-861332445085930852,86.1332445182322,-8.593085252660732,86.13279110166444,-8.593583773860438,86.13366142140713,-8.592555540598843,7.030177593231201,2.574128131407127,26.65365243376228
-861332363085312042,86.13323636955165,-8.531204201464105,86.13274034625917,-8.531667663894206,86.1338352312125,-8.530639312599929,5.983935832977295,2.5277541855245294,55.05029976578629
-861332307084548960,86.13323076989772,-8.454896032660578,86.13272540411863,-8.455334808701519,86.13382016126427,-8.454473128325995,5.231420993804932,2.65880942079983,-89.58944979160006
-861332294086120182,86.13322945019863,-8.6120182346068,86.13286505394426,-8.612416908722036,86.13362317530692,-8.611638733225462,2.817533016204834,2.1245668823515627,35.711418204199425
-861332280087533168,86.13322809987214,-8.753316844789806,86.13226590266379,-8.75428709056692,86.13474035303932,-8.751899489280149,9.831818580627441,5.462360882147263,33.99306583180503
-861332266086106594,86.13322662792483,-8.610659454804214,86.13283771149757,-8.611000226651058,86.13356775097877,-8.610249843588885,3.4553260803222656,2.2333490146120663,44.97304164966764
-861332210086498738,86.13322105723228,-8.649873888495986,86.13278837084833,-8.650277588309695,86.13363085774827,-8.64949936803698,2.7285172939300537,2.2338727886320613,89.6201095500416
-861332043086354765,86.13320431339781,-8.635476567996244,86.13142001020717,-8.636778271137844,86.1345933984973,-8.634109932068238,29.435800552368164,9.390056161207452,-54.7720165816275
-861331963086235312,86.13319633993645,-8.623531221176203,86.13285880083801,-8.623861184969956,86.13353271996328,-8.62319416450983,2.2389957904815674,2.0125838845171886,31.671360454136394
-861331904085501857,86.13319043079353,-8.550185747805576,86.13261773237937,-8.550778551580404,86.13365640201282,-8.549583563480054,6.655892848968506,4.732288720190209,0.6857680110578042
-861331855085725200,86.1331855758598,-8.57252005408483,86.13283024349143,-8.572833907937113,86.13358833158567,-8.572139065150214,2.8271632194519043,2.240808971484875,-47.84241541056815
-861331531087022122,86.13315314433376,-8.702212235610856,86.13270386387771,-8.702665620689721,86.13357450637518,-8.701776277720082,2.699702262878418,2.0605834016330324,44.142588541682024
-861331443086099343,86.13314430872217,-8.609934338434433,86.13238873485928,-8.61052806925944,86.13368038171879,-8.609277390193776,9.082879066467285,5.776368459209837,38.13168474498287
-861331231085028234,86.13312313438607,-8.502823454681685,86.1328398208059,-8.503112089522299,86.13345740042419,-8.502528433385228,1.8417751789093018,1.4497344357657436,72.02882637853949
-861331227087346525,86.1331227648149,-8.734652590968564,86.13240537803786,-8.735415064945963,86.13380976827749,-8.733997668767314,3.408231258392334,3.234752765574332,-16.23879553191008
-861331169084458152,86.1331169380847,-8.445815289222244,86.13253383732639,-8.446306978525486,86.1336003658639,-8.445223092628579,3.133444309234619,2.789585741743512,26.364813194819295
-861331127085309150,86.13311277292368,-8.530915069546351,86.13271231825324,-8.531334184261816,86.13355452854368,-8.530528187324668,2.503281831741333,2.023928290737658,-36.00405607509961
-861331051084875629,86.13310519827789,-8.487562971473197,86.13265162670183,-8.488084468977306,86.13357784657197,-8.487000653644749,4.361212730407715,2.7269263573500573,16.13694179082642
-861330964084935299,86.13309643801678,-8.493529915098163,86.1324237396068,-8.494334502140088,86.1337149047651,-8.492917162300676,3.4322776794433594,3.1697219489345145,-25.91411762475043
-861330771085442224,86.13307715808298,-8.544222458282476,86.13017888951732,-8.547196605143384,86.13624255649871,-8.540554542332025,45.35335159301758,40.38899664983547,-69.28346684776929
-861330763086159491,86.1330763248991,-8.615949126588722,86.13249778283006,-8.616472406711058,86.13359289431233,-8.615416275442874,6.4136810302734375,5.4026663674488855,-17.654067689087693
-861330624086105283,86.13306245794703,-8.610528391518931,86.13269725655941,-8.610833486653387,86.13342737065125,-8.610221990796228,2.8387436866760254,1.5455723819075622,-77.46455254489982
-861330542085290884,86.1330542218619,-8.529088497238227,86.13276944175284,-8.529361856459355,86.13333088740735,-8.528778229115616,1.7739545106887817,1.6103920608687585,7.6802926020536
-861330536084521045,86.13305360630257,-8.45210451032246,86.13250226363466,-8.45247357080414,86.13354087730445,-8.451667474692561,4.939484119415283,2.287635681115612,83.44240606310572
-861330454085904720,86.13304544948465,-8.590472046976782,86.13279237968796,-8.590778064122953,86.13332582277289,-8.590194450971858,2.0812196731567383,1.4132886217067542,18.103793128082344
-861330443086387834,86.13304430591121,-8.638783443286874,86.13276622969596,-8.639083122435164,86.13332783608989,-8.638499494556187,1.6967853307724,1.567899644366467,23.959122538899816
-861330210085728649,86.13302101094136,-8.572864907793004,86.13277380547136,-8.573111504076369,86.13325108649644,-8.572611253539984,1.735110878944397,1.2938200405805105,16.566203285977224
-861330126087683244,86.1330126534762,-8.768324423199457,86.13252714555895,-8.768870680717239,86.13356759432547,-8.767843442214248,3.5720536708831787,3.0246032939391716,-43.166170915235085
-861329992086923528,86.13299925695166,-8.692352817157941,86.13220360154571,-8.693138094287445,86.13372014586574,-8.691553968998816,3.6843814849853516,1.8565773407257589,-23.018240181030006
-861329918086047959,86.13299189969646,-8.604795932282673,86.13227916282193,-8.605472474580226,86.13351454467792,-8.604110715126154,9.61324405670166,4.707381005081837,-29.038062626437853
-861329520086152210,86.13295209816818,-8.615221050189822,86.13258265296767,-8.615722309552657,86.13339663793097,-8.614332998837083,9.179411888122559,3.04118764718524,-13.479285500472354
-861329255086713988,86.13292555354971,-8.671398882519053,86.13232718566553,-8.671860534913591,86.13347872733702,-8.670943261049235,4.933990478515625,2.7695378994943045,-71.61828287321757
-861329026086865923,86.13290262601825,-8.68659238887896,86.13231903119545,-8.687304711814955,86.13344229350712,-8.68597079399323,9.771551132202148,6.2779522816424596,3.425900606050194
-861328886085281077,86.13288863816113,-8.528107745984343,86.13234873905567,-8.528556410457242,86.1335279383153,-8.527639123997183,5.901329517364502,2.5193834590648723,-72.59567089221187
-861328779086927125,86.13287795243583,-8.692712573008276,86.13225953005117,-8.693332429266055,86.13352334042442,-8.692053990581583,1.4034875631332397,1.0513431345401272,-26.132834303126316
-861328736086627024,86.13287369860412,-8.662702439237792,86.13213532416472,-8.663277300705454,86.13342716304054,-8.662054399450792,10.04914665222168,5.051707882905627,-35.14997547238387
-861328637085552311,86.13286375165586,-8.555231117710248,86.1324182891299,-8.555695003072511,86.13331667205058,-8.554777864629264,2.366852283477783,2.1972712833139183,-17.94403618131482
-861328569085240023,86.1328569236082,-8.52400230291355,86.13251943430417,-8.524334023320277,86.13316507508956,-8.523639240735502,2.2821810245513916,1.6650512036081528,11.492572082421955
-861328532084892744,86.13285325515848,-8.4892744555717,86.13231365797203,-8.489862131521893,86.13338029195751,-8.488750463644323,2.8667829036712646,2.8044088948510897,-40.660434191047614
-861328467086924880,86.1328467693972,-8.692488043797571,86.13209112627358,-8.6932769201412,86.133607670657,-8.691692794431594,2.7252323627471924,1.6016141323595365,-18.55035038766209
-861328454087687713,86.13284540049841,-8.768771359218054,86.13224637749875,-8.76917628565668,86.13345533114932,-8.768399124874355,7.859132289886475,2.6949848929559668,84.51153430327244
-861328189087011897,86.13281894439669,-8.701189707988705,86.1324514847805,-8.70155433339007,86.13320979669295,-8.700803936797254,2.469947099685669,2.044403796279183,47.48108505888504
-861328083087421568,86.1328083466395,-8.742156891990994,86.13251352795615,-8.742414516818002,86.13310340416675,-8.741858653824748,1.8736178874969482,1.613376371464127,73.82854118726792
-861327980084235020,86.1327980839776,-8.423502048359806,86.1325457701196,-8.423806860143413,86.13305088514309,-8.423195488923561,2.386190891265869,1.3135918741621313,-5.6392885926364995
-861327811085709882,86.1327811843964,-8.57098829856395,86.13232555117263,-8.571472628493082,86.1332519715851,-8.570388809245172,4.084807872772217,3.041411103203877,11.565452811376982
-861327740084310285,86.13277408637184,-8.431028513615,86.13240136343776,-8.431445745781504,86.13315908083541,-8.43058424337123,3.516195297241211,1.5204106531239268,-25.22850830272353
-861327506087694479,86.13275060532777,-8.769447969396383,86.1323591184039,-8.769898562232731,86.13331517985375,-8.76901016706588,4.822420120239258,3.624251075372517,-73.68879446761304
-861327247087369961,86.13272478280831,-8.736996155671742,86.13251626913967,-8.737192328640228,86.1329376078489,-8.73680321971316,1.4899311065673828,1.2146395276435322,-85.8785483677089
-861327210085698090,86.13272100818605,-8.56980908851734,86.13221388040569,-8.570472591677209,86.1331682383884,-8.569110981677314,11.135245323181152,3.762228019703701,-30.619425390813475
-861327125084772130,86.13271258117112,-8.477213059803947,86.13144997941878,-8.47852910929875,86.13383575682094,-8.47597230969329,8.076399803161621,7.386398705665662,6.766404627219512
-861327074084295805,86.13270740633291,-8.429580530882722,86.13240205608254,-8.429862366219055,86.13304761286177,-8.42930647591193,2.4406511783599854,1.5578049742427353,71.76548916752364
-861327067086002614,86.13270672613446,-8.600261463381269,86.13230956223191,-8.600638963287736,86.13309575241044,-8.599860771668812,2.8447353839874268,1.8988762957770935,33.39653284201883
-861327009085481701,86.13270097099954,-8.548170176159172,86.13174864866005,-8.549750766383468,86.13362886638494,-8.546472010253922,24.126277923583984,8.946264024923998,-19.732766998803267
-861326914084563412,86.13269147503946,-8.456341210736232,86.1323033518589,-8.456723304400573,86.1330892619921,-8.455972895416549,2.351605176925659,2.1932318081277358,-67.30522477319005
-861326811085233810,86.13268112651674,-8.523381025212894,86.1320986927534,-8.52405630691755,86.13327757587271,-8.522583468178663,3.8114070892333984,3.1118928360488716,-8.494597710196429
-861326685084554165,86.13266855958575,-8.455416529441948,86.13230383395835,-8.455751044785456,86.13300553926643,-8.4550840129179,2.180187702178955,1.8373910731259868,73.9268076246426
-861326677086927293,86.1326677802681,-8.69272935181188,86.13172579650148,-8.693637979348113,86.13352317557239,-8.691748150562177,4.343585014343262,2.8505526624224777,18.238973420506184
-861326634085347127,86.13266348061329,-8.534712782719557,86.13223281485818,-8.535250570977617,86.13307491210406,-8.534222352211467,4.284541606903076,2.068043138330522,-27.16204047978229
-861326532086422782,86.13265327113501,-8.642278258727366,86.13192170177288,-8.643166539968146,86.13357849898001,-8.641526780043156,11.511514663696289,10.723070563228251,59.637278812071465
-861326526087698381,86.13265265562482,-8.769838117269643,86.13221882054954,-8.770204237047695,86.13306238676897,-8.769454671476879,2.809217691421509,2.32201478969288,80.38014320830453
-861326098084860275,86.13260982151735,-8.486027580372273,86.13203455708701,-8.48655644954097,86.13310122628845,-8.485528113947726,3.8831276893615723,3.1115287820860185,46.849087282737116
-861325988085396802,86.13259883277871,-8.539680230585935,86.13223016183044,-8.540222728695015,86.13301604703891,-8.539111206871917,6.299862861633301,1.9801769648847978,10.212601253986257
-861325956084936203,86.1325956350781,-8.493620348517746,86.13214279517014,-8.4940563706203,86.13304100280381,-8.493083678955607,3.208674192428589,2.428243722463523,-10.214393266332621
-861325947087430061,86.13259477433691,-8.74300617159139,86.13226015782566,-8.743358846483106,86.13293427097581,-8.742664051823578,2.195828914642334,1.9484515710045183,21.182679243088984
-861325893086323908,86.13258938968565,-8.63239082364897,86.13215167602146,-8.63291636497058,86.13302211346985,-8.63194368586809,3.189345598220825,2.354408338147575,-13.686695856737808
-861325807087229238,86.13258071852327,-8.722923862621753,86.13213060932871,-8.723359355096536,86.13302939974841,-8.72246999688605,2.7582945823669434,2.5053338877097575,-32.68384669203711
-861325742087339646,86.13257428245106,-8.733964637106425,86.13209650084156,-8.734414677130614,86.13305152331645,-8.733525289082174,3.1434831619262695,2.1602277470277453,-59.155527554252956
-861325733087272584,86.13257331546342,-8.727258489654867,86.13210018311528,-8.727748208224225,86.1331394364569,-8.726747665389912,2.9693493843078613,2.8419883157692283,6.467171606413784
-861325726087690399,86.13257263767517,-8.769039948458824,86.1322184595043,-8.769315451147486,86.13289328772177,-8.768760242055993,2.5903563499450684,1.3370022987330896,-70.93818651406104
-861325202084484899,86.13252021032278,-8.44848995614445,86.13211102546944,-8.448862176216423,86.13295309851706,-8.448139515445856,3.153886556625366,2.1416551668001587,72.4038190660938
-861325193086954602,86.13251934432678,-8.69546023682238,86.13183683658825,-8.696387793118056,86.13326878906574,-8.694248166749963,18.325416564941406,8.789037054232038,14.913783428385349
-861325015084748625,86.13250153180276,-8.474862537278456,86.1321248133865,-8.475250865511684,86.13291074605243,-8.474472677397586,2.6101887226104736,2.0334940544629543,47.026557302364665
-861324986084544477,86.1324986583048,-8.454447754551259,86.13210779845612,-8.454834310783005,86.13286562170666,-8.454083916330546,2.075605869293213,1.9037300488053694,-29.78015953920664
-861324621086150594,86.1324621971181,-8.615059466961483,86.13210488401954,-8.61538867887547,86.1328349303591,-8.614638294492988,2.889817714691162,2.2862616484908505,-69.05532201411984
-861324457084649730,86.13244570430605,-8.464973097686407,86.13187750708481,-8.465445406404873,86.13297221559496,-8.464444834902801,3.1013307571411133,2.85614801129838,87.78992774253763
-861324345085769846,86.13243459915715,-8.576984645779236,86.13209742845193,-8.577361214256111,86.13277123426053,-8.57663863745627,2.708585262298584,2.003175242124498,-28.36600336889837
-861324255084786397,86.1324255109996,-8.478639792117688,86.13209464809619,-8.479000751388407,86.1327402117359,-8.478305969908368,2.5771453380584717,1.868653591519985,10.299831746217293
-861324034087708649,86.13240343383363,-8.770864908663826,86.13213508050728,-8.771259951462952,86.13269756057403,-8.77056580041795,2.9524271488189697,1.433171291915757,28.180937006823275
-861323960085751133,86.13239601688917,-8.575113376674395,86.13187381372437,-8.575666858916723,86.13291260879208,-8.57458297860994,6.346939563751221,2.7916092994315815,-34.777519578997826
-861323875084301153,86.13238758698671,-8.430115328388663,86.1318402601714,-8.430584508981335,86.13290681841634,-8.429639510699639,3.6799004077911377,2.9001347187091424,85.37028262890455
-861323846085369922,86.13238463116775,-8.53699227736118,86.13214779559166,-8.5381948307972,86.13276434485374,-8.535611186514224,25.992454528808594,2.142679807255417,-3.275642953958559
-861323775084656408,86.1323775148581,-8.465640825902023,86.1316525383507,-8.466528909673427,86.13330863150586,-8.465000267538457,9.181682586669922,7.337390770968061,65.48655611085981
-861323733085954854,86.1323733570777,-8.59548548045306,86.13203128592437,-8.595861035475433,86.13273312652197,-8.594971778347851,5.750790596008301,1.6989351246944373,-26.47370859586846
-861323477087691748,86.13234772004452,-8.769174833681374,86.13188119031166,-8.769621069872441,86.13275291799926,-8.768760408816444,4.219264507293701,2.2167409761712875,-36.891395961713606
-861323420084896737,86.13234204467342,-8.489673761552284,86.13180788469948,-8.490278573115566,86.1329587890291,-8.489194636937384,5.477643013000488,3.7173875055157355,-56.272258245122835
-861323403087174167,86.13234037101094,-8.717416795116907,86.13179642035315,-8.717970489987447,86.13286370289825,-8.71688659882163,4.555502891540527,4.335563059590664,-23.63073427365225
-861323321084570813,86.13233216608259,-8.457081376906862,86.13151682485226,-8.457834378081728,86.13303249598225,-8.456361365605419,3.3398056030273438,3.2656508698561155,-41.96214962731964
-861323314086626121,86.13233140124684,-8.662612156189136,86.13191048142326,-8.663026971590376,86.13280914490295,-8.66216538730388,3.557378053665161,2.608249050942326,-34.24690420791065
-861323262084016511,86.13232623139339,-8.401651136335609,86.13185574972677,-8.402112475702618,86.13280989873408,-8.401139761977841,3.7881104946136475,2.9359640777254508,44.29890624249419
-861323144084964670,86.132314447573,-8.496467063786623,86.1318603405787,-8.496917418461083,86.13295519930577,-8.496027954782614,4.6716413497924805,2.9051430886067697,-62.62903842657864
-861323053084789619,86.13230532390857,-8.478961967088994,86.13186983761454,-8.479361949055626,86.13290852271416,-8.47855584912293,3.834035873413086,2.3224524929607715,83.69226181633823
-861323028084423795,86.13230285379952,-8.442379526978826,86.13191780136543,-8.44280651805595,86.13267555517498,-8.441972791398353,2.9020071029663086,2.1796769583095776,-6.29055664606385
-861323017085893891,86.1323017840857,-8.589389130236226,86.13203447003941,-8.58969435027452,86.13259600290091,-8.589110721072002,2.0671656131744385,1.4687305653765328,36.04420765205103
-861322952086340148,86.13229528165978,-8.634014855005105,86.13170133040929,-8.634638475998734,86.13285260748609,-8.633443425344812,8.36443042755127,5.859760728005175,-33.919495071709825
-861322943087696547,86.13229434603069,-8.769654765525036,86.13193760372788,-8.770176669240929,86.13264078416042,-8.769149261517418,5.651339530944824,2.250087463216899,8.356695506493324
-861322898086126706,86.1322898034495,-8.61267063047602,86.13193757129395,-8.613027472074219,86.13261145459091,-8.612332672490902,2.0340991020202637,1.9954018920736838,-4.9471544410740895
-861322788085973062,86.13227884655117,-8.597306254965954,86.1318897342787,-8.59766651385853,86.13261977662337,-8.596971684051233,2.622798204421997,2.124415047235265,64.88313204298876
-861322705087290184,86.1322705196671,-8.729018481317032,86.13187432041916,-8.729386800955517,86.1326608040726,-8.728664166552221,2.5696563720703125,2.1564199422149195,-87.37748256598945
-861322335084956034,86.13223359192202,-8.495603446059537,86.13169237085691,-8.496111749329705,86.132730949826,-8.495027871817738,2.8818299770355225,2.8576154159843288,28.941987495352016
-861322323084304796,86.13223238075744,-8.430479636959785,86.13169964485546,-8.430945513979996,86.13271005713013,-8.430028322342459,3.468989849090576,2.4719928350988196,76.72696495022373
-861321667087543347,86.13216673617353,-8.754334772180771,86.13153623715009,-8.754926986036558,86.13268904751422,-8.753927578825351,5.877725601196289,4.29936117541058,-79.61080944952934
-861321510084371957,86.13215106042058,-8.437195735324988,86.13189245187144,-8.437445300224768,86.1323976441576,-8.436945037655171,1.8025795221328735,1.4401024760109022,-52.33021024245116
-861321371084937451,86.1321371211375,-8.493745141915149,86.13166526767952,-8.494250590979062,86.13261961526712,-8.493222313308902,4.194610595703125,2.8233599567666454,26.99998869927587
-861321335085888399,86.13213359065178,-8.588839938787538,86.1316696915433,-8.589333257451674,86.13262429100928,-8.588332754148533,3.873699426651001,3.1167175697762977,24.424147443044863
-861321298084798431,86.13212987094832,-8.479843195980092,86.13156051671915,-8.48036188306983,86.13279564398013,-8.479277902483998,5.539251327514648,3.8971790368221444,58.441976295921876
-861321234086969773,86.13212340679917,-8.696977349745268,86.13121758766952,-8.697859821253967,86.1329588891607,-8.696164461887644,1.8742495775222778,1.5575939035741027,-43.17695373303406
-861321116084507987,86.13211167656497,-8.450798738104215,86.13168866050202,-8.451334158591367,86.13253052659857,-8.450222610732247,6.56216287612915,2.6649295037189855,19.87930685242755
-861320990084121379,86.13209905325635,-8.41213797115245,86.13179377872687,-8.412417730494433,86.13241121060567,-8.411834077593397,2.158581018447876,1.6984433393703173,-82.94375234892564
-861320899087762156,86.13208995836608,-8.776215639533977,86.13151945553838,-8.776648769114379,86.13261605034332,-8.775788218257814,4.964339256286621,2.2959630662141595,-74.1222518998637
-861320855086233199,86.1320855542139,-8.623319941756938,86.13170705931188,-8.623749502570323,86.13246517040139,-8.62291577002846,2.7060751914978027,2.165934286656622,6.197129101097286
-861320691084218010,86.1320691259113,-8.421801000761846,86.13105889391501,-8.422751239786717,86.1329110542319,-8.420666948086565,6.060019016265869,3.5731067564867525,26.01517933049072
-861320677086632577,86.13206772191697,-8.663257733078012,86.1317976671355,-8.663554498967999,86.13235929274046,-8.662943092806406,2.1686530113220215,1.601016724548888,12.916856581727917
-861320656084263183,86.13206563476194,-8.426318391138476,86.13181411221761,-8.42658423159857,86.13231929008712,-8.426083969497629,1.8250709772109985,1.4766679825371982,-71.48722359390143
-861320642087420014,86.13206429854121,-8.74200148168111,86.13136144515082,-8.742608681405121,86.13259743239442,-8.741552476409629,6.993441581726074,4.898174485507142,-71.3716695263418
-861320530086904972,86.13205302081631,-8.690497257549163,86.13110879499045,-8.691387731263251,86.13299049048578,-8.689553408427598,1.7301174402236938,1.7020638868686608,58.52005010567925
-861320501087020414,86.13205015495903,-8.702041439435515,86.13152375533515,-8.702553949325365,86.13253483800001,-8.701553418522547,2.5700342655181885,2.5343057186692626,54.12631299108253
-861320495084498043,86.13204958042162,-8.4498043967319,86.13138028520117,-8.450473098161273,86.13261523998197,-8.449250232148556,6.170230388641357,4.098899934950996,-55.53612821187071
-861320312085973597,86.13203120070753,-8.597359726161732,86.13166495988787,-8.597666393402493,86.13239503203944,-8.597027118209759,2.321488380432129,1.71250448687787,-81.12727962612794
-861320288084406234,86.13202885498863,-8.44062345332901,86.13146952329463,-8.441056427880802,86.13247993138319,-8.440083679543154,4.668729305267334,2.7852565227254975,-51.90621017026201
-861320104083965881,86.13201043447718,-8.396588194261646,86.13143730748658,-8.397001266838242,86.13253187990469,-8.396111811689146,6.782135009765625,2.4678731064189563,63.50418323769057
-861320080085968745,86.13200806693656,-8.596874521832603,86.13163718437356,-8.597388618257533,86.13239518268502,-8.596443775288089,4.580323696136475,2.3312510021216863,-3.798633542718564
-861319977087694008,86.1319977573389,-8.769400895841613,86.1315440650063,-8.769787941963045,86.13233141723227,-8.769038347048742,3.3204848766326904,2.4671822818018048,-73.07561294979968
-861319942086134150,86.1319942109289,-8.613415097423163,86.13148773209055,-8.613888483650966,86.13244242248288,-8.612943534940664,4.2527923583984375,2.8273199415304155,-48.20759144120549
-861319893086070533,86.13198931281207,-8.60705331547792,86.1317719982588,-8.60724952737598,86.13219317821085,-8.606832638245862,1.4220197200775146,1.2806459791858245,-41.12535598481854
-861319834084635531,86.13198344376833,-8.463553150688822,86.1315693466456,-8.464167341235983,86.13241124056219,-8.463055792087268,4.808386325836182,2.69186942892208,-2.032745601186849
-861319777085300355,86.13197775379632,-8.530035541553548,86.13144987961876,-8.532111539649737,86.1327676375694,-8.527721977429307,35.91012191772461,6.422910276146681,-4.019346071455771
-861319663084118863,86.13196631052152,-8.41188632062277,86.13159741903273,-8.412306590887235,86.13235511184473,-8.411472866194936,3.1391165256500244,2.0758361445730906,-8.172940335503915
-861319587084503510,86.13195871620671,-8.450351018603365,86.13171680320067,-8.45058398633013,86.1321939453707,-8.450111515299183,1.5063813924789429,1.4729602977420497,21.822116525055716
-861319525086682345,86.13195254068052,-8.668234531434937,86.13148591217963,-8.66861005469155,86.1324970413784,-8.66785951828953,4.800552845001221,2.1327214342728618,75.51726486510677
-861319381084966893,86.1319381910615,-8.496689316494264,86.13155124751647,-8.497083771740513,86.13236530942234,-8.49630556640101,2.859982967376709,2.232361424948935,-66.64343246618141
-861319147087771408,86.13191479929881,-8.777140812976135,86.13143559682126,-8.777648832247314,86.1324479326305,-8.776677130429771,3.2191271781921387,2.7634702996983376,-33.71524475854928
-861319113084491253,86.13191139734238,-8.449125340113413,86.13154900517152,-8.449417357883496,86.13225074286956,-8.44883365781558,2.8974196910858154,1.524594600125006,66.52549472367954
-861318979084459064,86.13189799889072,-8.445906457217625,86.13135439745464,-8.44641746897008,86.13242086227355,-8.445222469680099,4.370792865753174,3.326402516122443,-34.44275591395478
-861318519087438067,86.13185193568962,-8.743806756461687,86.1314448476629,-8.74438627756663,86.13234353435051,-8.743219148345371,6.443257808685303,3.997490951921651,12.134197175315995
-861318406087267169,86.13184065385236,-8.726716937815922,86.13142594937507,-8.727108844986585,86.13224049974629,-8.726330639940825,2.737685441970825,2.312188854582186,-80.26810080851729
-861318376085380702,86.13183764606356,-8.538070281897838,86.13102480052437,-8.541389670302825,86.13354910638567,-8.534610592939439,56.95637893676758,10.985853608151594,-6.527460268609051
-861318101084697873,86.13181014190847,-8.469787359797252,86.13122900140482,-8.470306158029295,86.1323517451772,-8.469194459148431,5.483181476593018,4.078690379333343,-36.16705292771802
-861318007086744500,86.13180071684577,-8.674450001794144,86.13134205921327,-8.674998676886249,86.13218449136905,-8.67402601277258,5.023807048797607,2.2181190092081966,-29.672666689069768
-861317939086942840,86.13179399598778,-8.694284057721752,86.131134681502,-8.694942964600399,86.13251086375759,-8.693608906943934,1.3486672639846802,1.08248721427171,79.72717458153727
-861317463085783923,86.13174639283362,-8.578392302150133,86.13105751127439,-8.57911101930307,86.13243318639633,-8.577610293192278,1.7652231454849243,0.6281083116798873,-5.338596191120509
-861317376084836917,86.13173768830276,-8.483691770247432,86.13127752277177,-8.484167116125292,86.13223188959641,-8.483222170977964,2.8362996578216553,2.6076667784430856,-57.25963104568468
-861317163087085061,86.13171639180685,-8.70850618879451,86.1312392179588,-8.708970292654385,86.13216604338407,-8.70802536178886,2.3297736644744873,2.290647310393235,15.832083582971212
-861317054086988119,86.13170547616336,-8.698811937450616,86.13116017445321,-8.69924828846563,86.13222752422982,-8.698386612317892,4.108913421630859,2.406825365417182,84.44058884602329
-861316968085780436,86.13169689457672,-8.578043669737406,86.13133836669682,-8.57836083010716,86.1320684015021,-8.577721554528924,2.860957384109497,1.6553989717291042,-64.20940818802151
-861316752084708787,86.13167526181361,-8.470878721422539,86.13128445713593,-8.47127822501327,86.13207037987073,-8.470500035504697,2.625131368637085,2.3635599930498574,-53.29231103888524
-861316745084491997,86.13167455606059,-8.449199714859525,86.13138051218465,-8.449611682288191,86.1320259795944,-8.44883356858029,3.5871660709381104,1.6089993183616418,2.6304025211341053
-861316690084432873,86.13166902593345,-8.443287319681211,86.13124344777934,-8.443834036573572,86.13219760813192,-8.442694651628303,4.782116413116455,3.3946779049635407,-24.836450104223047
-861316593085247282,86.1316593941724,-8.524728218320618,86.13103277510508,-8.528472421743857,86.13229211109659,-8.519999582646275,78.0469741821289,4.938304811998823,-3.6653157518916544
-861316547086153309,86.13165478389314,-8.615330956306188,86.13134614069789,-8.615721540685485,86.1319638236797,-8.614998992885292,3.4403960704803467,1.2660870967532065,-30.045568252968568
-861316511086897014,86.13165115810565,-8.689701431919747,86.13099666882393,-8.69035960664116,86.13231664954745,-8.689053355927687,1.132802963256836,0.9815961741838389,-0.5009792018455711
-861316241084737485,86.13162418916741,-8.473748534284917,86.13088987395328,-8.474472766582661,86.13229331765679,-8.47308314184155,7.386471271514893,4.811868150963718,-50.01228330754674
-861316165087695612,86.13161652844698,-8.769561264199046,86.13106632398959,-8.76992699474369,86.13199421920943,-8.769149691078953,4.451009750366211,3.1199193694041725,86.29432970091767
-861315877087720977,86.13158779932957,-8.772097761037877,86.13134877636007,-8.772343693197865,86.13182683789147,-8.771843939540526,1.7517789602279663,1.3124494644073919,-11.749749091627796
-861315756086335692,86.13157561213558,-8.633569205626804,86.13097116098395,-8.634304814088964,86.13223468118447,-8.632859703738736,8.2634859085083,5.687853894548292,-7.139678830006752
-861315583086413860,86.13155838290285,-8.641386025091593,86.13079821477548,-8.64205476337456,86.13231476341885,-8.640859513207495,5.87351655960083,4.972033293241467,-72.0703324523804
-861315171084346745,86.13151714296446,-8.434674555440738,86.13099542707661,-8.435333998457152,86.13200565206812,-8.434055696390246,5.7734479904174805,3.445391726067511,0.8477315251195258
-861315162084029609,86.1315162759804,-8.402960930743872,86.13078810776959,-8.403723203545054,86.13210705556251,-8.402333632554331,3.252185583114624,3.150995093058411,19.588400215199893
-861315037084794085,86.13150375352602,-8.479408546660842,86.13108321841754,-8.479833633177655,86.13189722754367,-8.479027650271588,2.5972018241882324,2.2547381006204366,-43.031841550722426
-861314996085304713,86.13149960061432,-8.53047138039149,86.13004976269585,-8.535917307547724,86.13321499454449,-8.519915722670586,146.96315002441406,14.756149097248036,-6.7174735748852585
-861314872085712733,86.13148722536626,-8.571273312180537,86.13114542310943,-8.571583003332854,86.13187544466632,-8.570943727510473,2.7001564502716064,1.7305914770140975,-66.36449675288048
-861314745086341343,86.13147451441081,-8.63413436252233,86.13108307358206,-8.63458237633199,86.1318411895236,-8.633720865354508,3.379481077194214,1.9352659623632,-18.878632394855302
-861314685087527045,86.13146858975276,-8.752704551802191,86.1298490759446,-8.753176874532706,86.13299728553581,-8.752206224045894,27.408445358276367,4.005189720594096,86.31593024377571
-861314630085804274,86.13146306255165,-8.580427471738515,86.13100014521933,-8.581360729145528,86.13192631266115,-8.579776911063227,12.023591041564941,4.978483124402332,-10.430502071311677
-861314544085555337,86.13145441559212,-8.555533788012022,86.13118207477001,-8.555833036854008,86.13171546666536,-8.555249421799818,1.9399001598358154,1.398162209013069,4.657015887681168
-861314460086737545,86.13144605426206,-8.673754518462172,86.13108961091811,-8.67422072874971,86.13184772948468,-8.673220332425082,4.6126580238342285,2.24273786580641,-8.416202569611285
-861314457084777745,86.13144570956702,-8.477774573843051,86.13097183618947,-8.478305865705961,86.13189805782059,-8.477277602374377,5.442368507385254,2.6060202166821633,38.58106836394516
-861314122087684599,86.13141227228996,-8.768459972685369,86.1310658072691,-8.768760478211684,86.13174066147754,-8.768149712711491,1.9647340774536133,1.7213803593107129,88.82403516636398
-861314058084454188,86.13140582644775,-8.44541887523733,86.1309614328192,-8.446111589616313,86.13180322461471,-8.444888930443987,8.34338092803955,2.9319089530742803,-4.358602958896964
-861313791085522984,86.13137910004973,-8.552298410807749,86.1309030412142,-8.552777564411185,86.13182948811279,-8.55183263003606,2.5540482997894287,2.2194017973392763,-28.98521649506168
-861313755085795032,86.13137556707584,-8.579503236415926,86.13060734682792,-8.580138502360889,86.1318988851802,-8.578887817740961,7.4635701179504395,7.302651395475785,31.434039366580137
-861313548086965273,86.13135489685179,-8.696527379199612,86.13113322616036,-8.696775760780602,86.13158255864658,-8.696275524978248,1.898299217224121,1.1520197977552433,-3.9073822120119646
-861313215085890164,86.13132150030158,-8.589016497141563,86.13060218095093,-8.589749589106882,86.13200603046951,-8.58833217882565,0.9020647406578064,0.7763890153505002,-11.64359759465629
-861313183085416517,86.13131837447845,-8.54165174298679,86.13107726381176,-8.54188861987399,86.13158260778688,-8.54141613024089,1.7750258445739746,1.502564676294665,64.88869826097019
-861313177084856419,86.13131773761225,-8.485641939962875,86.13091129950537,-8.486027946628708,86.13172535173983,-8.485277518188918,2.548177719116211,2.2104960824901587,76.43920008968708
-861312887086210500,86.13128870414651,-8.621050076137667,86.13106202848034,-8.621276793295635,86.13151128751437,-8.620804333340383,1.5362743139266968,1.2660415485921228,-9.161024529021336
-861312827085624806,86.13128276024977,-8.56248064136246,86.1299708998321,-8.563861113437936,86.13238527340678,-8.56127650247736,4.291610240936279,4.086856195960993,-29.20970873947185
-861312631084075989,86.13126314359963,-8.407598905186058,86.13086968974837,-8.407972927673887,86.13165548185454,-8.407194742280193,2.1650032997131348,2.0741681583826845,87.28105609228612
-861312536084658895,86.13125365197327,-8.465889544088268,86.12971495528097,-8.467250712509589,86.13252190316204,-8.464693682159345,5.00061559677124,4.6980911956896545,-74.66022025922089
-861312346086165836,86.13123469908918,-8.616583660280227,86.13075555223001,-8.617054708301762,86.131682154126,-8.61610977299885,2.9958672523498535,2.647798784880819,-18.699838104091253
-861312163084807803,86.13121630907168,-8.480780345858202,86.13060508534065,-8.48127796356663,86.13169985075382,-8.480305164850108,3.256303548812866,2.8814451205380727,-61.216615543051766
-861311881085840991,86.13118814145533,-8.584099114275881,86.13074522410253,-8.584554994909814,86.13164365529434,-8.583610074677468,3.2944602966308594,2.9229894745014615,-27.494947215210978
-861311769083929723,86.13117695841235,-8.392972350942852,86.13065304324658,-8.39344524559014,86.13157915011728,-8.392583654829764,3.9741432666778564,2.715919380859823,58.73361741654913
-861311706084384532,86.13117064760502,-8.438453259686213,86.1307405269028,-8.438944873734586,86.13161055063763,-8.438027753101705,3.7865607738494873,2.790669980709151,32.926533289375584
-861311676084270892,86.13116763955614,-8.427089286773372,86.13057864627899,-8.428667355622405,86.13195311136181,-8.425944428288865,8.174149513244629,3.375018629071429,-17.37597613887679
-861311631087368889,86.13116313691972,-8.736888925557905,86.13066168113114,-8.737386094680065,86.13170095667377,-8.736385548761405,3.210339307785034,3.1950919586068425,79.29149652035628
-861311469085409259,86.13114694951645,-8.540925942958392,86.13057222500271,-8.541527526374237,86.13161089331841,-8.540388088421977,7.67944860458374,3.301677939605217,-38.57868728148671
-861311423084748560,86.13114231402703,-8.474856055537533,86.13060830549458,-8.47527798928028,86.13167503043849,-8.474416316308899,4.492557525634766,2.2994493348324783,-73.15629333355663
-861311409084479796,86.13114093637755,-8.44797964387044,86.13073530548836,-8.448417023975868,86.13160539624015,-8.447583235223897,4.955237865447998,2.3112738444831926,-51.14046294469489
-861311234085871400,86.13112348233007,-8.587140028564988,86.13063118485478,-8.588027276820585,86.13181031964648,-8.58666554237864,7.239006042480469,3.7708003096489193,-35.903105807047915
-861311015085850833,86.1311015533775,-8.58508330702505,86.13071652463981,-8.585471577965087,86.13150269550313,-8.584721160799326,2.1223299503326416,1.9370429027605538,-57.020989861678096
-861311005086033158,86.13110054587077,-8.60331580008606,86.13076271888748,-8.603665821635074,86.13143659867914,-8.602998797524153,2.021357774734497,1.9549067026212448,64.01239894051932
-861310913084868276,86.13109131717303,-8.486827645286871,86.13057385615053,-8.487389078490162,86.13178078139008,-8.486055110854966,7.876619338989258,4.553913997969451,32.001002206207716
-861310838086380551,86.13108384463466,-8.638055108094528,86.13060330389632,-8.638471065542042,86.13155811402605,-8.637637224744264,3.0723819732666016,2.267770907927657,-74.57591462781392
-861310828084776578,86.13108283633684,-8.477657812096325,86.13074714704439,-8.47800005875203,86.13142079074966,-8.477305260237973,2.166337013244629,1.9242892525742443,-1.7047423146871943
-861310820083843348,86.13108200709397,-8.384334804692664,86.1306297330991,-8.38480638733895,86.13147154107196,-8.383861509367097,3.112353801727295,2.212943498622981,-5.257138946214408
-861310761087777756,86.13107618127836,-8.777775674535722,86.13067709687412,-8.778149308689876,86.13146446556853,-8.777399711445673,2.055556058883667,1.7572340551917212,60.967662200907945
-861310537084562509,86.13105370427498,-8.456250986351415,86.13067461672298,-8.45663911161063,86.13146050815324,-8.455860921883177,2.6919116973876953,1.9351620741484081,-43.568404966358656
-861310263087215728,86.13102634940161,-8.721572813871605,86.13069806458158,-8.721914024126358,86.1313440500513,-8.721247018100735,2.0268590450286865,1.8288313053068224,-7.821959495229207
-861310241087003575,86.13102419427025,-8.700357558723152,86.13011986366516,-8.70119252839209,86.13191736129572,-8.699469356658293,5.558487415313721,2.250029891750258,61.550805480692624
-861310235084814972,86.13102354115124,-8.4814972621961,86.13046425261311,-8.48194450637475,86.13147481138307,-8.481055084767002,2.890658378601074,2.423474399019485,71.05987135661057
-861310193087054115,86.13101933237229,-8.705411544188857,86.13067879007916,-8.70571992829368,86.13138098058049,-8.70510844529696,2.3680453300476074,1.601949035980833,-89.12079338637896
-861310181087292464,86.13101811103141,-8.729246408950518,86.13052533126945,-8.729775083742044,86.13156458579311,-8.7287745368722,3.4074971675872803,3.321277741607512,23.234778142482813
-861310082084219225,86.13100826516147,-8.42192252603594,86.13046883190337,-8.422417215030146,86.13159146354089,-8.421361074221908,5.109431743621826,3.493103028229905,52.77470104040939
-861310048087490303,86.13100481536023,-8.74903039294382,86.13068306856046,-8.749385598483093,86.13132906993428,-8.748663039815968,2.6231279373168945,1.8494751743946352,-2.7924651092204607
-861310039086331662,86.13100393394309,-8.633166228270017,86.13054981748255,-8.63369328564271,86.13144833296712,-8.632692810404267,4.648050308227539,3.190478381522112,-13.344715476278921
-861309874086728576,86.13098744856777,-8.672857646392368,86.1303314507303,-8.673609490094345,86.13159517410348,-8.672303266614719,9.303996086120605,5.094742472288436,-33.8721171783048
-861309679084258554,86.13096797949977,-8.42585541230015,86.13060696976164,-8.426167035271721,86.13130861783131,-8.425500002461183,2.9234619140625,1.675246619525817,-59.694744251064954
-861309631084848867,86.13096312625338,-8.48488672205293,86.13057472209832,-8.485277757545024,86.13136065682932,-8.484471788229355,3.0384151935577393,2.087973404997425,-29.837210778257507
-861309592087454998,86.13095925220391,-8.745499866403765,86.13057259794363,-8.74591346421475,86.13133096339425,-8.745107512256007,2.7118771076202393,2.033312407247383,25.266623695574477
-861309472084315313,86.13094721247334,-8.431531365978447,86.13049157842278,-8.431944795469859,86.13136163123986,-8.431111007591225,2.8381195068359375,2.419489576905185,55.1549541948636
-861309288084829215,86.13092882028916,-8.482921546492548,86.13029503051841,-8.483444496279045,86.13147399453851,-8.482360541384917,3.693223476409912,3.5522755577133998,63.93885941699915
-861309196084769967,86.13091962367324,-8.476996799924997,86.13041056178434,-8.47763893516673,86.13139290317116,-8.476527307975415,4.160401344299316,3.3508071043875134,-29.819481706275585
-861309152085786408,86.13091522510402,-8.578640802017073,86.12937196973436,-8.579527351259435,86.13181494215239,-8.577692714532484,18.835365295410156,10.563695076879947,-86.0072356775598
-861309077087196982,86.13090775948238,-8.719698271751174,86.13027788751597,-8.720469656869163,86.13142914384134,-8.718774617630922,7.985544681549072,4.852406888944853,-11.822369744579666
-861308984087759220,86.13089843568082,-8.775922050569221,86.13005767014563,-8.776538077883515,86.13177280136796,-8.775288946920217,10.079814910888672,3.9956383013992136,66.84247287330786
-861308919087745468,86.1308919335157,-8.774546855673094,86.13022559336405,-8.775121579266447,86.13149100395518,-8.773900004266196,4.84921407699585,3.1839163030111153,-28.06012085193615
-861308695085008485,86.1308695407958,-8.500848521559032,86.13025711705723,-8.501333236000592,86.13140808039849,-8.500304849732126,5.034496784210205,3.41853395571839,-49.362194305403335
-861308694086019500,86.13086946488944,-8.60195008663896,86.13053873119472,-8.60233238025917,86.13121257783469,-8.601609800759732,2.315312385559082,1.8148105115846997,6.426883004771483
-861308645083986439,86.130864527399,-8.398643956638617,86.13056563461426,-8.398917191661658,86.13115499466272,-8.398389107679519,2.1781399250030518,1.4912227989269653,74.95937138716457
-861308207085495218,86.13082076952355,-8.54952189545546,86.13045508061981,-8.549916143538361,86.13121307325142,-8.549137964000789,2.3392698764801025,2.121627268110413,4.9822629488472066
-861308181085752874,86.13081813935038,-8.575287401767563,86.1303286359028,-8.575888191357809,86.13125509153821,-8.574859922531806,4.750860691070557,2.774621757260519,33.84018329356621
-861307971087424724,86.13079719386468,-8.74247247399534,86.12964733832165,-8.743886167285872,86.13211897533344,-8.741162654322967,22.967260360717773,16.901023076468025,0.35264326772341925
-861307881087117642,86.1307881502057,-8.711764261545088,86.13033818516674,-8.712219737257154,86.1312650313443,-8.711302581682018,2.3609087467193604,2.3270094885166372,-21.543256251298793
-861307845085648323,86.13078455707708,-8.564832375284826,86.13044665768889,-8.56513820371265,86.13112049957873,-8.564526734482424,2.0413331985473633,1.6207485140878086,85.30493947077167
-861307702085901657,86.130770280012,-8.59016572671159,86.13015203287317,-8.590777025262184,86.13138743561355,-8.589554146765094,0.6849414706230164,0.5320883427655096,-67.74639197621497
-861307655086723284,86.1307655367875,-8.672328480249119,86.13019118645491,-8.672831571938161,86.13131461181943,-8.67188652975317,6.471036911010742,1.8699269671192331,51.79832260825453
-861307579085565534,86.13075791465764,-8.556553454615635,86.13050733818044,-8.556777097419598,86.13101270104534,-8.55630460680554,1.5793561935424805,1.2336223020476935,60.30582657680896
-861307417087711667,86.13074176598757,-8.77116677917964,86.13028017627539,-8.771788426702617,86.13126442959913,-8.770733376794299,5.884725570678711,2.3535390207389373,-32.004657125384206
-861307399086892318,86.1307399208237,-8.689231869486406,86.13043474954084,-8.689553362461119,86.13102449557651,-8.688914162541273,2.7569901943206787,1.4253304296971911,36.826216254056476
-861307399083970482,86.13073991342831,-8.39704828724029,86.13034194961816,-8.397500538900696,86.13115576713557,-8.396666783676837,3.4280004501342773,2.639903388900622,-4.943056878778962
-861307313087338799,86.13073138164025,-8.733879925524418,86.12993281155237,-8.734636052028872,86.13150573178969,-8.733079668978693,1.3770791292190552,1.3210158139292325,-57.12328942730005
-861307288084248949,86.13072881798213,-8.424894912681172,86.13035486912189,-8.4253336049327,86.13111250882852,-8.424360989054968,4.688780307769775,1.8566141460237675,-23.026833627013804
-861307177084518183,86.13071776426987,-8.451818333090653,86.13039620736892,-8.4521944909967,86.13106977466278,-8.45144413822409,3.1674530506134033,1.7976887454318462,-17.41988259245012
-861307138085776277,86.13071386940797,-8.57762776475595,86.13007467097658,-8.57827713557332,86.1313942471849,-8.576943101535216,1.3991366624832153,1.0987850635064664,-31.718564505149182
-861307038085536950,86.13070383059976,-8.553695044642685,86.13008772390991,-8.55433280729699,86.13126684442283,-8.553137737163839,3.120102882385254,2.9140472747785604,-21.89754703835325
-861306930086760885,86.13069300059313,-8.676088572286073,86.13013300935432,-8.676609258897669,86.1312563542526,-8.675497552679085,4.035759449005127,3.8801865900297385,61.45841173464308
-861306901084941857,86.13069017145021,-8.494185752734618,86.13034491861166,-8.494499753480357,86.1310466912632,-8.493832716108981,2.419170379638672,2.026970646514723,-55.798915252877954
-861306674083976367,86.13066744611181,-8.39763672819698,86.13020125360647,-8.398083851686344,86.13112737061232,-8.397222259372455,3.172633409500122,2.356354199406256,55.33290287782509
-861306659086612416,86.13066590894712,-8.661241615381694,86.13016924039445,-8.661748376304747,86.13126445930129,-8.660664462165384,5.005666255950928,3.8976089984267976,-81.70533429922665
-861306623083794949,86.1306623361069,-8.379494923011011,86.13018314230271,-8.379945122277272,86.13108110791036,-8.3790279918764,4.00968599319458,2.383956584522154,-41.7317347440314
-861306578084911756,86.13065786049285,-8.491175690368989,86.13031846072577,-8.49149974356705,86.13099215776029,-8.490860498860481,2.129075288772583,1.8556017308395019,66.05548613115914
-861306442084504554,86.13064429841987,-8.450455479332787,86.1302004678876,-8.450972292696672,86.13109852379428,-8.449916267124083,4.516115188598633,2.872507116036248,-20.823043296073934
-861306129084470345,86.13061291195969,-8.44703458862939,86.13034261273452,-8.447333326600894,86.1309039344123,-8.446749699083586,2.1133618354797363,1.6124990710837006,24.695840378576875
-861306096086523752,86.13060969667058,-8.652375283017948,86.13031443112857,-8.652664973467505,86.13090415062086,-8.652081327064524,2.2424421310424805,1.3760139865516892,40.72134546242583
-861305906086441171,86.1305906934947,-8.64411716716836,86.13026277295538,-8.644442876671842,86.13093673875973,-8.64380362946143,2.127981185913086,1.7198902027535863,51.64720911445403
-861305520084642219,86.13055203355523,-8.464221978000484,86.13002442012531,-8.464833318822206,86.13111904564396,-8.463693854436908,3.582012176513672,2.9179743183600784,-31.477471717040807
-861305424087349506,86.13054248147988,-8.734950639678402,86.13010065246394,-8.735413519152996,86.13097134781857,-8.734496395382399,2.53538179397583,2.173714850557119,-20.986867246175493
-861305401083939996,86.13054017629396,-8.39399960005515,86.12871607228085,-8.397112273865572,86.1323352710555,-8.391832634482277,14.372793197631836,6.48325226262921,-20.000891568288793
-861305351085794847,86.13053515165434,-8.579484717790292,86.13001742136191,-8.580026969434943,86.13111237583469,-8.5788874988956,7.621934413909912,3.374680393994307,-34.65809641617284
-861305312086045295,86.13053126414847,-8.604529541824586,86.1300036317574,-8.605026706926743,86.13104254658516,-8.604026154079225,2.860733985900879,2.7456432404481257,85.82456721535226
-861305298086559078,86.13052981335338,-8.65590782583577,86.13028437073386,-8.65616486356122,86.13078984915708,-8.655664595177852,1.6357353925704956,1.5017430891238863,-9.891747340304363
-861305253084627492,86.13052537697232,-8.462749204829079,86.13008134796728,-8.463166589280542,86.1309795386834,-8.462305005470466,2.6244592666625977,2.3816038294886943,78.53334298535063
-861305113087264854,86.13051130579335,-8.726485472461476,86.1300210834513,-8.727052615407686,86.13100401740641,-8.725857657664712,5.0710554122924805,3.6825481827033038,-5.256573030227375
-861304943084774214,86.13049431530277,-8.477421470790159,86.1296802813606,-8.478138827218467,86.131196040614,-8.47669358290703,3.481092691421509,3.389231225718837,-58.291903056022335
-861304806084595050,86.1304806338219,-8.459505070131138,86.12910079378781,-8.460833615353838,86.13162672225411,-8.45802673276837,4.295328140258789,4.05349944129353,-85.8708093513051
-861304724087120894,86.13047246261607,-8.712089428961704,86.13022547505287,-8.71233055413031,86.13073104271837,-8.711858064257838,1.6611350774765015,1.3941627501662195,77.10046019189548
-861304717085474168,86.13047173281223,-8.547416876553976,86.1291088652032,-8.54833330293432,86.13211279924609,-8.54535948632679,16.5950870513916,9.890165709659165,23.575890771325177
-861304498085930343,86.1304498953448,-8.59303432982971,86.13017834403063,-8.593248860961431,86.13071186252598,-8.592804131900278,2.154355049133301,1.280007044513539,85.39677274643898
-861304427085282037,86.13044275414799,-8.528203706219283,86.12982091630354,-8.529110781658218,86.13130868287605,-8.527471105112054,5.348128318786621,4.306431706353352,-70.08374823376681
-861304325084693167,86.13043250729018,-8.469316767450687,86.12993733623401,-8.469777624126921,86.13091976271193,-8.468860439488427,3.255542278289795,2.8907481255611143,-20.726940189646907
-861304222087356454,86.13042224991393,-8.735645433629413,86.13018445915975,-8.735885560599518,86.13066195465316,-8.73541308687949,1.5666508674621582,1.4317655787787025,-12.413692094975703
-861304073086460812,86.13040739927492,-8.646081296726443,86.12986849248428,-8.64663727705452,86.13090744349923,-8.645497837271858,4.457099437713623,3.6986785376398736,15.31372168929033
-861303997083816597,86.13039977061831,-8.381659746104718,86.129957398712,-8.382083854559724,86.13082724579014,-8.38108340578533,4.298278331756592,2.4985848030625855,13.097681069596142
-861303817084537482,86.13038173562393,-8.453748224068837,86.12986175864525,-8.45449986551816,86.13075960844888,-8.453054952880938,13.793498039245605,3.3907364333376036,-6.874794757009274
-861303797085482761,86.13037979877731,-8.548276147154814,86.12995018574279,-8.548721496818125,86.1308204718989,-8.54783214567672,2.7504541873931885,2.3520644206954344,-5.049478044356949
-861303549084874207,86.13035494667173,-8.48742074514502,86.12989930068053,-8.487860774197975,86.1307975488205,-8.486999188271247,2.82092022895813,2.448811121474232,-83.36972820523488
-861303528087500179,86.13035284951474,-8.750017942128983,86.12894085729155,-8.751330008284622,86.13135611391834,-8.748217644631715,20.71443748474121,11.61157714347751,-17.018336179031895
-861303471086722596,86.13034713642939,-8.672259699113601,86.12991021664729,-8.672664601994123,86.1307527313728,-8.671858598757282,3.590787410736084,2.367802632063344,-47.114295490754934
-861303447087792163,86.13034476542094,-8.779216385359623,86.1298064672335,-8.779732983732297,86.13070640670725,-8.778705667619265,2.6382863521575928,2.082706229826259,-9.211579641196783
-861303426086480787,86.13034260287418,-8.648078772262862,86.13003580719804,-8.648359354207013,86.13068172842247,-8.647803454162093,2.3589537143707275,1.6663037222437445,-89.23646510269904
-861303418087399814,86.13034181526298,-8.739981448997513,86.12990118564979,-8.740468876671962,86.13082806856806,-8.73949616778133,3.0980803966522217,2.8585913053761627,-5.63502428228381
-861303130083861588,86.13031309551435,-8.386158883449669,86.12961803119173,-8.386778248541036,86.13082468208678,-8.3855276232868,3.089672803878784,2.9637222977749267,-27.550178863272127
-861303001086727067,86.13030019450456,-8.672706748326133,86.12993802548422,-8.673053423462067,86.13064012438717,-8.672386383591046,2.8205277919769287,1.8172829698442219,-65.4527511455718
-861302756087200046,86.13027560838987,-8.720004675924736,86.12985594651192,-8.720524826845434,86.13072656165936,-8.719524369901182,5.253212928771973,3.093426116509123,12.455420903628635
-861302580084859146,86.1302580023764,-8.485914679215414,86.12984390826946,-8.486221821391633,86.13065801969792,-8.48558250113226,3.635488271713257,1.6842873809667125,75.62777781904612
-861302382085732023,86.13023829335201,-8.573202314315067,86.12968375468608,-8.573776825658118,86.1307505989508,-8.57263736944058,5.469675064086914,3.43404908728633,36.57221344013924
-861302282084673011,86.13022823818082,-8.467301183857007,86.12996644063539,-8.467610748180372,86.13049969262937,-8.466999356511613,2.1832964420318604,1.4885726882978465,8.038223154456599
-861302228087172593,86.13022285587496,-8.717259321895716,86.12937987893977,-8.718219474373361,86.13100884151405,-8.716496393288434,7.686880588531494,6.3813978037198416,23.828912843541247
-861302189085677004,86.1302189409351,-8.567700421021058,86.12977100285178,-8.568249063061131,86.13069743846269,-8.567220793042114,3.931274175643921,2.759369737416311,-29.868399455326706
-861301933085371143,86.13019336891267,-8.537114358681762,86.12992810143122,-8.537332479252877,86.13043345315207,-8.536887765836617,1.7134857177734375,1.3014175953292995,85.99377351621015
-861301864083960484,86.13018641867573,-8.396048408260773,86.1295846432601,-8.397028113892754,86.13076292746013,-8.395194174296487,11.601339340209961,5.886945992993359,-0.09764388208508967
-861301854086685489,86.13018541498882,-8.668548964864126,86.12965939100509,-8.669109101837222,86.13075467523458,-8.668108518631866,6.180001258850098,2.729903605400573,54.58203175627688
-861301776084568530,86.13017765560845,-8.456853005030657,86.12966335055798,-8.457333148353872,86.13070189477159,-8.456388156607444,3.876309394836426,3.447000282988287,68.23808737008238
-861301475084689013,86.1301475932587,-8.468901321390208,86.12971285027588,-8.469221862981346,86.13052689486736,-8.468526988308195,3.4630625247955322,1.8668478609564108,68.58851930612533
-861301357083969700,86.13013576920173,-8.396970044846977,86.12958395654968,-8.397416998930769,86.1307627150112,-8.396444161713788,6.956582546234131,4.991974153160763,87.20312114645458
-861301338086963645,86.1301338363891,-8.696364562840214,86.12961603927216,-8.696886348549024,86.13062708649012,-8.695858035235439,5.148280143737793,3.9813510086813277,51.771517829339224
-861301231083901794,86.13012317661162,-8.390179481429307,86.12986830585386,-8.390444639544002,86.13037343345407,-8.389944377171203,1.7837326526641846,1.3340511074170438,-31.981856748932596
-861301228085903949,86.13012283951092,-8.590394979376521,86.1298988804986,-8.590637576593807,86.13034808687495,-8.590137337729054,1.6841514110565186,1.217046622822656,-8.023368127349089
-861300910084993845,86.13009104477524,-8.49938454226164,86.12963995910825,-8.499805018498295,86.13056633577696,-8.498971193841584,2.974583625793457,2.428627466370476,79.68177363078107
-861300834087236352,86.1300834776293,-8.723635286616275,86.12971339117658,-8.723996819419856,86.13044363955747,-8.723246434076389,2.4231936931610107,2.055328353647406,21.996544799614686
-861300832086897605,86.13008321496602,-8.68976051004667,86.1297319962439,-8.690164140480222,86.13043406507713,-8.689385991603116,2.604685068130493,1.8977932048805972,0.012210133818226183
-861300829084281514,86.1300829023561,-8.42815140866744,86.12970714462477,-8.428527680540041,86.13046491095926,-8.427777283537287,2.3452036380767822,2.0229335319817103,-0.09845164358398495
-861300709087781093,86.13007095965997,-8.778109303668819,86.12935595181264,-8.77884407130312,86.13079026792988,-8.777122586033544,3.703933000564575,3.518857961228167,42.70302759789482
-861300586085638101,86.13005868299453,-8.563810132751147,86.12957655030033,-8.564360099435781,86.1305029301651,-8.56324849636318,5.046904563903809,3.4384031480601633,-5.302818702411891
-861300550085569856,86.13005506767021,-8.556985650564915,86.12974867846432,-8.55727674587689,86.13036635566081,-8.556720861022653,2.0698611736297607,1.7135374033945394,74.04973860192183
-861300419086735371,86.13004190803505,-8.673537165575247,86.1295442793297,-8.674025568937518,86.13052719791285,-8.673052824244941,2.671856641769409,2.586468829760895,12.332424036550266
-861300374084559241,86.13003743428506,-8.4559241032765,86.12963572561415,-8.456277450959098,86.13042164461034,-8.455554814381573,2.7081263065338135,1.8579568003163462,-64.62241506879258
-861300237084406562,86.13002375438222,-8.440656247295468,86.12950380161745,-8.441110972888973,86.1305703525383,-8.440110412223056,5.157414436340332,3.4335892689512937,50.672470842027906
-861300233084573957,86.13002331500411,-8.457395706252615,86.12952267746147,-8.457916372817598,86.13050499616841,-8.456860300269044,3.1405882835388184,2.8701404628528726,23.097495915745032
-861300227084957923,86.13002271801604,-8.495792327671424,86.12927695287087,-8.496443929901128,86.13056817414031,-8.495137690156948,5.551689147949219,4.830415286834227,25.700111977021198
-861300094083777415,86.13000943051951,-8.377741502031295,86.12962251676566,-8.37811143931583,86.13038018330619,-8.377361046786834,2.34124493598938,1.9364306598366179,36.427191756352656
-861299946087207910,86.1299946605617,-8.720791069799064,86.1296868002241,-8.72110790091165,86.1302766087919,-8.720496478404005,2.2062387466430664,1.7416263888896795,15.905699389727827
-861299925085590263,86.12999256596048,-8.559026349655717,86.1253675798844,-8.563723062837928,86.13395842162885,-8.55502403661713,11.967765808105469,10.457021830534826,78.3841619352269
-861299715087596432,86.12997156726401,-8.759643250848583,86.1294872612524,-8.760150194228812,86.13044336137209,-8.759122906718588,3.530224323272705,2.8835237320963163,-10.789924206914787
-861299686085538766,86.12996861492475,-8.553876610417163,86.12949773120255,-8.554332369381667,86.13045223757615,-8.553331861442542,4.203824996948242,3.7858548862444006,28.44016051109553
-861299632087274619,86.12996328612257,-8.727461921056522,86.12948651016383,-8.72791355315972,86.13072252094689,-8.726996226899871,7.07498836517334,2.384935781816796,63.911224387497676
-861299576087654964,86.12995765726771,-8.765496433658594,86.12949032114436,-8.76592785636638,86.13041823135553,-8.765094994692214,3.0200536251068115,2.2757933775737533,62.566887861252525
-861299550084578982,86.12995503863702,-8.457898271310464,86.12946622181764,-8.45838856170414,86.13044857211445,-8.457388044125446,3.419628620147705,3.156480773078659,63.56821673225559
-861299483087746785,86.12994831988524,-8.774678542766258,86.12957935076203,-8.77506655024461,86.13042293733473,-8.774289201227932,4.62786340713501,1.6755071060262963,51.66778034217898
-861299249084338580,86.12992492232328,-8.433858080341258,86.12947941534034,-8.434305366537842,86.13037750649106,-8.433388228690676,3.030883312225342,2.6354916651616453,-37.76779752264384
-861299174084313309,86.12991744113387,-8.43133094274131,86.12939657759205,-8.431833194111995,86.13043502149658,-8.43083264906066,2.6543498039245605,2.563204749822037,-82.34460034033216
-861298949084413173,86.12989493209584,-8.441317352286099,86.1295314556931,-8.441749692548495,86.1302611050925,-8.440888198897522,3.567692995071411,2.014048950475063,-6.672860568781081
-861298857087458476,86.1298857951841,-8.745847615172382,86.12933595097205,-8.746385211587489,86.13048758671351,-8.745245715603824,4.415815830230713,4.08192773287023,41.76404780192718
-861298792085508338,86.12987928264383,-8.55083388199444,86.12935888683626,-8.551249029085389,86.13039774583999,-8.550415140915923,4.003356456756592,1.9799717977154185,72.3768224340233
-861298740084301655,86.12987406522687,-8.430165584343724,86.12903221526918,-8.430805454527126,86.13049174557767,-8.429582464395908,3.157456159591675,3.0636182421163034,63.08285420960763
-861298700086446397,86.12987002148255,-8.644639767581696,86.12941965035382,-8.645081405838203,86.1302901693312,-8.644219830732165,2.4411914348602295,2.3088374329480774,33.71245029646628
-861298520085755382,86.12985202338167,-8.57553821704184,86.12962612212631,-8.575804222332941,86.1300752954829,-8.575276205661579,1.9694087505340576,1.232903168420799,-0.8919957271173047
-861298477086771981,86.12984775608551,-8.677198137283359,86.12940172297635,-8.677580944404339,86.13030046052047,-8.676802686847292,3.809516668319702,1.9037281327023345,63.13041591213258
-861298477084719529,86.12984777138361,-8.471952975110371,86.1291495876419,-8.47244398785028,86.13038471279708,-8.471415555751857,3.210664749145508,2.9671180410403295,-82.72036867763356
-861298420087470647,86.12984206800154,-8.747064727615117,86.12919474294961,-8.747607418370267,86.13051502158889,-8.746495606342885,6.500300884246826,4.6246681631825295,-79.73479469615587
-861298260084725743,86.12982603890607,-8.472574382885867,86.12942999806583,-8.47294389439514,86.13021593554355,-8.472193478749169,2.6697957515716553,2.137894216233109,-47.6775120779763
-861298230086490708,86.12982309092297,-8.649070873012302,86.1292487314571,-8.649720202250823,86.13023143396624,-8.648469681968663,8.613691329956055,3.5106789437555426,21.780664677345076
-861298202084850637,86.12982023368781,-8.485063706418524,86.1288617656365,-8.485916477632559,86.1310513750438,-8.484081983371262,11.305204391479492,5.711929476316253,-59.351903020736586
-861298187085780268,86.12981876703542,-8.578026826031747,86.12917538973976,-8.578498795657024,86.13035473458639,-8.577581497586545,6.022884845733643,3.2674911694193827,84.96995045229619
-861298176085935585,86.12981763887402,-8.593558564154447,86.12947579721407,-8.593915232592545,86.13017773502791,-8.59322041358195,2.623076915740967,2.112610334471632,-52.21430206302989
-861298142084961813,86.12981421607273,-8.496181315127771,86.1292485309752,-8.49669383806727,86.13039952340314,-8.495748782008786,5.018287181854248,3.3318825093960607,76.92512537351239
-861298118087232614,86.12981185511009,-8.723261428925275,86.1293482910194,-8.72371893970024,86.13024707551284,-8.722829575124425,2.479153871536255,2.3764098179418873,16.20084750110685
-861298048086497863,86.1298048307691,-8.649786350609064,86.12927636946449,-8.650331381613118,86.13037158367982,-8.649303019407002,4.485037326812744,4.112724543965361,-57.7370210492592
-861297993086999567,86.12979931149633,-8.699956781824099,86.12882748469752,-8.700886411863346,86.13087780386438,-8.699024209623854,6.136253356933594,3.6840745264843537,65.67212684621367
-861297853084760649,86.12978534950219,-8.476064951511693,86.12925962986937,-8.476582788142064,86.13027011041214,-8.47558225356571,3.315650463104248,3.1324278122806826,80.87760037306492
-861297620084645675,86.12976208483924,-8.464567574683672,86.12943438174207,-8.464888335377971,86.13010801519447,-8.464221312964007,2.275897979736328,1.9635919527640582,-37.41627864156526
-861297490085033647,86.12974900842453,-8.503364796847771,86.12935691565123,-8.503749225860533,86.13017097175259,-8.502943238141683,1.738397240638733,1.3476382757922691,-80.33809349387883
-861297209087371786,86.12972094454562,-8.737178680251194,86.12922823252927,-8.737635271765644,86.13021134406091,-8.736718084333303,3.378183126449585,2.729813869868767,-84.96444539463519
-861297136087076097,86.12971368163275,-8.707609730756351,86.12918835379898,-8.708163694271251,86.13022750013623,-8.707079810698994,2.802450180053711,2.7162538328017996,0.8091355407080039
-861297105084672527,86.12971052969863,-8.467252763930981,86.1294328390754,-8.467471590409879,86.12999426515793,-8.467026848516575,2.351607322692871,1.1265289476878104,-77.18250308562986
-861296730086937304,86.1296730991914,-8.693730496625989,86.12902748036304,-8.69441401797033,86.13034743739092,-8.693052206377669,1.804664969444275,1.079091024535887,2.4094725145274705
-861296634085713267,86.12966340840613,-8.571326778483487,86.1292914712484,-8.571859795790866,86.13004936720563,-8.570831615710004,5.027437210083008,2.229108679021005,-17.939016371717525
-861296586085869690,86.12965867329724,-8.586969067920064,86.12925484773425,-8.587554134566034,86.13009694455039,-8.586331466113224,7.078644275665283,3.2724233751174103,-2.43721247748063
-861296567087268920,86.12965674520079,-8.726892070097195,86.12912146791851,-8.727302193451315,86.13024511143813,-8.726468259245276,7.827183246612549,1.5369864147086776,-69.74377411996784
-861296377086043636,86.12963776023425,-8.604363630394538,86.12899244846948,-8.60502631166064,86.13031211282886,-8.60369227379937,1.1257964372634888,0.9927808266393032,11.913713966692587
-861296199085643919,86.12961990352568,-8.5643919025402,86.12890219357153,-8.565165497009719,86.13022158251964,-8.563581461425951,7.067892074584961,4.662036378731641,-8.774209426881256
-861296103085979489,86.12961033320846,-8.597948924410296,86.1287992728228,-8.598526436666216,86.13042804578295,-8.597386673303042,11.451208114624023,6.658097138199654,81.84253821985533
-861296037083741892,86.12960372111797,-8.374189290240798,86.12920333494867,-8.374694603805395,86.12998897888681,-8.373777531276977,3.688767433166504,2.151475514299952,21.780453148138808
-861296021084957064,86.12960214625406,-8.49570643324404,86.12905225318377,-8.496304786316985,86.13009079426399,-8.495165346800222,4.352221488952637,3.4445738530881664,24.61778228532785
-861295997084584206,86.12959972215262,-8.458420605133329,86.12912890720868,-8.458860585831546,86.13008323608202,-8.457971192676029,2.7945404052734375,2.380308434365285,-77.44977802376302
-861295976084405659,86.12959769963794,-8.440565954905209,86.1292229558598,-8.440888408649057,86.12992459776277,-8.440165817272847,2.7760555744171143,1.763244410543826,39.83669335296619
-861295957084985156,86.12959570391288,-8.49851564187525,86.12891034007406,-8.499221493577185,86.13020153876359,-8.497859697246705,6.0025634765625,4.611362237061734,-31.57008879679154
-861295766086938062,86.12957662169909,-8.693806269289333,86.12894310360885,-8.694413925633063,86.13017883644147,-8.693191046301692,1.3711073398590088,0.7346623202609314,-54.17634275365649
-861295671083657620,86.12956714703868,-8.36576209999441,86.12881508596043,-8.366361309809841,86.12988124333152,-8.365027427529272,3.525456666946411,2.662210727428291,-26.74910856636534
-861295553086568592,86.12955538879625,-8.656859274466928,86.12896339874558,-8.657358892950453,86.13005866279384,-8.656386084830906,5.14206075668335,3.9257208075482324,88.28738452305005
-861295430087614469,86.1295430832707,-8.761446938684573,86.12915099535681,-8.761817084271847,86.12991022026513,-8.761067471081924,2.625425338745117,2.0240949151635608,41.3611665104393
-861295307085346303,86.129530747023,-8.534630322037176,86.12905885436528,-8.535110031002752,86.12998525380554,-8.534165092937334,3.1868603229522705,2.931532000807395,89.65594684768394
-861295264084825409,86.12952644885527,-8.482540984474209,86.12835788311398,-8.484166174735002,86.13046255021365,-8.481109509259467,11.440083503723145,7.726135317515883,7.8619968577659955
-861295068087109294,86.12950684553991,-8.710929492385505,86.12887747964403,-8.711552453220825,86.13011323688315,-8.710274020507951,1.6294537782669067,0.7291727256581935,-16.27996851722036
-861295024087211064,86.12950245982833,-8.721106402207248,86.12898418726186,-8.721607735624493,86.12999531325556,-8.720607199525512,3.47037672996521,3.446323469504888,-13.989018546973268
-861295005085945284,86.12950054207012,-8.594528440294981,86.12905393167752,-8.594998449101174,86.12998049116493,-8.594081287279918,5.079606533050537,1.9549929476668466,47.89032219855409
-861294893087560601,86.12948934697047,-8.75606016117037,86.12912010624903,-8.756511664100485,86.12987939098619,-8.755623165571246,3.697662353515625,2.130628915569456,14.063569002096683
-861294702084921165,86.12947028884427,-8.49211654230223,86.12899802603094,-8.492610276442578,86.12992430731116,-8.491637562794436,3.361812114715576,2.948054632809106,17.407309313609456
-861294696084057581,86.12946961651501,-8.405758148702427,86.1291297790182,-8.406138631215466,86.12980326282884,-8.405388279786923,3.067084550857544,1.6849169132734383,-20.366724575825174
-861294612084083911,86.12946125350503,-8.408391106302812,86.129184438589,-8.408694133013693,86.12974570186168,-8.408110506246254,1.905584454536438,1.5033900483367626,19.57312932934823
-861294462084309571,86.12944629377675,-8.43095710160838,86.12886328669502,-8.431527476848656,86.13012629887575,-8.430387923159138,5.172900676727295,3.429136749929875,-66.46404737676315
-861294457086939178,86.1294457187077,-8.693917885795408,86.1287183031013,-8.694663890274056,86.13012249902783,-8.693190922362817,2.29209303855896,1.0769211386991309,31.234612072871155
-861294356087112378,86.12943562178215,-8.71123784487343,86.12882109307435,-8.71191354153939,86.1300849373939,-8.7106073160326,2.1065640449523926,0.8153469632245282,-32.47996529858458
-861294240084523650,86.12942403970861,-8.452365009464893,86.12904797917135,-8.45277717716356,86.12986191106923,-8.451943414410618,2.884432792663574,2.585905178950469,55.28118592658672
-861294205085016351,86.1294205116034,-8.50163519791237,86.12904916198612,-8.502443452974957,86.12975039589341,-8.500776419776658,12.423871994018555,1.4651777774111758,-11.826475052128567
-861294053087110577,86.12940538994344,-8.711057738338809,86.12879309904459,-8.711691308414949,86.1300569578614,-8.710412860012385,2.096205472946167,0.8411600397379142,25.612933249422873
-861293920085852400,86.12939209774811,-8.585240014355687,86.12897473696829,-8.585665095261195,86.12978896620675,-8.584859104357632,2.9768316745758057,2.216448012809213,-41.2042801879077
-861293738086988351,86.12937382278794,-8.698835166935092,86.12857514806281,-8.699608304548795,86.13023218965306,-8.697996311588104,3.153315782546997,2.52209556465041,-63.481320143319785
-861293680087571666,86.1293680639052,-8.757166676672071,86.12889580728319,-8.757595013404126,86.12979563247994,-8.756678805724817,3.973952293395996,2.9299948684347386,-43.99955854044831
-861293151084648694,86.12931510904787,-8.464869433188188,86.12864794250547,-8.465360404165887,86.12982692267194,-8.46441533398022,3.7094361782073975,2.772500137395765,85.54153468671566
-861293035084495504,86.12930350568726,-8.449550462883062,86.12879681563263,-8.449999405124226,86.12983535305278,-8.449082189387655,4.317309856414795,2.627899382581611,-67.18107314641344
-861292949086940603,86.12929493100384,-8.694060328805095,86.12863391086682,-8.694747114231063,86.12992575205567,-8.693357539485113,2.0209949016571045,0.8722330273780214,10.975896741608281
-861292849084671397,86.12928492004441,-8.467139755208263,86.12861863257604,-8.467638165802377,86.12982567253987,-8.466637525135873,4.628208160400391,3.4993224012014346,-89.0627905498558
-861292637085675576,86.12926377004757,-8.567557635213603,86.12884408205812,-8.567970741318891,86.12968631834568,-8.567081402528068,3.9564623832702637,2.0669050751512463,-44.173500544559325
-861292608087113815,86.1292608764538,-8.711381542653756,86.12845585242682,-8.71224688349605,86.1301128560209,-8.710468227983645,3.864896774291992,1.9317890878143358,-18.968082193013085
-861292572087261925,86.12925720902584,-8.726192515909968,86.12884085670981,-8.72669083313109,86.12976770348142,-8.725718120628336,4.4696364402771,2.534213595427036,-33.88957201862772
-861292493084960880,86.12924932169236,-8.496088001821642,86.12891153449102,-8.496443433146744,86.12964134778686,-8.495693045327465,3.2486214637756348,1.6539370154462347,38.11616077375469
-861292434084975029,86.12924344089134,-8.497502942325676,86.12854580827985,-8.498193526896504,86.12983698681361,-8.496803951893595,5.9860944747924805,5.104168163278192,-24.559555722633664
-861292234087110488,86.12922340543803,-8.711048831470942,86.12842784323729,-8.711830132714406,86.12994447593029,-8.710301549151717,2.372573137283325,1.8408592234138976,34.63719779537318
-861292222083967389,86.1292222931479,-8.396738905204227,86.12823682691715,-8.397666744014927,86.13028524539605,-8.395304566216637,12.109208106994629,6.912285050199219,26.801097570136765
-861292172084529850,86.12921721613573,-8.452985052452393,86.12887908671884,-8.453304785966628,86.12955271412055,-8.452665540880274,2.110577344894409,1.8041888121405736,-74.98617944955188
-861292122087232206,86.12921223299432,-8.72322061114585,86.12873011846173,-8.723718630443582,86.12968502938425,-8.722690347634279,3.837782144546509,2.834232843588134,28.31976665167068
-861292061086941575,86.12920616507579,-8.69415759316566,86.1285776186468,-8.694747052555153,86.1298133513306,-8.693524172096305,1.0804084539413452,0.8821682279954705,49.13821720626763
-861292049084558800,86.12920498644453,-8.455880012981787,86.12876519414878,-8.456249253722529,86.12963534414138,-8.455498792821004,2.710502862930298,1.9229881449479131,-62.9114878303827
-861291791084111491,86.12917915192355,-8.411149197619253,86.12870575942463,-8.411777393168547,86.12965977086982,-8.410526895727244,6.645083904266357,3.4923602375757694,-11.193417143111112
-861291757086585673,86.12917575408372,-8.658567314477436,86.12848492998793,-8.65933096402788,86.12983280033733,-8.657858023529794,5.459774017333984,3.798515399051891,-31.06400572608518
-861291718084987627,86.12917186803708,-8.498762794442177,86.1284046278052,-8.499360125368687,86.12972400304142,-8.498164977845214,7.5290141105651855,5.195882995103722,-81.18985279813326
-861291694086014518,86.1291694138967,-8.601451818042511,86.12879723455819,-8.601775917016449,86.12952727884208,-8.601081081503217,2.6136069297790527,2.071370611759771,-65.41482460697394
-861291599083726653,86.12915999278793,-8.372665305472786,86.12878301219395,-8.373027718679877,86.12954066696813,-8.372277325122786,2.070279836654663,2.028376893939553,-85.42335745659642
-861291445084712363,86.12914455659394,-8.471236338135517,86.12799878200912,-8.472249409758895,86.13013206435642,-8.470276055115491,4.189948558807373,4.021011251478932,14.457300500445234
-861291416085854279,86.12914169898508,-8.58542797678938,86.12886221528126,-8.585720452116897,86.12942373726801,-8.585136818455563,2.0626721382141113,1.5194039982027485,14.61121127347888
-861291373085259799,86.12913736934105,-8.525979975800098,86.12838996775345,-8.52663774732786,86.12976519803613,-8.524692572741015,4.867695331573486,3.8275073630826957,0.6973670395523542
-861291341085687868,86.12913419434082,-8.568786841416168,86.12859062045646,-8.56935966445905,86.1297698283237,-8.568247922108513,3.00991153717041,2.8940668269226393,-79.17958681835256
-861291259085393431,86.12912592980597,-8.539343119499366,86.12776641820989,-8.547305277398074,86.13163583786017,-8.53483105368137,130.56077575683594,12.876446566657672,-7.804880710662194
-861291133084917265,86.1291133756755,-8.491726554133932,86.12877348161098,-8.492082245947262,86.12944714631686,-8.491387443447088,2.2966058254241943,1.999491290870779,-23.086049163819627
-861291044084938512,86.12910447006823,-8.493851219468565,86.12857581111282,-8.494443416502556,86.12958627551103,-8.49333176856011,3.019305944442749,2.786029612015179,6.57878915445151
-861290896083909057,86.12908963831025,-8.3909057166394,86.12871680778048,-8.39130523573194,86.12941831199562,-8.390499315047498,4.3370795249938965,1.894762692049522,-20.655494351374752
-861290671086593783,86.12906714614434,-8.659378330123353,86.1285405878096,-8.659886388577087,86.129607714287,-8.658830262595334,3.2927768230438232,3.263769063528034,40.12038234827495
-861290536087563158,86.12905367945196,-8.756315829498554,86.12872679557282,-8.756706336911849,86.12940170857713,-8.75592890502188,3.2787890434265137,1.7574327739765239,11.396305176396606
-861290440087117665,86.12904405778059,-8.711766521011906,86.1281185134518,-8.712774526934803,86.12988775453385,-8.71069025892742,8.032632827758789,3.2515187962457124,8.02862887439113
-861290415087557829,86.12904151485543,-8.755782961874422,86.12875467354534,-8.75606750395141,86.12931706703188,-8.755484457334852,1.9619077444076538,1.6994472380345438,-9.341532409957782
-861290414087317725,86.12904140351544,-8.731772537542,86.12858483481489,-8.732218360941621,86.12953984324493,-8.731328964157768,3.3010764122009277,2.812497795216705,75.8397922509711
-861290341085864081,86.12903410465155,-8.586408144802075,86.12835611140066,-8.586914977296559,86.12959163389648,-8.585942090994457,7.482810020446777,4.548816370682164,-54.43670937991812
-861290322085760946,86.12903229018384,-8.576094643171709,86.12847414370312,-8.576526149326295,86.12954116068894,-8.575692242770394,4.888836860656738,2.242038494013703,61.96155824262474
-861290304084048718,86.12903043904869,-8.404871821900343,86.12840027818324,-8.40533299375337,86.12963523109079,-8.404387899692146,5.758025646209717,3.343593947441455,85.37188456253537
-861290299086198715,86.12902991003017,-8.619871535695317,86.12873088397957,-8.620247837545113,86.12932045907576,-8.61949752360476,2.6659905910491943,1.396487415066651,-9.603730936906281
-861290105084660164,86.12901059131144,-8.466016481791149,86.12870337341153,-8.466332393959009,86.1294051374868,-8.465748687927098,3.2916181087493896,1.8398544224067568,72.18296254885362
-861290016087112342,86.12900163621408,-8.711234270086777,86.12825911238738,-8.711996687821067,86.12974767432623,-8.710523673505605,2.2493278980255127,2.1106461706784136,84.28777803101052
-861289930087305194,86.12899300584844,-8.73051940716085,86.12838880601151,-8.730940628184976,86.12956864881252,-8.730078883874322,5.98881721496582,2.3864764017758087,73.34841637640864
-861289884087109129,86.12898840670961,-8.710912964536373,86.12839974192049,-8.711552175135054,86.12960741143635,-8.710301533598507,1.4103243350982666,0.7726317350140717,-15.412569733546203
-861289849084645933,86.12898498162026,-8.464593304834057,86.12864801915943,-8.464915692243439,86.12932166655608,-8.464276446092361,2.2788822650909424,1.7970190833877642,-69.90114149436579
-861289820083769611,86.12898202666076,-8.376961141176151,86.12762996406462,-8.37816696459212,86.13032399893079,-8.375721115475704,9.924149513244629,7.51413037630677,85.42528104153351
-861289729086039913,86.12897299467753,-8.603991302136768,86.12826220181826,-8.60458145978185,86.12955382987106,-8.603358544764875,7.4284348487854,5.475853685130572,-36.321887205512844
-861289634086003418,86.128963456372,-8.600341877450093,86.12851696132972,-8.60077586577442,86.12941545549234,-8.59988649546773,2.842599630355835,2.2933174869327853,-34.91618513430729
-861289551083614083,86.12895515457335,-8.361408373851065,86.12856460973126,-8.361861068422698,86.12932219599837,-8.361027343396973,2.7004799842834473,2.004159491730067,-11.36731029345176
-861289539087547250,86.12895393733203,-8.754725052709544,86.12830436126234,-8.755122931096171,86.12962573546832,-8.754234704539172,8.687236785888672,3.2710444122339593,-86.32707294636919
-861289493083751969,86.12894930732749,-8.375196908487448,86.12847283559843,-8.375749834979404,86.12939878720542,-8.374693799168911,3.206268310546875,2.5841752198515175,-16.476384812371524
-861289475084995712,86.12894751099961,-8.499571277162449,86.12854461179258,-8.500415477490902,86.12935830621043,-8.498970603765688,10.65162181854248,2.0843410421840405,-12.560523220741771
-861289473084435629,86.12894735993342,-8.443562930936258,86.12821060788576,-8.4441936987626,86.12947347540545,-8.442720810753496,8.971659660339355,5.6149047337478395,14.067229103804186
-861289334083636333,86.12893349515878,-8.363633335468418,86.12839500451139,-8.364194446962262,86.12946129244715,-8.36311056083738,4.014875411987305,3.6966754571840728,15.66170839840032
-861289241087753195,86.12892414652327,-8.775319580752443,86.1285960018614,-8.77565042135021,86.12929898540644,-8.775011887552205,2.2553153038024902,1.7199995007936506,-85.05461690214987
-861288992087587603,86.1288992535726,-8.758760324155247,86.12855941301349,-8.759123029865759,86.129234316016,-8.758373374623652,2.783034324645996,1.8145542449949579,9.30280724621941
-861288955084765663,86.12889552184592,-8.476566323498062,86.12813614236943,-8.477388037598834,86.12970798419717,-8.475803869545265,5.471191883087158,4.189472285984839,54.28013328767025
-861288955084085951,86.1288955075044,-8.408595123430292,86.12842628558062,-8.40905504658202,86.12938047344369,-8.40813787903581,2.7312517166137695,2.5832888802381184,-69.21434003299782
-861288910083801506,86.12889104871847,-8.380150607301665,86.12838584310914,-8.38055533625586,86.12939614496578,-8.379693697139246,3.650721311569214,2.245018275504035,77.05114701130083
-861288831087107567,86.12888315644896,-8.710756724969684,86.12817503901415,-8.711385496396618,86.12957940166258,-8.710106968603323,2.1116297245025635,0.8325781790469114,-89.82200252144884
-861288644087755730,86.1288644852247,-8.775573096429486,86.12848366174386,-8.775983775242684,86.12924294335146,-8.775178605374883,2.6347544193267822,2.040655934730173,-11.45839615073287
-861288541084299425,86.12885417165258,-8.42994253509826,86.12835832344719,-8.430388178299287,86.12934066038306,-8.429498770901098,3.602245330810547,2.2186330962937895,70.29930872633
-861288448085317893,86.12884488072692,-8.53178933593002,86.12813381223106,-8.533776449673166,86.12950848268821,-8.530775725836357,17.304183959960938,5.355753102046459,0.3390235487219137
-861288031086033323,86.12880319615162,-8.603332319647128,86.12826252446833,-8.6038312838046,86.12921712001483,-8.602775217312066,5.7496232986450195,3.377604801669846,26.529609590333862
-861287855084582275,86.12878551006361,-8.458227575232776,86.1284268979908,-8.458610091944028,86.12915663827934,-8.457859705381502,2.413069725036621,2.0528036800686595,8.044784173004475
-861287826083695756,86.1287826272754,-8.369575682775151,86.12841970486642,-8.369916420987584,86.12912123068047,-8.36922161176989,2.615642786026001,1.9298997221894925,-70.24638344998465
-861287676085102512,86.12876767493144,-8.510251268825602,86.12679820235768,-8.512832422508781,86.13002555979517,-8.508108484808803,35.4747314453125,20.73761182651048,-22.283743167184745
-861287676084171984,86.12876769629457,-8.417198412224254,86.12148965528924,-8.424807804310863,86.13487557166111,-8.410022979528819,34.49428939819336,32.185641961772234,2.4673403133387883
-861287646085303644,86.12876467499684,-8.530364477337923,86.12824671790429,-8.531081842291966,86.12917290580023,-8.529775793966627,9.16898250579834,3.0062059836961477,-18.86375855221013
-861287585087281095,86.12875857330057,-8.72810950024925,86.12808104462239,-8.728746094299423,86.12931693144823,-8.727606546425765,8.156795501708984,6.463172775053273,-48.93127055790063
-861287286087124327,86.12872862776008,-8.712432785640802,86.12778088143334,-8.713329916457434,86.12960643407942,-8.711440056537231,4.742992877960205,3.008846863170999,12.475229245895763
-861287198087110100,86.12871983258793,-8.711010066813481,86.12778158999376,-8.7118299317743,86.12957915729181,-8.710162304841926,4.49875020980835,2.694470816403634,62.21820809330629
-861287161084774881,86.12871613444634,-8.477488142484725,86.12830391004313,-8.477859925,86.1290898706393,-8.47713728443963,3.32529354095459,1.8715474479060918,54.69775675366845
-861287155085660288,86.12871554877768,-8.566028848690186,86.12850768277318,-8.566220344235708,86.12892882926471,-8.565831229379226,1.4975255727767944,1.1910207908704973,-76.8362373689279
-861287041085883450,86.12870416666023,-8.588345045313359,86.1284392213381,-8.588664625310887,86.12897263921258,-8.588053228813818,2.27441143989563,1.4104883746515018,-7.2294658669165335
-861287001084057301,86.12870016242599,-8.405730195500576,86.12817521684286,-8.406277235033496,86.12926968482346,-8.405165549833661,3.982482433319092,3.5955368106056156,9.61411238630623
-861286973084461767,86.12869735083466,-8.44617673566681,86.1281808822576,-8.44672130693602,86.1291912657874,-8.445692994701753,3.1381945610046387,2.974468719607221,-36.650979557969016
-861286968084406353,86.12869689178967,-8.440635345672856,86.1283242858046,-8.440999053910833,86.12905400771912,-8.44027644593842,2.838104248046875,2.235661782863331,-52.07490620905088
-861286961086448346,86.12869616814672,-8.644834659868323,86.12804293859611,-8.645497560956574,86.12936275424025,-8.644191298082179,1.188395380973816,0.9899602543597876,-15.895402618349873
-861286861084838612,86.1286861919914,-8.483861203518913,86.1276829460414,-8.484888061416767,86.12984428939366,-8.48274802250099,7.0105671882629395,5.8915248393066255,-60.592443714086215
-861286814083565190,86.12868149016957,-8.356519085381393,86.12817429921014,-8.356972138012223,86.12912835685728,-8.356054976427126,3.1575138568878174,2.791994086173673,80.22381451573673
-861286807085462703,86.12868071649021,-8.546270373862662,86.12835013363,-8.546692779314943,86.12905195211991,-8.545942403867711,2.7301723957061768,1.8073797056095968,35.45732916888121
-861286770084415614,86.12867707117,-8.441561455849163,86.12807109092086,-8.441999196296553,86.12933427346016,-8.441109636853904,7.547403335571289,3.8921677820414384,-75.51269702750747
-861286755084700079,86.12867557834322,-8.47000796828762,86.12825195022978,-8.470387770139084,86.12912206981068,-8.469526196793273,3.9288506507873535,2.5505595760606563,-66.01759226993622
-861286752085504898,86.1286752007773,-8.550489869909681,86.12843202222858,-8.55074822823322,86.12890926948391,-8.550247972753976,1.6906719207763672,1.3873604306824923,-38.32676026383008
-861286724084633870,86.1286724674822,-8.46338701208163,86.12839591425384,-8.463665505363274,86.12895727209097,-8.463109651884048,1.8674120903015137,1.5463383948673697,35.18516282855776
-861286717085071445,86.12867172249538,-8.50714450372672,86.12814716853386,-8.50763759021759,86.12924198727838,-8.50663700529924,3.31501841545105,2.9120470406681807,-73.33693671023224
-861286635085283706,86.12866354391537,-8.528370652572837,86.12821975142589,-8.529081780503478,86.12903356689147,-8.527748015339522,7.9555745124816895,2.172394856890645,-4.839011304843638
-861286634085294426,86.12866349885488,-8.529442604173145,86.12816297618801,-8.530109551022898,86.12903300058856,-8.528831310494835,7.757356643676758,4.32986313300366,-6.427967895371166
-861286470084784318,86.12864709327695,-8.478431868650146,86.126730915064,-8.479776759400218,86.1294258280583,-8.477636429459677,14.2735595703125,6.58731804739725,52.813532563511956
-861286421084906568,86.12864211921536,-8.490656818531198,86.12810009609179,-8.491137672016537,86.12919489833139,-8.49019264329338,4.767837047576904,3.240899037866314,-71.71140637620388
-861286349087427466,86.12863497480512,-8.742746624313568,86.12821334845314,-8.74305118590232,86.12908422554936,-8.742439606534605,4.389793872833252,1.684608028665731,-85.05506821468477
-861286338084914371,86.1286338395121,-8.491437149470368,86.12818395213657,-8.491970954337155,86.12911018361517,-8.490914906096593,4.4974589347839355,3.117136123621063,-1.4506537490836042
-861286329084397650,86.12863298719938,-8.43976509464918,86.12812828371776,-8.440193504694145,86.12905445143112,-8.439248570724393,3.2486894130706787,2.6130107404196727,23.006233472800737
-861286274084848120,86.12862745006731,-8.484812002548443,86.1282436863934,-8.485137622363341,86.12902969251152,-8.48447053643513,5.119593143463135,1.2385992193232267,-59.53815807562938
-861286172086442438,86.1286172540958,-8.64424384333539,86.1281273971326,-8.644580721814656,86.12902610068006,-8.643885792932112,4.6953206062316895,1.863306882330945,89.26291590204299
-861286171085275212,86.12861710478884,-8.527521280840395,86.12819227814603,-8.528192928244854,86.1290902326034,-8.526636896844629,10.021956443786621,3.426749750310063,-2.2205040355731054
-861286096083861641,86.12860961094765,-8.386164151493887,86.12810175294237,-8.386638469004422,86.1291401016506,-8.385693481060104,4.038691520690918,3.0941876895041176,-78.69429842588983
-861286021084690791,86.12860215719752,-8.469079125136588,86.12830851681274,-8.469387656535146,86.12889795120017,-8.468804009993953,1.8897984027862549,1.83075477731303,40.83852844036261
-861285891087439664,86.12858911994462,-8.743966417356777,86.12807230704335,-8.744579034539356,86.12928011031472,-8.743383949376867,6.2609381675720215,3.6589034378003924,31.020396851932688
-861285792084076346,86.12857926853908,-8.407634612946005,86.12794961632949,-8.408166076244138,86.12921248718783,-8.406915412814875,6.254971027374268,3.6056892371486784,-65.04566471874335
-861285758083887781,86.1285758704879,-8.388778100788018,86.12759504810718,-8.389444084365318,86.12930702398785,-8.38805429638221,13.032137870788574,8.524946046813355,73.36540464878044
-861285680085246002,86.12856804981547,-8.524600265889584,86.12827815451205,-8.525415048461259,86.1288670605974,-8.523720296425829,12.964111328125,1.2262264330781614,-4.925104557084807
-861285663083957350,86.12856639882037,-8.39573508273202,86.12761922903566,-8.39624959984642,86.12935943691845,-8.39508201562332,14.693778991699219,5.502116710997483,60.068086754390265
-861285642083705278,86.12856429225947,-8.370527852443857,86.12830684691004,-8.37083292762315,86.12883996157898,-8.370221539948808,2.3113553524017334,1.278386590114612,23.490874637605824
-861285620084676917,86.12856200234297,-8.467691711421976,86.12816895921203,-8.468082140426196,86.12895483803393,-8.467248389891141,2.7361414432525635,2.248699622690851,15.671801052182525
-861285494087295588,86.12854943264423,-8.729558830727225,86.12785548480541,-8.730079304052472,86.12914758076556,-8.728939724500512,6.511597156524658,4.9556047292114895,-54.41964058629416
-861285388084428716,86.12853889621466,-8.442871603284607,86.12795818014119,-8.44388801043442,86.12922090722468,-8.442165123649938,11.483160018920898,6.676607949674123,34.876086262924
-861285351086910738,86.12853511556266,-8.691073820772747,86.12827002369761,-8.691329875882474,86.12877553038469,-8.69080182837665,2.3756186962127686,1.1059834229203795,44.96118060597976
-861285156086549309,86.12851561043935,-8.654930938664211,86.12823385087088,-8.65521934219422,86.12879545832381,-8.65460793076852,2.172684907913208,1.4204983278827121,4.532115815199962
-861285111086106772,86.1285111233851,-8.610677291447724,86.12752825630835,-8.611581326330498,86.12943760524206,-8.609691412115163,1.8506255149841309,1.814430469100304,-85.2050510599233
-861284923083874353,86.12849231289502,-8.387435318816802,86.12782031599244,-8.388305147786559,86.12919533957188,-8.386887762491208,6.098374843597412,4.259286917321253,-42.70296641672371
-861284896084693781,86.12848965078311,-8.469378150565607,86.12816797580824,-8.469693164639411,86.12881353170917,-8.469026154939248,3.310530662536621,1.4829078129497604,42.12417563795015
-861284884085781177,86.12848840709272,-8.578117799267115,86.12749012586667,-8.579081652403739,86.12948357238828,-8.5771639151146,1.818684697151184,1.7405192553976805,-32.834456308457405
-861284881087587938,86.12848815746608,-8.758793816455034,86.128109747599,-8.759123207448324,86.12886895066177,-8.758401369461765,3.2107629776000977,1.8587724141923092,56.19502896087574
-861284763086721998,86.12847636849175,-8.672199884036063,86.12769068176453,-8.672997130848042,86.12929142261564,-8.671412940266855,1.425111174583435,1.329928786784282,-40.29242676902387
-861284692087619208,86.12846924215823,-8.761920862164237,86.12754908457123,-8.762678491245032,86.12926424052517,-8.761234909846952,5.066493988037109,4.226728401664001,-87.53185911766937
-861284655085816906,86.12846553470528,-8.581690695580468,86.1279935894795,-8.582303541040462,86.1289199617881,-8.58110860155024,5.135076999664307,2.8316675350652925,-7.133492816952437
-861284375085230774,86.12843754761954,-8.523077410079443,86.1281664033115,-8.523553889581974,86.12875573634095,-8.522636909746332,3.827925682067871,1.3211785864556291,-5.170418827558318
-861284361087288540,86.12843611661582,-8.728854031743682,86.12791201345871,-8.729357036193852,86.12903556783272,-8.728356435713478,5.712963104248047,3.8029323227979677,-61.767723663992435
-861284278085711904,86.12842781702123,-8.571190453915339,86.12805554006533,-8.571859140753974,86.12884144686635,-8.570692055340965,6.785803318023682,1.8750924698968356,25.112223020525164
-861284008084697028,86.12840086026249,-8.46970280991446,86.12805545679525,-8.470054242989756,86.12875716514331,-8.469359425301139,2.5076754093170166,2.413572267375007,34.77186036544689
-861283994083935673,86.12839949004307,-8.393567321646039,86.12689066374776,-8.394499975200839,86.13003427563957,-8.392442762113506,18.294851303100586,8.848511451427965,80.68778910052356
-861283974087562030,86.12839746161038,-8.756203077860308,86.1280803432321,-8.756540015527213,86.12869900255912,-8.75584588660203,2.321094274520874,1.618508503623882,-7.712704218394835
-861283931085064696,86.12839314647488,-8.5064696068635,86.12789476034575,-8.506970731177002,86.1288772308359,-8.505970206235002,2.7063732147216797,2.5555520137484313,-38.30448460670082
-861283652085287649,86.1283652576158,-8.52876499148376,86.12813510336252,-8.529137107624772,86.12861221571369,-8.528442409117512,3.9610073566436768,1.1567063380358418,-9.175619947552871
-861283619087450300,86.1283619956717,-8.745030065343805,86.12784684570806,-8.74549544471697,86.128858047031,-8.744522684631141,3.371223211288452,2.8860281408437523,66.68551861721309
-861283516084386157,86.12835163326822,-8.438615746164809,86.12790429361384,-8.439110029552902,86.12877423371161,-8.438054015043672,4.489842414855957,2.343015648924517,-36.04824588254347
-861283441085283907,86.12834414667014,-8.52839071678682,86.12807915801248,-8.528776014285873,86.12864050309179,-8.52802571490293,3.6403684616088867,1.4011176143053092,3.5300227919532414
-861283409084579162,86.12834094688058,-8.457916263320291,86.12794967472819,-8.458304297507857,86.12870748092388,-8.457526117445019,2.225162982940674,1.9758925420729145,23.410675051686912
-861283316084400976,86.12833161007552,-8.440097657388124,86.1278192184793,-8.44055455282636,86.12894192632852,-8.439553957691961,6.357008457183838,3.8560695280599466,-46.721853104438544
-861283244084263079,86.12832445393126,-8.426307960555064,86.12788298172207,-8.426776812196438,86.12880911639574,-8.425831878968179,2.8498456478118896,2.6611864621138155,-58.16124573239211
-861283117086770419,86.12831176748743,-8.677041980051623,86.12794067454456,-8.677441148140106,86.12864270088082,-8.676635218207277,3.4021337032318115,2.0415484705600697,-14.166804640562692
-861283007087632966,86.12830075669041,-8.76329662500346,86.12698728951717,-8.764817168222129,86.12960260069278,-8.76184627789215,4.92926549911499,4.531960991435913,-9.20958850714315
-861282902087169968,86.12829026558916,-8.7169968131404,86.12727250862042,-8.717912921479957,86.12918238611081,-8.71602301325936,1.9340569972991943,1.7549236978790697,42.768790410939374
-861282858084084892,86.12828581454016,-8.408489235971352,86.12800506724092,-8.408776836992287,86.12856632875626,-8.408193208591372,1.9346245527267456,1.5237429748385483,8.449913942332756
-861282638084973097,86.12826388909671,-8.497309702622717,86.12778763383344,-8.498054049482388,86.12874171831919,-8.496553543412475,12.701470375061035,3.2748901595344067,-18.920882716375083
-861282572087354798,86.12825722923037,-8.735479836298518,86.12788016934337,-8.735884444061615,86.12863852441996,-8.73510626329896,2.5062458515167236,2.411538068263475,20.784822342910957
-861282555086913552,86.12825554041244,-8.691355294650954,86.12779227944087,-8.691996546041171,86.12880326242465,-8.690884895918492,5.965266704559326,2.547533303211712,-30.109636656864033
-861282444087244400,86.12824445340414,-8.724440043369274,86.12771774498518,-8.724940313522378,86.12875697869688,-8.723939758838355,2.7669613361358643,2.6991200310830257,32.80864063768235
-861282337085086957,86.1282337265748,-8.508695766156917,86.12786536592994,-8.509081721685371,86.12867946084448,-8.508331285857217,2.7698419094085693,1.956273268309698,61.879660130072814
-861282324083927033,86.12823245154203,-8.392703394425727,86.12784534721273,-8.393027006681328,86.12860310112033,-8.392387719306656,2.9995036125183105,1.746472667861066,-75.38748299736555
-861282313085417446,86.12823133177211,-8.541744610831604,86.12787514006698,-8.542109221029037,86.12857696458312,-8.541386622432807,3.2859036922454834,1.399546959172302,-37.17596955811568
-861282113084683352,86.12821137812301,-8.468335281704602,86.12766313275392,-8.468943109557735,86.12870161081068,-8.467831446176977,5.690906524658203,4.403122800881065,10.99850704317414
-861282085085781911,86.12820852094825,-8.578191150927736,86.12757418474071,-8.578775733082283,86.1288095401749,-8.577552846758598,1.1544407606124878,0.7616931297163609,48.19012811213108
-861282055087549353,86.12820557274266,-8.754935373276757,86.12768611531365,-8.755484484596003,86.12869846405383,-8.754346111678984,6.319736957550049,4.234868624477007,-30.040813702893637
-861282004083982853,86.12820045059371,-8.39828531453891,86.12795452214394,-8.398526860990499,86.12843159468082,-8.39805438822125,1.6114234924316406,1.3250048677522384,54.05103083894645
-861281925087522426,86.12819259353445,-8.752242610720838,86.12771292318986,-8.752929002969315,86.12866905576969,-8.751790603171315,4.71305513381958,2.9400690004662042,4.902850477277738
-861281921083582918,86.12819214957321,-8.358291885077326,86.12744349215127,-8.358833076142123,86.12884657665269,-8.357582344960244,6.402900218963623,4.227205523916265,-50.208244956534124
-861281851087530157,86.12818515685952,-8.753015707645982,86.1276570947251,-8.753651180799432,86.1287256333661,-8.75254061238275,5.5839409828186035,5.085968319407858,-21.980370252939842
-861281801087744230,86.12818013049403,-8.774423091929554,86.1276678609781,-8.775011860245838,86.12865221438594,-8.773762362709205,7.309210777282715,4.119940951986133,13.41406399710675
-861281752083819161,86.1281752277392,-8.381916185966723,86.12773914645874,-8.382527133589631,86.12863697345139,-8.38136000027773,5.745660305023193,2.718376386557568,-16.868032144567803
-861281685083884479,86.12816856487451,-8.388447964204857,86.1277915920087,-8.388860353596996,86.12854924524943,-8.388054401613376,2.5047404766082764,2.238066568471111,21.233492359181998
-861281641087274582,86.12816417792888,-8.72745824000552,86.12751951733256,-8.728134717379527,86.12881142060279,-8.726661810753372,13.637762069702148,4.29184300249646,44.24990244650729
-861281628086918466,86.12816283136655,-8.691846687342819,86.12765157963203,-8.692274287813946,86.12874690914605,-8.691245922680373,7.010560035705566,3.7560808954060354,-60.049261513377985
-861281603085489191,86.1281603677604,-8.548919133052062,86.12784311073275,-8.549359121140869,86.12848869246004,-8.548497664998202,4.002320766448975,1.5380916401213993,-10.866147535193509
-861281324084487327,86.12813242854449,-8.448732718073767,86.12770211911274,-8.44930425918739,86.12851587118776,-8.448164940786672,6.051537036895752,2.7370063661313426,-8.788111632008647
-861281074084500399,86.1281074230026,-8.450039961218819,86.12638202801323,-8.450943677456678,86.12952592930908,-8.4485808904526,18.639659881591797,10.617541222046093,66.46233668562266
-861280955087220142,86.12809559627534,-8.722014206049339,86.12457199079307,-8.723164104433476,86.13154008439189,-8.720910284786292,56.51150894165039,5.212269191959492,83.42837094680684
-861280917085398416,86.12809174150995,-8.539841633242732,86.12773578880659,-8.54027582492933,86.1284375326914,-8.539414338269538,3.3473927974700928,1.725261936068371,-9.342108544593932
-861280869083444257,86.12808690102219,-8.34442575527777,86.12784396417226,-8.34466631786108,86.12832096956846,-8.344193848582254,1.6145861148834229,1.218490190788301,42.928761779980256
-861280842083892736,86.12808423408255,-8.389273632937918,86.1275945551777,-8.389610330697872,86.12852075338843,-8.388943175781872,4.5066609382629395,1.8907773538426056,85.37992627957698
-861280614085766168,86.12806144794428,-8.576616873165513,86.12760315475116,-8.577164482937665,86.12852951337644,-8.57596954255054,9.152416229248047,4.239836150274486,3.4905757810218154
-861280595086222050,86.1280595939458,-8.622205070112203,86.12760583383961,-8.622664000695698,86.12844818731745,-8.62177465919031,5.769444942474365,1.5452921781769147,-37.631709774662966
-861280491084956391,86.12804919630878,-8.495639127783619,86.12747941631154,-8.496026149096418,86.12849006656316,-8.495247829332055,4.815008640289307,2.3144080649477003,-88.25656853323687
-861280338087419382,86.12803382250976,-8.741938259955617,86.12734278296355,-8.742634404996029,86.128859625681,-8.741272483344629,11.429496765136719,5.065792606406923,57.719927275986095
-861280211087514281,86.12802117718068,-8.751428170732629,86.12757199242562,-8.75187356790128,86.12847178609583,-8.750985134640654,2.4805850982666016,2.3010911243709273,-20.822749065916575
-861280051084449255,86.12800515858676,-8.444925517518943,86.12745160021974,-8.445443162623711,86.12848992148761,-8.444164835574606,7.865980625152588,3.980558595611243,18.53123226768788
-861279810084867618,86.12798104651341,-8.486761806857652,86.12770893633596,-8.486998281579078,86.1282142035948,-8.486525789213081,1.616560459136963,1.3531043199582344,-80.41527798814488
-861279741084293456,86.12797414312884,-8.429345611127411,86.12746012528905,-8.429859939223416,86.12847044694819,-8.428803849381598,3.0191245079040527,2.637748025790083,24.549350815672984
-861279723086981309,86.12797239437056,-8.698130973065906,86.12517836640393,-8.702193407434372,86.13357476108915,-8.691994530410383,70.66405487060547,30.125280966979908,28.27328358048739
-861279644084886798,86.12796447378692,-8.488679853049808,86.12751138628508,-8.489137246745457,86.12838153125963,-8.488247892980276,3.033215284347534,2.1930788024286874,-48.85938943434321
-861279631084935660,86.12796312427763,-8.493566097785308,86.12759291414801,-8.493970516574482,86.12832268921714,-8.493164571311278,2.463759660720825,1.8547565155575296,-5.722596459531542
-861279547086748494,86.12795476659032,-8.674849429404553,86.12760469076075,-8.675329901091981,86.12833478041475,-8.67446840031788,3.8117966651916504,2.5197821893976977,20.18761438706237
-861279394085429397,86.12793946866766,-8.542939770594165,86.12756559156635,-8.54347018479621,86.12832341118678,-8.542414224236945,5.580716133117676,2.060564768930702,1.7373603995301632
-861279373084889883,86.12793739844336,-8.488988350376466,86.1277357894264,-8.489192665364104,86.1281287345739,-8.488748011250914,1.6473097801208496,1.0881968187679587,0.7807456211413123
-861279348084427094,86.12793480087034,-8.442709428775977,86.1270878339343,-8.443554574473536,86.1290245182995,-8.441831323580313,16.665424346923828,6.859210642472884,45.43995143619322
-861279305087445872,86.12793058784284,-8.744587282148435,86.12756599251024,-8.745022953551343,86.1283524380298,-8.744189202997832,3.704601287841797,2.0976504451908826,31.04840720249705
-861279204084612062,86.12792046278257,-8.46120621731071,86.12718977236753,-8.462109840377833,86.1287334643351,-8.460525685700834,3.4637932777404785,3.176460031313643,-20.54964930917515
-861278840085461551,86.12788400714919,-8.546155138878534,86.12733922864426,-8.54674795338669,86.12834968831552,-8.545386301591655,10.057820320129395,4.071425622490256,-14.856911852520781
-861278773085438408,86.12787734941561,-8.543840880415566,86.1274245604794,-8.54422022501361,86.12840726395815,-8.543469695307467,4.4748663902282715,1.9589983867120357,-82.6689658447706
-861278661084010499,86.12786614150527,-8.401049969503195,86.1274757399646,-8.40141563126704,86.1282615268246,-8.400665217433113,2.3758583068847656,2.0346197092368015,73.91805803186276
-861278482083400508,86.1278482385106,-8.340050821098249,86.12736922651203,-8.34047190396833,86.12826713890888,-8.339638104815544,3.3012137413024902,2.5557352542027054,-73.71184958253588
-861278367085014594,86.1278367150239,-8.50145949382657,86.12705496634518,-8.501914952209164,86.12840255556499,-8.500942005529616,9.7588472366333,2.9015903265197807,-66.21711158776839
-861278203086913466,86.12782037037728,-8.691346680690096,86.12731456587889,-8.691829587660601,86.12826945510778,-8.690912408304618,3.8423352241516113,2.684487326460387,36.51285721851552
-861278106083739818,86.12781068546902,-8.373981819092805,86.12729429195704,-8.37444378712016,86.12844489695092,-8.37347096146756,5.732232570648193,4.320620318999968,89.8534870213442
-861278038084436799,86.12780387241494,-8.443679961771206,86.12683440345704,-8.444165319353859,86.12835021813501,-8.443081177020163,6.246641159057617,3.8455930467856114,77.70889700065791
-861278035085364706,86.12780352447396,-8.536470684043845,86.12745673593605,-8.536859015352933,86.12813044599295,-8.536108653856093,2.7364602088928223,2.145615492691768,-26.93089080563729
-861278029087135317,86.1278029349355,-8.713531739786058,86.12710569073815,-8.714245974716132,86.12853806900404,-8.71280076453897,2.0337016582489014,1.1829129058363723,42.75255148073999
-861277827087187562,86.12778271831459,-8.71875620645656,86.1259230817427,-8.72082952559817,86.1291807793679,-8.716994461353408,24.57337760925293,14.115305364958338,-9.79220934273993
-861277759084901518,86.12777598653533,-8.490151894306816,86.12725780303177,-8.490581605411958,86.12824030694384,-8.489719967874517,2.9232726097106934,2.2329838359514618,79.37719148780927
-861277702087694823,86.12777027162252,-8.769482379870949,86.12732819561144,-8.769928837945852,86.12822803358908,-8.769040402643997,2.8922579288482666,2.61696686337548,75.31726671342597
-861277690085435094,86.12776907929339,-8.543509464367506,86.12736856743365,-8.543914549591612,86.12818271987412,-8.54313633380367,3.20192289352417,1.8089014702632435,57.83871061086544
-861277588084365458,86.12775889623293,-8.43654582592278,86.1261928039256,-8.437498795807329,86.12852239038601,-8.435414222547067,5.340525150299072,4.423541985373811,66.11278378222678
-861277556083865956,86.1277556047391,-8.386595609170127,86.12751175502068,-8.386860075108414,86.12798879706128,-8.386359825056529,1.7642894983291626,1.4973375471048327,-12.55698421308063
-861277281085032318,86.12772814643635,-8.503231851555553,86.12696971940194,-8.50374831856043,86.12848580098385,-8.5027197251397,7.603582382202148,3.844993559093639,73.1904827081566
-861277230083882833,86.12772300772036,-8.388283326581131,86.1271740215313,-8.388971313691442,86.1282684062104,-8.387804073244574,5.679405689239502,4.210491223261773,31.15347947775536
-861277199087134230,86.12771995734465,-8.713423062643377,86.12693715909138,-8.714190404764459,86.12850999809913,-8.712661784567972,2.9874656200408936,1.4517939995163016,56.98984159479349
-861277083085747154,86.12770838648045,-8.574715478033022,86.12729507463708,-8.575136492778958,86.12810926237206,-8.574302721027735,2.8345677852630615,2.4344011001620323,27.734237565592363
-861277062083558084,86.12770622402411,-8.355808478106711,86.12733239317959,-8.356221596064948,86.12808998093168,-8.355415646844913,2.8353421688079834,2.6121819705495812,-21.30474353158642
-861276942084409944,86.12769425666836,-8.440994479009218,86.12655527368435,-8.442304358462183,86.12860398176511,-8.440053271431916,12.042844772338867,9.075761695015903,-1.0135222186893036
-861276786084072635,86.12767863459507,-8.407263593111146,86.12719163548806,-8.407832176094544,86.12814566286602,-8.406637230660184,3.772125244140625,2.751139630200852,1.8150251537373416
-861276760085453611,86.12767609376641,-8.545361149791363,86.12739557676335,-8.545636636673976,86.12795705312045,-8.545080779008075,1.8544628620147705,1.6810089362375429,39.62466815305141
-861276690085958226,86.12766908923388,-8.595822638890764,86.12722718983329,-8.5962751892152,86.12809756191162,-8.595358053871658,2.717475652694702,2.2251231390706994,-9.698801959220742
-861276653084776428,86.12766537497197,-8.477642888028253,86.12729281624263,-8.477998283431223,86.12810684397536,-8.477247848140337,3.3315227031707764,1.93482631559294,-55.49908017291501
-861276612083833161,86.12766127951329,-8.383316198723062,86.1272609390787,-8.383665680400556,86.12801864260238,-8.38297083785141,2.92014479637146,1.8737703659569633,-54.83156309687817
-861276496084285238,86.12764963328705,-8.42852386632821,86.12717975066191,-8.429026432094929,86.12813393878416,-8.428025926875437,3.5046865940093994,2.927892083505957,-7.029493352014713
-861276287083753475,86.12762877630585,-8.375347527504013,86.12712510661181,-8.376054699937715,86.1281070852314,-8.374776411441918,5.983936309814453,3.4035837444785217,13.982248216130438
-861275992084531953,86.12759928736405,-8.453195326701627,86.12727832631761,-8.453665004894944,86.12789564766949,-8.45277578927738,4.6613850593566895,1.5916076847644107,-1.6705217093814766
-861275869083562075,86.12758694999945,-8.356207536309753,86.12713566534873,-8.356582687481913,86.12806170576447,-8.355776648113174,4.323487281799316,2.4117347141315855,82.23302891106803
-861275858087337527,86.12758583851034,-8.733752790581551,86.12698193600698,-8.7343008830406,86.12816164662044,-8.733189140495544,5.305276870727539,4.739768004272953,-76.16003312851484
-861275856084914482,86.12758567940531,-8.491448261169666,86.12706052736387,-8.491942646441318,86.12812721299169,-8.490942074835676,2.7175095081329346,2.575412071777154,-67.74334173780372
-861275838086897109,86.12758385142682,-8.689710949555117,86.12731538401117,-8.68996826124147,86.12782088752535,-8.689440212469627,1.9160387516021729,1.3356689048866692,42.96846415761456
-861275725085524929,86.12757255008138,-8.552492945703483,86.12711083885286,-8.553053277526207,86.1280091250579,-8.551997239402999,4.643385410308838,2.351898458191289,10.569819651511962
-861275601086013699,86.12756017635097,-8.60136992892305,86.1272240402305,-8.60169169483841,86.12789791009294,-8.601024664722068,2.022322654724121,1.8237384208653051,51.89079283309935
-861275564084640601,86.12755645345014,-8.464060144152425,86.12721606498533,-8.464387178257903,86.12794587552605,-8.463747899437648,2.8491249084472656,1.706986509274795,69.12228894170502
-861275471085422675,86.12754713071213,-8.542267528054085,86.12711666171732,-8.542914465339964,86.12801473884122,-8.541525096646856,10.103880882263184,2.8194598986586237,-14.397901830392403
-861275445083905152,86.12754454335257,-8.39051524412804,86.12624657455093,-8.392888552729474,86.12941744148371,-8.389386891178725,32.6591682434082,22.721306521677903,-36.941697934713794
-861275299086574215,86.12752999444962,-8.657421501791196,86.12699658343818,-8.65799663188561,86.12797909858574,-8.65638500057482,13.052145004272461,5.155099762831592,1.835777135452964
-861274747087132921,86.12747479939527,-8.713292146544989,86.12685285463806,-8.7139679536405,86.1280885971258,-8.712661737561193,1.9864088296890259,0.7495675030968136,-15.055437731910118
-861274671085429016,86.12746712803762,-8.542901634256276,86.12705994312547,-8.543358845322125,86.1279021364567,-8.542497280916528,4.0948357582092285,2.18597144626685,35.66101445999944
-861274667087134959,86.12746670019598,-8.713495965630695,86.12674038678566,-8.714218010755525,86.12820086510604,-8.712772783664711,2.3041281700134277,1.3190478977052236,44.17362331378041
-861274510083609111,86.12745107782888,-8.360911163716915,86.12685231530953,-8.361527008237418,86.12794666701978,-8.360443103540815,5.218579292297363,4.350958811811659,-36.75642891665426
-861274430086169266,86.12744304728385,-8.616926621491206,86.1269626056588,-8.61741376691442,86.12791729313355,-8.616468807327626,3.061739921569824,2.8281025324935856,-30.123835774215284
-861274416083516334,86.12744167087162,-8.351633432660371,86.12694170271098,-8.352110435140148,86.12789572971755,-8.351165493968269,3.3353700637817383,2.528792882281573,-56.96311210313909
-861274381084763267,86.12743816376245,-8.476326751714584,86.12676006662045,-8.476970512857676,86.12810741268397,-8.47571979167729,6.275763034820557,5.13743913531623,-56.09482348807015
-861274361087766818,86.12743612963143,-8.776681801150035,86.12696647025108,-8.777151059783478,86.127922538192,-8.77626265028034,3.420084238052368,2.72817433935485,-70.70011351685673
-861274325085735182,86.12743253392888,-8.573518229994823,86.12698673447079,-8.573969774734117,86.12799754280776,-8.57310811738716,6.173760414123535,2.7633523886529128,64.22704632197127
-861274313087327758,86.12743135905737,-8.732775823082537,86.12675770027383,-8.733439760946807,86.12810591727603,-8.732133484014206,1.386883020401001,0.9932528632861517,-70.73002477310516
-861274246084514083,86.12742460004047,-8.451408353371182,86.12666168874186,-8.452248590782547,86.1283457507377,-8.450664359939918,8.907962799072266,6.210555632977447,58.26686815857327
-861274189083342718,86.12741896730722,-8.334271824376584,86.1270355178378,-8.334666196201649,86.12782116703659,-8.33391578888307,2.2833609580993652,1.8546085814750581,42.78826927310425
-861274182085348379,86.1274182699238,-8.53483798767009,86.12686783522535,-8.535331126479207,86.12790658349518,-8.534386122201605,2.9048593044281006,2.6135758131470865,78.25433343425024
-861274109083636937,86.1274109024238,-8.363693757253968,86.12685080054264,-8.364221388799752,86.12788902348169,-8.363165291043293,3.8995230197906494,3.3071696642769863,-6.17842404547859
-861273987087234758,86.1273987916699,-8.723475818094917,86.12709991133102,-8.72377308023325,86.12768973513452,-8.723189431119325,1.9349735975265503,1.8193163560919892,48.372350579779415
-861273923083921921,86.12739231944784,-8.392192169781922,86.12705950249291,-8.392554324103953,86.12773294277619,-8.391776192976042,3.0098929405212402,1.9056679293541428,18.798708819711987
-861273886083874218,86.12738865934192,-8.387421827127262,86.12683759952091,-8.388082239182761,86.12790388743016,-8.386887235506322,5.309296607971191,4.324820566342998,-15.985652577683481
-861273763085979451,86.12737632908188,-8.597945143194421,86.12691699303201,-8.598413918781588,86.12784353995117,-8.597468974455737,2.4613304138183594,2.3374077503027775,-13.81826935899522
-861273715084953092,86.12737159272018,-8.495309211739496,86.12677752507247,-8.496137016498077,86.12804063530038,-8.494803006370336,5.735690116882324,4.195058915374766,-11.551076666393243
-861273582083809407,86.1273582401026,-8.380940784354477,86.12675693902497,-8.381415570230022,86.12776719288651,-8.380470594559226,6.065659999847412,1.9952955699236812,48.44577748683338
-861273401083692504,86.12734015263959,-8.369250485037503,86.1269879978414,-8.369582329195646,86.12768952032334,-8.368887517549814,2.5614051818847656,1.872901937031776,48.84890008818156
-861273383085777237,86.12733835320854,-8.577723700979421,86.12661936520217,-8.578414196167005,86.12802317325496,-8.577024549558237,1.2547188997268677,1.1467260759133704,58.25844873437404
-861273358086614042,86.12733587399006,-8.6614042596189,86.12631996731574,-8.662385626721434,86.1282857432303,-8.660467900165058,1.819791555404663,1.807339916912032,14.171454231013392
-861273210085829068,86.12732107609938,-8.582906827191543,86.12678491319761,-8.583608487035935,86.12782365285312,-8.582413483252964,5.759706974029541,3.4204952945474525,33.08399454349508
-861273205085381635,86.12732054539173,-8.538163534679091,86.12565900714803,-8.540775775499675,86.1283529897404,-8.53621877994218,11.612622261047363,9.875791958219722,2.6863800927984083
-861273196084840765,86.12731961408504,-8.484076588501651,86.12703642787403,-8.48435907676608,86.1275977984948,-8.483775442890858,1.9551231861114502,1.6908173762646797,6.258591191569182
-861273118083391697,86.12731181470328,-8.339169794102903,86.12663990190616,-8.339860577970722,86.12784636408358,-8.338554397677852,3.5378739833831787,2.9671022364933806,8.777583838574248
-861272992085164811,86.1272992831278,-8.516481181912798,86.12682198962027,-8.516997831518594,86.12774821579443,-8.51583066841359,4.468502521514893,3.43039121059761,1.40049894294097
-861272890087650107,86.12728901383674,-8.765010731661592,86.12679182908285,-8.76559580210737,86.12780424546374,-8.7643740941317,5.414519309997559,3.913355851132795,-5.210298249954289
-861272876084815909,86.12728764383289,-8.481590963644765,86.12414630267199,-8.483832498007185,86.12981678397757,-8.479162783626187,20.45409393310547,17.88209618249385,-83.13584569833921
-861272802085381102,86.1272802517759,-8.538110210903847,86.12622029727713,-8.539303426692165,86.12810100453903,-8.537080193148869,3.1994171142578125,2.709034987658266,14.292419174860983
-861272313083893467,86.12723139014516,-8.389346759809566,86.12686450240989,-8.389693152772967,86.12756606144688,-8.38899833899091,2.5445806980133057,1.8861388747057288,-32.895071031439855
-861272283084671486,86.12722834200957,-8.467148605466786,86.12684931305574,-8.467525862464846,86.12760713513904,-8.466747679731235,2.439063310623169,2.179454655335671,13.912167872127162
-861272255083417101,86.12722557213046,-8.34171016400637,86.12677875707872,-8.342249312469168,86.12762044628606,-8.34127665482378,4.169143199920654,2.1939841261810726,40.1676089765376
-861271957083891214,86.12719579699822,-8.389121465296958,86.12694881296366,-8.389359747729042,86.12742585734539,-8.388859496857513,1.6513917446136475,1.4139432230952473,22.514007399614787
-861271898085445399,86.12718982524368,-8.544539992459251,86.12663771016494,-8.544942090329155,86.1277608133755,-8.54410814938072,4.9669318199157715,2.724770465627579,-76.25535860271272
-861271808083715956,86.12718083304445,-8.371595614623471,86.12684630248565,-8.371943321980309,86.1275197524971,-8.371248524871751,2.2479171752929688,2.1097640027812283,-18.57466420626396
-861271357084396662,86.12713576679602,-8.439666229017288,86.12680837833736,-8.43994264679535,86.12745394352568,-8.43938674690731,2.5244925022125244,1.4539491973874525,64.34860377326011
-861271274083764583,86.12712746368128,-8.376458329318414,86.12673127462152,-8.376776583726462,86.1274889944554,-8.376137295782536,3.1152939796447754,1.6438833518928708,67.75053428015585
-861271242084258651,86.12712420957286,-8.425865183654947,86.12656344756304,-8.426359531476471,86.12765804536981,-8.425386727082135,3.763723134994507,3.265726828087516,87.4886562017988
-861271039085551065,86.12710398896827,-8.555106544029096,86.12618262203802,-8.555914397032144,86.1280637208349,-8.554246713560191,3.3500497341156006,2.165004606250137,83.88815570429026
-861270858085679503,86.12708585279313,-8.567950377783031,86.1261753306614,-8.56860863202909,86.1278600569177,-8.56730216323946,6.071099758148193,4.779965047226936,-79.98857390522377
-861270847087764514,86.12708472005548,-8.776451415735474,86.12657285505925,-8.776873477898185,86.12752890733302,-8.77601284461685,2.711334466934204,2.2226258713942313,84.22883842024453
-861270817083498944,86.127081751279,-8.349894420957327,86.1266057776293,-8.350360264420035,86.12753172447378,-8.349415337697321,3.043992757797241,2.836438015567159,-70.24443892552588
-861270801084038321,86.1270801866832,-8.403832126007224,86.12668797607395,-8.404192960651827,86.12747378247543,-8.403470322537228,2.2968382835388184,1.7681073362686155,-64.57680347393134
-861270747085113150,86.12707472719005,-8.511315032111124,86.12685270537443,-8.511525357192085,86.12721760106578,-8.511108494532447,0.9453127384185791,0.5260182474580453,4.165913453876725
-861270702083885910,86.12707025792758,-8.388591081772889,86.12647201762135,-8.389193218239877,86.12767864989107,-8.387914805803536,9.732951164245605,6.01041958125671,-31.317001433462757
-861270608084832104,86.12706086553403,-8.483210488328256,86.12625072281465,-8.484081650237954,86.12824390144561,-8.482580579084543,7.726770401000977,6.628719706167092,-65.28720420535274
-861270576084428388,86.12705765985064,-8.442838850929213,86.12652609284943,-8.443526072833569,86.12767660889695,-8.442025462636014,10.166049003601074,5.960988596107042,-15.019607265651452
-861270539084300397,86.12705393777195,-8.430039785760547,86.12658920623697,-8.43049832495158,86.12754342736676,-8.429553373276134,2.823707103729248,2.624107468649989,-8.915394930443107
-861270502084419881,86.12705025500718,-8.441988131769355,86.12658247285948,-8.442275961569425,86.12745264854719,-8.441636607272569,4.423238754272461,1.477914813045726,81.60619085449078
-861270403085404111,86.12704033296929,-8.540411170488783,86.12669613235467,-8.5407752862323,86.12745414534758,-8.540080432527459,3.335557222366333,1.8014364740399618,54.80843793590617
-861270224084447155,86.12702242683052,-8.444715554538778,86.126328358969,-8.445248342107435,86.12778798162651,-8.444108672856295,6.746410846710205,3.884324662560794,61.16017286855114
-861270163085509808,86.12701631504002,-8.550980802926297,86.12652186884777,-8.551525220418473,86.12747626717541,-8.550358040077963,6.676769733428955,3.9092992036818917,-13.167076698959143
-861270070083660622,86.12700707881514,-8.366062287866054,86.12645643752283,-8.366693430495472,86.12760689313109,-8.365498384181242,5.59392786026001,4.4732187709750715,59.0596311204222
-861270053084944272,86.1270053240858,-8.49442721157887,86.12638480824872,-8.49491483305947,86.12809748290084,-8.493941687029876,11.042295455932617,3.969672582944731,-86.97992557460103
-861270027083552091,86.12700279636533,-8.355209167398927,86.12657485511414,-8.355915865015803,86.12775324578962,-8.354526364102568,10.431209564208984,6.1713230107343895,-20.89654235857375
-861269981087224605,86.12699814081381,-8.72246059523104,86.1268193529744,-8.722578364823766,86.12715645573003,-8.722355959336204,3.2279388904571533,1.953653531930165,82.73935442587194
-861269978083772419,86.12699787311267,-8.377241941276917,86.12681502583379,-8.377443092344443,86.12720785536432,-8.376998442152496,2.0477113723754883,0.9524443228783854,-27.254090773817584
-861269965087830866,86.12699659572044,-8.783086632258147,86.12671682166233,-8.783373471010885,86.127279240398,-8.782818197156038,1.7845715284347534,1.628421727873281,14.267418826601302
-861269961086566419,86.12699619898999,-8.656641923592725,86.12660340627696,-8.657162984816514,86.12738951442817,-8.656051453980268,5.820321083068848,2.322493204885145,-4.65368222398289
-861269850084972169,86.1269850153807,-8.497216978485298,86.12652367142738,-8.497692241666064,86.12744997390465,-8.496747299596608,2.9826362133026123,2.559180701406314,45.26492136973363
-861269839087498633,86.12698396585822,-8.749863328859545,86.12667195080581,-8.750151970159992,86.12726242219648,-8.749596711359192,2.1838738918304443,1.4859817374362778,-50.54536549670963
-861269819084465110,86.1269819578493,-8.446511040876466,86.12666414910215,-8.446775835344912,86.12728165904937,-8.446247727539996,2.2827091217041016,1.3264336639475054,77.07258428551117
-861269734083374866,86.12697342315356,-8.337486691496906,86.1265003675347,-8.337943715410741,86.1274263150928,-8.337054345017846,2.9685158729553223,2.4740640207029188,73.53126243621924
-861269324085524455,86.12693240611921,-8.552445541309297,86.1264647911178,-8.552997461943745,86.12753162951827,-8.551969107871901,5.507235527038574,2.807533807765534,-39.79409304420358
-861269293084235821,86.12692932648139,-8.423582161339302,86.1263681860852,-8.424109445051032,86.12746273046328,-8.423053307782405,4.674715042114258,3.9010561924288942,-51.15850476599285
-861269274085313956,86.12692749196177,-8.53139567972884,86.12667301161767,-8.531636295563672,86.12715024815405,-8.531163815904078,1.512431263923645,1.2930888612651175,17.49132481622453
-861269258084841603,86.1269258136473,-8.48416038367036,86.12644668000964,-8.484608968494761,86.12740106643011,-8.483719567026613,3.7842912673950195,2.8986925534883277,-86.27049437519744
-861269243085410768,86.12692438845919,-8.541076860960155,86.12649926270092,-8.541553058244,86.1274537135767,-8.540524765982317,4.6455302238464355,2.9909354129970014,39.19688791977925
-861269196083583914,86.1269196907783,-8.358391467935075,86.12648874048963,-8.358915615929797,86.1273585255905,-8.357915162898239,5.122442245483398,2.235630119978773,-27.305657828016418
-861269178083816874,86.12691787380056,-8.3816874605361,86.12664410439162,-8.381970818859571,86.12720533997918,-8.381414968003295,1.6606389284133911,1.5658798491590502,-35.72068634597762
-861269153083619038,86.1269153108507,-8.361903827795523,86.12640259336561,-8.362387808652066,86.1273846738967,-8.361359517475769,2.7389209270477295,2.5918089266034205,-16.039944469303023
-861268974087672840,86.12689743752762,-8.767284056512896,86.12642771808237,-8.767762638735885,86.12735565425665,-8.766874214972338,5.078182697296143,1.9571548181398688,46.7555800401756
-861268973084010464,86.1268973926064,-8.401046431986742,86.12663330395566,-8.401276156592235,86.12716653553773,-8.400803651918462,2.0022342205047607,1.3795823928176938,-83.75867621073587
-861268963087550894,86.12689633104637,-8.755089448485402,86.1250713117516,-8.757817736449033,86.12875586429196,-8.752208524501505,44.65913391113281,23.184110201362103,-15.223322368234422
-861268872083702852,86.1268872278006,-8.370285251026496,86.12639788451334,-8.370748816694698,86.12738003291248,-8.369803856605376,2.8433613777160645,2.5994385162779694,-59.36335616339758
-861268855085033696,86.12688555769726,-8.503369636326637,86.12663245408642,-8.503580921988465,86.12713775728328,-8.503136205297128,1.461972951889038,0.8834998562367564,84.28753350794705
-861268753085567905,86.12687532198824,-8.556790585854891,86.12651847685655,-8.557108371997817,86.12722035713462,-8.55644132579361,2.482295036315918,1.8836196451659761,49.22336748927024
-861268724085274220,86.1268724062381,-8.527422085160083,86.12659099204706,-8.527719657040855,86.1271524254552,-8.527136021085358,1.9445250034332275,1.5507918301937273,-2.488763279774804
-861268344084908563,86.12683445704937,-8.490856366537436,86.1263025361424,-8.491303320715296,86.1273130938948,-8.490386110377722,3.48179030418396,2.8807675106553616,-76.4262399002385
-861268315083762072,86.12683158879304,-8.376207204173406,86.12642264639938,-8.376776538635395,86.12740476383453,-8.375748245427918,4.82834529876709,3.128031072645326,48.92149109072498
-861268272083769736,86.12682728558812,-8.376973631361693,86.12639408939924,-8.377359835185342,86.12734828623778,-8.376609331416883,3.6066577434539795,2.270069779581491,73.11497914401366
-861268248087520103,86.12682482462374,-8.752010340943738,86.12633569252219,-8.75242970688692,86.12723547067212,-8.751569047714066,4.237029075622559,2.616955476564716,-37.827269780466075
-861268237083589458,86.12682378099295,-8.358945883589532,86.126404173263,-8.359443371869215,86.12733015700637,-8.358526220808994,3.7620155811309814,3.387245118414149,-18.097268482346824
-861268138084782642,86.12681388817808,-8.478264214509128,86.1261130148844,-8.479164592596517,86.12746025783157,-8.477719425965809,9.588603973388672,8.909059509690625,-23.233304018157362
-861267923085144931,86.12679239691207,-8.514493148959499,86.12356576028914,-8.517219991140701,86.12763574396732,-8.512523345675952,40.66368103027344,21.754084352369432,-23.817173490066484
-861267906084700369,86.12679062083174,-8.470036934676877,86.12634223000146,-8.470497850545295,86.12721231433402,-8.469580717917951,3.7650563716888428,2.443272556527007,28.667959307745193
-861267894087260399,86.1267894180714,-8.726039923534668,86.12645219540998,-8.726383819965262,86.12712623666926,-8.725633460028186,3.2612714767456055,1.7240254427898065,35.87818906379604
-861267859084850497,86.12678590011727,-8.485049758116674,86.12638998377068,-8.485469951722033,86.127175909684,-8.484663974230847,2.4692351818084717,2.300448557286336,-15.083059825363026
-861267722084352713,86.12677226750633,-8.435271395196958,86.12627735744185,-8.43569262056188,86.12734397744576,-8.434858717240948,5.198370933532715,2.488226675705131,76.29834643661098
-861267667083565055,86.12676674026693,-8.356505543664138,86.12604086699491,-8.357443727498294,86.12794892748491,-8.355526064363714,15.85941219329834,7.214192380052021,-43.96218350442235
-861267486085242169,86.12674863045748,-8.524216936704772,86.12639639140643,-8.524941868429023,86.12709779416484,-8.523524828269172,9.771076202392578,1.9259062904707485,-5.425284264435883
-861267156085253861,86.12671560616195,-8.525386196360891,86.12633942564881,-8.525802958090004,86.12706922756477,-8.524941454069987,3.0167105197906494,1.7625974925987686,13.655791009300467
-861267065086169642,86.12670654604435,-8.61696425789967,86.12640060855163,-8.617246591973439,86.12699026729368,-8.616662939356527,1.9007664918899536,1.8294065626609288,44.37785937546383
-861267029083574609,86.12670292902695,-8.357460921486009,86.12606812010321,-8.357971288742947,86.12755557834669,-8.356998282123893,11.657470703125,6.076670043381589,-87.1941610238587
-861266856085234486,86.12668563447421,-8.523448686707969,86.12631245410351,-8.523914067311711,86.12704219035075,-8.522941452987656,3.715219020843506,1.873939577026749,-15.973188690330247
-861266799086022709,86.12667990675105,-8.602270907354528,86.12615607593703,-8.602830186632685,86.12719494322843,-8.601774068721905,4.841287612915039,3.2193574952065576,-34.76848611414582
-861266674083871647,86.1266674147146,-8.387164733322,86.12554634053936,-8.388304308747367,86.1276229871892,-8.386330989720049,4.399881839752197,4.242091444032692,-11.30202744382973
-861266622084978796,86.12666223963309,-8.497879616162296,86.12638280925249,-8.498219741039696,86.12694413714253,-8.497524995377484,3.1020126342773438,1.2551908921273827,23.97614694064644
-861266620087626948,86.12666207591187,-8.762694858454314,86.12628471430676,-8.76326287245337,86.1270723216296,-8.761957723672838,8.444412231445312,2.3561511749202158,-10.502693294532987
-861266476084016542,86.1266476110167,-8.40165420259478,86.12612768699354,-8.402137244117144,86.12713797830423,-8.401164486752807,3.0505051612854004,2.802676730298125,71.09926115323407
-861266449087597281,86.1266449881922,-8.759728142750284,86.12614283242212,-8.760179527051967,86.12723939315327,-8.759263407152057,4.025276184082031,2.8488678286508904,-64.65120370730594
-861266419084419700,86.12664190026122,-8.441970025845677,86.12635781990339,-8.44227568860597,86.12694717850586,-8.441636485549095,2.194045066833496,1.5174704686870433,-18.004622934725617
-861266362087402693,86.12663624540066,-8.740269301441348,86.12630369497161,-8.740605613266563,86.12694970394917,-8.739938600985285,2.2661256790161133,1.9605364862736179,-19.14419665947049
-861266257085452737,86.12662577416475,-8.545273758059137,86.12582292352462,-8.546080802141327,86.12745120001858,-8.544468810681924,1.530787467956543,1.4253982001952876,-44.96525387542476
-861266256084374389,86.12662569270444,-8.437438929846778,86.12616391626437,-8.437942481052456,86.12711807727165,-8.436858639887902,3.327359437942505,2.873315006605827,16.544284999306157
-861266154084369001,86.12661546242958,-8.43690018111925,86.12624837711964,-8.437275743956507,86.12697804133347,-8.436469799863998,3.587393045425415,1.922646910331061,-34.72388272389644
-861266135083498552,86.12661359283696,-8.349855209807862,86.12615661077537,-8.350304439716625,86.1270264064571,-8.349359542007681,3.9201009273529053,2.7902596844553225,17.589525598523213
-861265978083504623,86.12659783112642,-8.350462315728802,86.12581940181987,-8.35108229687622,86.12719442398142,-8.34991490883597,3.6068365573883057,3.3278709346087023,-69.05569954583785
-861265882085224486,86.12658820651362,-8.52244863356034,86.12614471989707,-8.523136279729309,86.12701453534497,-8.521524704156487,12.206952095031738,2.811383729061914,-9.529574016520098
-861265849087239022,86.12658495256746,-8.723902259638582,86.12603191691099,-8.724439387719181,86.12707111357771,-8.723383274199708,6.458067893981934,3.053379631560053,57.34959332243531
-861265709084261152,86.12657098471466,-8.426115268907342,86.12611395903309,-8.42647032401756,86.1270682930129,-8.425747591930756,3.6254405975341797,1.9317894466507282,-87.08443895074168
-861265639083439424,86.12656395335154,-8.343942430896941,86.12613179268449,-8.344387826019512,86.1269735469079,-8.343526276242057,3.898259162902832,1.872251274750879,45.63552808098828
-861265585087437394,86.12655857311198,-8.743739469547004,86.12613318013013,-8.744133303469564,86.12694773987967,-8.743327311331559,2.9256045818328857,2.113252391019009,39.40014955071951
-861265533087303287,86.12655337457474,-8.73032879703408,86.1261687653203,-8.730772498794119,86.12692707559567,-8.729938760125053,2.4104490280151367,1.987231728378753,-1.4109849179693157
-861265507083863528,86.12655077853734,-8.386352840981958,86.125967830003,-8.386915103496444,86.1270060497462,-8.385747890277342,5.879903793334961,3.5963130465463067,-13.837836609847598
-861265303083616550,86.12653035889343,-8.361655060832957,86.126037732865,-8.362165409000704,86.12704788760507,-8.36113710194823,4.165900230407715,3.0666862503249286,38.29416664968468
-861265297084449785,86.12652971127201,-8.444978546282055,86.12610339428545,-8.445303442485535,86.12694549410227,-8.444664102104205,3.7215237617492676,1.6287326633125325,-84.41820744011736
-861265237083308098,86.12652377410366,-8.330809800938617,86.12476401156492,-8.331888207045367,86.12734545457711,-8.329525748813586,17.511560440063477,8.34473187240134,67.6912983073866
-861265177084440081,86.12651773314073,-8.444008108025258,86.12599165677932,-8.4444701460678,86.12700212135996,-8.443608493929228,4.744360446929932,3.013086599845862,85.34757534469358
-861264944085402237,86.12649444423056,-8.540223720499643,86.12621871528479,-8.540524919783863,86.12678015134442,-8.539913505432681,2.1953258514404297,1.4404359418948876,16.152233389056125
-861264881083494838,86.12648810564185,-8.349483826055693,86.12615673482837,-8.349832118866306,86.1268301447049,-8.349137322875318,2.3574295043945312,2.3044864442737913,46.228820040835764
-861264859085210624,86.12648598454324,-8.521062417135553,86.12614520084426,-8.521525057403114,86.12679073174304,-8.520663599174785,4.1265740394592285,1.5966562202984553,-10.933228373262546
-861264744084412587,86.12647446953048,-8.441258707558104,86.12627390058587,-8.44147000275087,86.12669489216819,-8.441053111216041,1.7527557611465454,1.2030352054435938,-58.25463642942367
-861264616084203908,86.12646168752543,-8.420390898792618,86.12611718564983,-8.420803570347525,86.12681872262353,-8.419969864985399,4.12196683883667,1.45945298265211,31.77749820188336
-861264614085569401,86.12646143237032,-8.556940177012759,86.12592858624394,-8.557469326464755,86.12693925536482,-8.556441001582604,3.769275188446045,3.2677565019485666,-52.76659433146864
-861264588083881721,86.12645884336195,-8.388172176967316,86.1261070077173,-8.388442744098189,86.12678057837213,-8.38791460908686,3.8018412590026855,0.9773310607693229,71.14447862735562
-861264425085206645,86.12644250701763,-8.520664541213993,86.1261173306668,-8.52108061610473,86.12679097922519,-8.520274697670446,3.8209826946258545,1.5110167416876212,-13.610273278575923
-861264312085839813,86.12643122059268,-8.58398138060654,86.12608194744057,-8.58433014800499,86.12681193780077,-8.583607530097348,2.6657917499542236,2.0621434460211145,-45.590764768001094
-861264297084791274,86.1264297521816,-8.479127401957037,86.1258318460361,-8.479719961550481,86.12712293653956,-8.478302601972565,9.469834327697754,7.490771014953979,-9.354486148107362
-861264277087677028,86.12642775445985,-8.767702859835442,86.12600634298934,-8.768068417741983,86.12687801163851,-8.767291074592729,3.42946720123291,2.0206383719249956,52.761741936410374
-861264082087206928,86.126408244657,-8.720692838730894,86.12580887112883,-8.721189412344039,86.12698861552674,-8.720216551090623,6.0488505363464355,2.7515503567110504,64.83069324919404
-861263980083597627,86.12639800980251,-8.359762743515887,86.12598257467994,-8.360137551921463,86.12685248533306,-8.359359316971675,3.44808292388916,2.197370040672845,70.88122187318615
-861263950084226805,86.12639503891471,-8.4226805460985,86.12591938329784,-8.423164675854574,86.12684548865073,-8.422191960981298,3.564453363418579,2.343505700612008,-25.651114697637215
-861263773084734560,86.1263773801877,-8.47345605618791,86.12611555931176,-8.473747522506192,86.12664882895547,-8.473163903067675,2.0655219554901123,1.4101907262149334,-15.03912196851252
-861263754087503847,86.12637548082124,-8.750384798137464,86.12585707969508,-8.750902127632457,86.1268974447012,-8.749902649304225,3.8787214756011963,3.0899869117108834,-60.18775379119464
-861263634083330017,86.12636349200442,-8.333001769098557,86.12574485634322,-8.333499083656228,86.12695152836137,-8.332609562234905,7.234293460845947,2.7308394117318766,-82.57658337496014
-861263599085324179,86.12635992557834,-8.53241797145599,86.12602648678873,-8.532774930682317,86.1267002022694,-8.532052344471007,2.504101514816284,1.6854536350406928,28.555156002368406
-861263477084444866,86.12634772629033,-8.444486678815087,86.1258230419311,-8.445164524306294,86.12688940761005,-8.443830622826578,6.422035217285156,5.358987008566143,-16.350780708544555
-861263454087589024,86.12634543975737,-8.758902416654992,86.12594567828778,-8.759318678628082,86.12673306643441,-8.758430186850656,3.3390285968780518,2.395124976076029,-1.5035102136279068
-861263353084433783,86.1263353327784,-8.44337831197123,86.12571127435834,-8.443942311703557,86.12689008773451,-8.442830569737948,7.682077884674072,4.8231502716706665,42.39902445220235
-861263326083434997,86.12633265155905,-8.343499744871595,86.12610387335201,-8.343748736028893,86.1265808598477,-8.343248487415401,1.6083203554153442,1.3713474271485053,-4.8625660526905445
-861263320084715672,86.12633205052593,-8.471567228679362,86.12583586962393,-8.47199770276533,86.12695872622857,-8.471108209320752,4.447342872619629,2.155641022894443,-73.73272430231836
-861263261086908591,86.12632616907817,-8.69085913183706,86.12593795100162,-8.691300977767455,86.1267523513996,-8.690411650497635,3.080718755722046,2.4089722818184596,4.999038083759066
-861263039086591827,86.12630397940565,-8.659182754255626,86.12595562983863,-8.659634781981834,86.12668570126398,-8.658801054889413,3.2931787967681885,1.9150351273526942,17.954200104789198
-861262916083431473,86.12629160858623,-8.343147341592802,86.1257673066143,-8.343609954316431,86.1267774583258,-8.342664981628802,3.1848995685577393,2.56751337132685,74.94136181704113
-861262787084414525,86.12627877002262,-8.441452551096239,86.12588075853098,-8.441886650890485,86.12666657845888,-8.441052897823225,3.2478606700897217,2.197607792025179,-43.306276757516486
-861262726083886880,86.12627263842596,-8.38868800242195,86.12602247982468,-8.388942587649565,86.12649952242282,-8.388442335721157,1.9821363687515259,1.2817229669761923,29.424665920078926
-861262595085419574,86.1262595950835,-8.541957428542494,86.12582540968904,-8.544136003857435,86.12677814033134,-8.54002439978223,38.134132385253906,3.6364695927844077,-4.021961275414982
-861262529085690922,86.12625296301042,-8.569092295338903,86.12547253085941,-8.569969301351037,86.12707275400186,-8.568246212553735,6.78703498840332,5.374869049437463,28.141221915814363
-861262278083809525,86.12622789056216,-8.380952512650873,86.12566196166856,-8.381553960953273,86.12684056757443,-8.380414449784723,5.524016857147217,4.409597228510381,-50.46421058009026
-861262207083090598,86.1262207131196,-8.309059899636605,86.12592661655391,-8.30936034253262,86.12648772928317,-8.308776719817162,2.2612345218658447,1.6621076588228247,39.65742513717146
-861262192085279855,86.12621925421246,-8.527985506854828,86.1258042671905,-8.528358249883217,86.12661839879415,-8.527607809028241,3.048356294631958,2.2000838394914144,-84.14196281941287
-861262099087370755,86.12620998655659,-8.737075564612175,86.1256872695905,-8.737549974892534,86.12667037198618,-8.736632778537452,3.3917860984802246,2.902146920586182,-85.12516827005942
-861262092085627408,86.12620928034858,-8.562740890863292,86.12533564307404,-8.563636035861544,86.12710436691398,-8.56188507681042,1.6135705709457397,1.5229349475950535,-30.007193355325633
-861261965084684690,86.12619654508977,-8.46846906073467,86.1258375318343,-8.468803037388653,86.12651116560058,-8.468136008747924,2.073024272918701,1.7750364023327219,30.204920167742664
-861261946087665474,86.12619460909673,-8.76654744921692,86.12569656718885,-8.76704071614475,86.12676506986215,-8.766069026582805,6.346117973327637,2.5931213325007607,63.08610579743141
-861261933085568114,86.12619339484759,-8.556811445703453,86.1256758381947,-8.557302553351082,86.12674271745308,-8.556329752137236,3.861743927001953,2.757684056043516,64.96872447176031
-861261735083388139,86.12617352797226,-8.338813903387445,86.12565744930878,-8.339332193941132,86.12669561697106,-8.338303874546547,5.237968444824219,2.283916041120998,45.796030765580674
-861261730083083632,86.12617302933292,-8.308363272444435,86.12575863569342,-8.308749257437361,86.12651614175606,-8.307971088787989,2.4623546600341797,2.333396383003312,52.842362241645056
-861261709087563503,86.12617091063947,-8.756350343050514,86.12563519952867,-8.756957567636254,86.1268442941654,-8.755791506244867,7.240650653839111,6.831388673342928,62.0491867523032
-861261569087574427,86.12615694471579,-8.757442700753826,86.12583258868968,-8.757874415401538,86.12642318305416,-8.757096937765397,3.836318016052246,1.5674529778326125,-2.4458414297031497
-861261461083607868,86.12614615267432,-8.360786803144396,86.12553299194873,-8.361498585363357,86.12673942494243,-8.360025733065298,9.443183898925781,6.339835620314512,-16.816330432690858
-861261435083695126,86.12614352537905,-8.369512643726688,86.1257244248489,-8.369887264363964,86.12653821987189,-8.369136835294503,2.831146001815796,2.0808995761091316,80.76774563812421
-861261068084561136,86.12610682767748,-8.456113625737574,86.1254794944917,-8.456664283855135,86.12660218083339,-8.455552570284473,3.0967886447906494,2.9337432211152032,59.12428210927579
-861260780084858303,86.12607800962287,-8.485830375923006,86.12563129069204,-8.486275150494837,86.12652950949071,-8.485385777553999,2.9633095264434814,2.492657382988504,68.65291446051883
-861260725085009407,86.12607256195218,-8.500940752971829,86.12402288903749,-8.502664658180743,86.12786850529194,-8.49880146993354,5.618997097015381,5.193768207675459,69.39605629352769
-861260696085964317,86.12606962077416,-8.596431713329219,86.12537285719374,-8.597107805028141,86.1268048219845,-8.595718138257773,1.2243210077285767,1.185445685346499,-84.11035315097355
-861260604083518771,86.12606048344105,-8.35187712947021,86.1255098157908,-8.352443073928242,86.12660409093839,-8.351275834944518,7.25615119934082,4.898269223453963,-29.029411045781604
-861260600083887964,86.12606005168499,-8.388796472021676,86.125713655963,-8.38916474699836,86.12638708744751,-8.388386613974943,3.4493536949157715,1.869640315621807,20.255749009396563
-861260383083537391,86.12603835651325,-8.353739121201373,86.12550872703628,-8.354276352402907,86.12654691917983,-8.353220252800618,4.0420756340026855,3.4113289593525216,67.36152133133592
-861260341084117567,86.12603410686461,-8.411756703622464,86.12567272396737,-8.412164532481619,86.126402339135,-8.411358589458294,2.876725673675537,2.053682191035569,6.502467745983913
-861259828084852237,86.12598284213573,-8.485223744548296,86.12554742513655,-8.485775092826609,86.12641744881314,-8.484691291962731,5.280866622924805,2.2997724702124462,-24.211488755590853
-861259600085157623,86.12596004952383,-8.515762364895716,86.12558640814628,-8.516163707896954,86.12628814953547,-8.515385550960923,3.8135344982147217,1.349738559952689,33.56435916255376
-861259580084034635,86.12595807517923,-8.403463562524061,86.1256211673558,-8.403775663059076,86.12629470204196,-8.403136416051662,1.9515269994735718,1.7091465001928845,-77.0828943063679
-861259415083628056,86.12594150538428,-8.362805667463732,86.12558777498228,-8.363137212259154,86.12628929856112,-8.36247017628376,1.9968855381011963,1.7119090864364654,70.24595065794236
-861259397083292461,86.12593971821833,-8.32924612427153,86.12473654689845,-8.33013800981472,86.12692532414667,-8.328442417660233,13.269914627075195,11.588698283850395,85.55945422358602
-861259266084462949,86.12592666637211,-8.446294985742249,86.12517636641287,-8.44721995737693,86.12669168954744,-8.44524692655075,18.543411254882812,8.567188341720646,-15.445149218619816
-861259212085041854,86.12592129160053,-8.504185403048192,86.12564901993719,-8.504469284038668,86.12618233157326,-8.503885662815518,1.9294137954711914,1.387108830014613,2.3715062680060277
-861259182084450030,86.1259182682839,-8.44500303401958,86.12556985489869,-8.445358632511603,86.12627149777262,-8.444636034494197,3.067983627319336,1.7033332662460359,-26.596979480981535
-861259177087425056,86.12591772053895,-8.742505666414425,86.12545942255379,-8.74299414401749,86.12641440349154,-8.742021409060262,3.6489367485046387,2.5393229906956587,-29.453938330359964
-861259038086178680,86.12590384121215,-8.617868093550724,86.12547304052384,-8.618246208388241,86.12631544138254,-8.61746797217008,3.117664098739624,2.279097192600241,-71.1809127576208
-861258981083351702,86.12589816165185,-8.33517021993308,86.12554708134796,-8.335498677700336,86.12624856984887,-8.334859421942602,2.280971050262451,1.989353126112716,-57.90400081902988
-861258903087244915,86.12589036423334,-8.724491513331976,86.12544136439813,-8.7248833982003,86.12631210202598,-8.724105149095168,3.6932787895202637,2.0105382795358087,59.77818023121989
-861258877084070815,86.12588774930403,-8.407081576265115,86.12542270165657,-8.407609019929225,86.12640487969034,-8.406552942780445,4.335326194763184,2.4811302614033,-35.7603828035263
-861258772083443839,86.12587720366194,-8.344383992331789,86.12534561516199,-8.345387511211737,86.12641149934484,-8.343692517939287,6.8402605056762695,3.678717713166093,10.427718849976548
-861258496085777114,86.1258496535634,-8.577711484636815,86.12552359295424,-8.578024293336968,86.12616934205295,-8.577385053505635,1.7069705724716187,1.622137063293311,-1.4199267010191152
-861258474083803399,86.12584740019442,-8.38033995461641,86.1251850710268,-8.381026007990485,86.12650393510012,-8.379664200299452,3.314171314239502,3.133310568623402,-33.75654424506947
-861258405084827560,86.12584059009438,-8.48275600136568,86.12456622414727,-8.4837474821596,86.12669942685753,-8.48155188681155,17.165273666381836,8.512780628857232,-47.848749397144445
-861258360083418769,86.12583602547326,-8.341876960816656,86.12503835502342,-8.34280436532549,86.12669368355441,-8.34091461437031,8.964305877685547,5.352256606578677,-31.62687645017549
-861258221084053184,86.12582218563732,-8.40531842285646,86.12545166762379,-8.405720027900696,86.12618130116428,-8.404969640083753,3.162548065185547,1.8038261484030962,45.585490944118455
-861258152084767902,86.12581523935768,-8.47679022020171,86.12538354025118,-8.477191743747262,86.12628181500517,-8.476441258756033,4.508365154266357,2.631699571430801,-68.81096332292879
-861258140084134301,86.1258140061489,-8.41343017784206,86.1254752035477,-8.413775492038244,86.12614872442522,-8.41308068896404,2.476654529571533,1.561829507243233,45.86106139131878
-861258093085507268,86.12580932745104,-8.550726819836308,86.12534218425942,-8.551163450644985,86.12626861289878,-8.55021850342605,3.311100721359253,2.6458343440125915,-35.00277666605494
-861258049087832096,86.12580498546777,-8.783209636954998,86.12531142218583,-8.78370727145424,86.12629566614775,-8.782707761800273,3.232842445373535,2.4880368916398887,38.768675685497584
-861257841086213776,86.12578413132292,-8.621377605582401,86.12524636776777,-8.622079513684568,86.12634139637318,-8.620884475112117,6.746795177459717,4.40225787981059,-44.40107432699926
-861257805085628843,86.12578050215848,-8.562884345779207,86.12513879185647,-8.563524524890234,86.12637407439675,-8.562273853864959,0.9978560209274292,0.8852494294477666,-2.6249637477318277
-861257763085567110,86.12577635066508,-8.556711054415388,86.12519835463961,-8.557302383798692,86.12643372642337,-8.556246156053868,5.38209342956543,3.9938289090561963,62.53711860115775
-861257749084027192,86.12577494449515,-8.402719220016882,86.12539700389773,-8.403136704619396,86.12615466451824,-8.402302969263015,3.138176918029785,1.894458184169903,24.176949173136098
-861257655084520737,86.12576554768549,-8.45207378519082,86.1228716998525,-8.455804587090663,86.12921434826701,-8.448690080780935,8.033617973327637,7.213776319773811,-13.61320839411501
-861257611086018439,86.12576113057412,-8.601843928930698,86.12520110466836,-8.602190901816035,86.12646487039102,-8.6014124322735,7.407407760620117,2.4606260203123904,-81.1520232661641
-861257407084704980,86.12574075044611,-8.470498030759108,86.12544321035968,-8.470774970248426,86.1260045585516,-8.470191334752135,2.0272786617279053,1.4755705215941446,29.192670343695767
-861257293086167999,86.12572939880093,-8.616799902839807,86.12538937994991,-8.617329443149595,86.12611929163636,-8.616356826682058,3.8856821060180664,1.9119091745271197,12.186600560865616
-861257065083079214,86.12570656442558,-8.30792149167923,86.12511335754161,-8.308582458943294,86.12626358772806,-8.307304088218084,6.193362712860107,4.815812931165021,-9.622274078082935
-861257031086938992,86.12570310888316,-8.69389923115147,86.12492479552424,-8.69471742536204,86.12646944600222,-8.693188811019938,3.628209114074707,1.2732918546422802,-48.1547472642202
-861256977085753927,86.1256977548748,-8.575392721627773,86.12535635179071,-8.57571868061631,86.12603017257973,-8.575051647517444,2.752424478530884,1.5199023650650063,-52.29155730088923
-861256917085089821,86.12569175773332,-8.508982184553924,86.12278211900818,-8.509664197860003,86.12710628887379,-8.507606278372071,38.528297424316406,4.593156313344487,-72.47257550630403
-861256793084927400,86.12567935083318,-8.492740020045334,86.12534650306783,-8.493052605099592,86.12602019411747,-8.492413351984514,1.9169294834136963,1.7509278663602237,84.30712073726042
-861256786083943676,86.12567869672277,-8.394367626289972,86.12523332878999,-8.394886818165922,86.12621542696768,-8.393747409712184,5.9048686027526855,2.7521681291041067,29.6393223744232
-861256706084451420,86.12567065834965,-8.445142079032399,86.1253170249517,-8.445469605537996,86.12601869867224,-8.444802562187906,3.9041244983673096,1.2290847790524042,55.691080049778606
-861256671084689230,86.12566718397166,-8.468923087099883,86.12519142304858,-8.469413930201805,86.12611765376454,-8.468468987016264,2.595065116882324,2.4883051533527554,-37.80659176170863
-861256491083221416,86.12564917979154,-8.322141656215809,86.1253016562732,-8.322443194364487,86.1260031983025,-8.321942826212382,1.698647379875183,0.7318895156493017,-88.34105089059582
-861256483083659636,86.12564833383527,-8.365963666285275,86.12505263543352,-8.366414873429273,86.12614708927784,-8.365497627700234,4.488380432128906,2.6272238999750126,78.800024816048
-861256384085954619,86.12563842563617,-8.59546198166985,86.1252327510935,-8.595829605866646,86.12601893192205,-8.595079177760825,1.9250487089157104,1.86163814130556,71.00060361224445
-861256314085497441,86.12563147245574,-8.549744156460177,86.12514608726369,-8.550191189682486,86.12618488691774,-8.549273957863187,4.226809501647949,2.739926650171288,-62.24760442495754
-861256313084292050,86.1256313080355,-8.429205005468205,86.12507354817099,-8.429775411245517,86.12625211340043,-8.428302561096867,6.72222375869751,3.4267583065305027,0.42628627677151065
-861256121083684069,86.12561210186855,-8.36840698323901,86.12510743176692,-8.36885924242667,86.12606149569646,-8.367914294603295,3.902838945388794,2.7105070838192367,44.935769576056686
-861256055084958219,86.12560556821984,-8.495821923071006,86.12517629246561,-8.496191472017149,86.12601844007969,-8.495441016038049,2.622023105621338,1.9795592905079538,75.5082943519731
-861256036084307517,86.1256036077189,-8.430751713271656,86.12526891343074,-8.431080773080383,86.1259144146178,-8.430441538665145,1.9341506958007812,1.7624211449287583,-56.910720690818465
-861255884083243747,86.12558844707456,-8.32437475988873,86.12524438941517,-8.324748666819234,86.12591769123333,-8.323942762860497,3.668060541152954,1.6675869977091657,-12.551910120412307
-861255853084654585,86.12558531690767,-8.465458571016905,86.12508113093612,-8.46599727319915,86.12609147860563,-8.464830063588222,4.258760452270508,3.51381594293008,-0.503587513455576
-861255776085846730,86.1255776839403,-8.584673009332118,86.125182597612,-8.585024152794126,86.12602497159331,-8.584329248719234,4.159348964691162,1.7639222182236907,62.56392556867286
-861255697084007305,86.12556973811769,-8.400730512111892,86.12503311843028,-8.401192264253972,86.12612767148273,-8.400275013768745,4.790024280548096,2.671183820544369,65.11565796911964
-861255647087718190,86.12556472297774,-8.771819066785211,86.1252777236118,-8.772096595511764,86.12586822875049,-8.771541333432578,1.9947935342788696,1.499458081654084,-55.55043305234717
-861255499083651688,86.12554995666625,-8.365168800698443,86.12508117902817,-8.36577593206537,86.12603514170814,-8.364664320042527,4.393019199371338,2.9997991114911415,-20.031997211911097
-861255481083908496,86.1255481034645,-8.390849615498686,86.12512288635499,-8.391331133100126,86.1259085542121,-8.39041405081844,5.18642520904541,1.802730484575141,20.77805706521852
-861255473083897186,86.12554731688292,-8.38971865296373,86.1251796340869,-8.390081146395836,86.12590925289332,-8.389358537032715,2.9668853282928467,2.068527450498029,-23.82861149955508
-861255437083533990,86.125543728795,-8.353399074684038,86.12508774017454,-8.353831687918854,86.12612603898883,-8.352970029111397,4.305772304534912,2.82084802056623,73.62855562624276
-861255386086198494,86.12553864947631,-8.619849415050082,86.12519095765053,-8.620162604397722,86.12586485627743,-8.619495570865322,2.2527127265930176,1.8010239288180947,-31.125361514197063
-861255149083410663,86.12551492094222,-8.341066378112089,86.12501045226624,-8.341609562105528,86.12599249127392,-8.340609048194276,4.283522605895996,2.8525759382666527,48.5198005769816
-861255144085106815,86.12551447266002,-8.51068152665348,86.12530831028313,-8.51088564437875,86.12570127472893,-8.510440987356722,1.6065802574157715,1.1637433175208167,-10.474260149988663
-861255002084743611,86.12550022322817,-8.4743611678564,86.12476715621955,-8.47505279367753,86.12614258837844,-8.473829828300909,5.892960071563721,4.915245660658435,63.66805689085905
-861254973086174907,86.1254973772954,-8.617490785610615,86.12474288035551,-8.618246099540077,86.12611877946912,-8.616939793982318,6.186683654785156,5.40781735434277,-4.443335879654572
-861254911085355204,86.12549111439903,-8.535520466513205,86.12506974025219,-8.535885587978791,86.12591199044269,-8.535162907491515,3.0827901363372803,1.769827187129948,-87.20137121605293
-861254837083377791,86.12548377082082,-8.337779154661185,86.12490002707324,-8.338304115695392,86.1261066341334,-8.33727570418222,5.247092247009277,3.2392588102417674,67.60076236854837
-861254626083227526,86.12546264082415,-8.322752677364123,86.12521712624678,-8.32299859026031,86.12572215865713,-8.322498327248175,1.9103477001190186,1.3708248986343792,-52.80218197765954
-861254514084260110,86.12545149363723,-8.426011069317545,86.1251031406647,-8.426414100596517,86.12583278169592,-8.425608155319475,4.323000431060791,1.718257031304265,25.3983915124455
-861254494084036170,86.12544941000348,-8.403617014472497,86.12494732304567,-8.404108826243093,86.12598564848432,-8.403052718012031,4.702237129211426,3.690378771370552,48.21601097665772
-861254492084988920,86.12544927730943,-8.49889200783545,86.12514655482285,-8.499469103999413,86.12579192156993,-8.49838542431643,5.842545986175537,1.4840983556594316,-12.00828837074037
-861254325082990355,86.1254325000565,-8.299035533895578,86.12509050577872,-8.299971268523887,86.12581925182062,-8.297998693628628,18.219717025756836,2.80470375280458,3.364097487319285
-861254274083382431,86.12542744840816,-8.33824311607282,86.1248155242967,-8.338692938535415,86.12599412067338,-8.337775651201062,5.929243564605713,2.8456301519374048,-77.09606601682658
-861254243086938533,86.12542433441078,-8.693853324227826,86.12458772001584,-8.694689554052998,86.1263008605129,-8.692966403404574,3.695420503616333,3.072924651555216,6.930818804642685
-861254187083755716,86.125418735054,-8.375571629118637,86.12490693638901,-8.376025914209631,86.12622595381261,-8.374969658487881,4.947690963745117,3.057418179503197,61.791521124567005
-861254132084601470,86.12541329437276,-8.460147049907036,86.1251401028535,-8.460441544689024,86.12570141984847,-8.459830131702008,2.0630905628204346,1.5138589418884665,-11.602784344519234
-861254105084109985,86.12541051563167,-8.410998578005067,86.12488700006296,-8.411553184156595,86.12595340929846,-8.41046928211936,4.360701084136963,4.106785467970361,20.161952174136403
-861254044084104684,86.12540445754625,-8.410468435855064,86.12502761499326,-8.410858655019995,86.12578532121407,-8.410080473262628,2.4953293800354004,2.0147318742751166,6.599697987841734
-861254001084235900,86.12540010395197,-8.423590004354542,86.12493603065839,-8.424108580337835,86.12586215127817,-8.423163640655336,3.705385684967041,2.3105212866347595,41.98746060709499
-861253960083067776,86.12539600814146,-8.306777646201214,86.1250015848465,-8.30719332523257,86.12575907063845,-8.306387378142597,2.995561122894287,1.7377745892615843,-33.16580923319613
-861253952085479636,86.12539521093508,-8.547963648919914,86.12517506515715,-8.548246451307092,86.12562418425158,-8.547690652322048,2.232652425765991,1.1926165592568592,-9.775920603070196
-861253905084543131,86.12539051363045,-8.454313188641203,86.12483463955996,-8.45488616868518,86.12595727191274,-8.453691120814161,5.943667888641357,5.282681275625115,-12.292233026888729
-861253879083607158,86.12538798886082,-8.360715830277462,86.12485906740231,-8.361220343562438,86.1258692319417,-8.360219811157133,3.800950050354004,3.1846631292720002,42.75980283512869
-861253862086613495,86.1253862996846,-8.66134955002502,86.12488676849364,-8.662023213666494,86.12592573014386,-8.660855984073489,4.5926079750061035,2.732347618928942,-19.211412679081455
-861253790085505707,86.12537900751555,-8.550570754418464,86.1249489302899,-8.550885381576563,86.12573506516178,-8.550218286353605,4.499518871307373,1.2978884110052016,-53.50919413980245
-861253730084799364,86.12537305821695,-8.479936474196938,86.1248201712467,-8.480413698025462,86.12583066534074,-8.479440929594752,4.271016597747803,3.6731684461871414,30.198024384779647
-861253696085965183,86.12536969205104,-8.596518314338585,86.12464239482836,-8.597274098201709,86.12613049662163,-8.595801065245134,1.2553645372390747,1.184100211005813,-44.31101706170306
-861253689085442567,86.1253689217704,-8.544256733166044,86.12461544955593,-8.544663299977017,86.125907082248,-8.543829260647303,6.4948248863220215,2.3966938959496584,86.1761252859834
-861253670085571872,86.12536707232232,-8.557187238001687,86.1249172048561,-8.55766313670554,86.12578745226718,-8.556690441704163,4.127633094787598,2.348663880320938,34.56054831446044
-861253600084664132,86.12536008383117,-8.466413267891468,86.12502427820297,-8.466858179090302,86.12572591256422,-8.466052246025953,2.9580321311950684,2.11846919475894,-1.3531690979033455
-861253599082972984,86.12535994749086,-8.297298419996329,86.12478287839855,-8.2982768717775,86.12584827021135,-8.295943012698155,6.124579429626465,3.2152561662766437,2.5717714475470337
-861253539082936654,86.1253539996308,-8.293665425232522,86.12484061146996,-8.294221365912048,86.12579439546487,-8.293109765970701,4.964746952056885,2.9926133643073665,4.581242935951684
-861253477084866043,86.12534770309804,-8.486604310778693,86.12484449435202,-8.487080302117084,86.125798851798,-8.486135341515093,2.637683868408203,2.3943850005124623,-63.8122310657621
-861253392084212956,86.12533926345547,-8.42129560058146,86.1250215343815,-8.4216640508267,86.12566695691646,-8.420913706562265,3.064423084259033,1.6381081104302813,-19.835321579451122
-861253382083491628,86.12533822531422,-8.349162825081343,86.12497780969434,-8.349553757439661,86.12573537909975,-8.348747804671007,3.0055782794952393,2.1400823264878186,30.347188246210365
-861253288087351138,86.12532884989344,-8.73511382295609,86.12467678781759,-8.735855224651106,86.12605304653168,-8.734437816547807,5.9134931564331055,5.348501105998398,2.092500733495615
-861253229087582734,86.12532290083793,-8.758273458908565,86.12496174002004,-8.75876364678639,86.12566479571429,-8.757902889880686,4.100998878479004,1.9253427943274755,-27.156490641478637
-861253187084464320,86.12531873685866,-8.446432043146872,86.12495127464302,-8.446858315543476,86.12570902064651,-8.446024575560708,3.192833185195923,2.512982643018377,14.471947620031331
-861253124087437748,86.12531240296288,-8.743774855796401,86.12478416991891,-8.744188274526723,86.1259078685267,-8.74338210567808,5.781811714172363,1.929733482652459,-68.40144202500738
-861252986084402520,86.1252986687596,-8.440252060898366,86.1235517621851,-8.442359157841363,86.12719986721793,-8.437912761729336,8.680803298950195,6.914098699063647,-28.855214985680185
-861252963083295309,86.12529634241949,-8.329530936889148,86.1249887547118,-8.32980396025973,86.12557798487397,-8.329248096472837,2.117961883544922,1.4371008707612167,-50.98483938414544
-861252858084445522,86.12528586101334,-8.444552253689894,86.12478389134195,-8.445163915030943,86.1257661325159,-8.444052277075507,5.271235466003418,3.504425064444767,-19.945602792399676
-861252739085477099,86.12527395353756,-8.547709966000006,86.12492246355734,-8.548051992896486,86.12559620371219,-8.547329404441085,2.4095823764801025,1.8372011330700548,-24.198380570514587
-861252635085957185,86.12526352352914,-8.595718587407443,86.12506394441921,-8.595912627494595,86.12545702693707,-8.59552352432679,1.335489273071289,1.1378208431220964,-50.956047440060594
-861252491085197733,86.1252491129545,-8.519773386395272,86.12457321263872,-8.52044122463425,86.12586445105437,-8.519051635219327,1.233820915222168,0.6408010606450169,-11.30830485887131
-861252316083577899,86.12523169663525,-8.357789922419135,86.1244956622981,-8.358220382547294,86.12587090894495,-8.35741409498007,8.854659080505371,3.3344806760024226,-78.68724476961879
-861252294084290272,86.12522940323683,-8.429027247697201,86.12465235423262,-8.429636203696065,86.12566249540023,-8.428274553972667,3.4692180156707764,3.0504846589618846,1.6096567127420185
-861252255083402323,86.12522555994727,-8.340232383647333,86.1249265883088,-8.340498210874433,86.12551585040151,-8.339970123360867,1.9237592220306396,1.4649109810753516,80.09318211272057
-861252227085254282,86.12522279999166,-8.525428205519818,86.12473842569482,-8.525968870304965,86.12569283283149,-8.524940574479619,2.715871572494507,2.4697357993543547,7.831431839670618
-861252179084431823,86.12521790171748,-8.44318231994654,86.12478459378558,-8.44358051791504,86.12562660942831,-8.442802287133564,3.382611036300659,2.497784110468869,-59.12428000279019
-861252166083981336,86.12521660498729,-8.398133665138985,86.12483795710989,-8.39846976571938,86.1255676224095,-8.39780270994585,2.4868462085723877,1.8718066723615443,-85.34154356219196
-861252068083691903,86.12520682504255,-8.3691903625009,86.12485423096753,-8.369581228886602,86.12563994720742,-8.368830813257325,3.373464584350586,2.2050963462499023,-56.595418128397284
-861251926085825671,86.12519266310233,-8.58256717470485,86.12459393016151,-8.583051824531838,86.12580133808687,-8.582078942113736,4.308803081512451,3.0163741602289407,-72.24665286539033
-861251789085447837,86.12517890478219,-8.54478370587913,86.12467131531182,-8.545302075861121,86.12571010051741,-8.544384843000575,6.096930027008057,2.1988108938797977,57.87988555048896
-861251742085975964,86.12517424628827,-8.597596405563559,86.12472590815878,-8.597996002480086,86.12556823167095,-8.597162209728209,3.2702572345733643,2.192732599971516,-51.141476870343126
-861251665087629695,86.12516659194975,-8.762969508415406,86.12428919941627,-8.764096659345833,86.12608905329327,-8.76187534263729,4.660244941711426,4.005456380406708,-7.688710821333703
-861251599083080967,86.12515994843945,-8.308096711978012,86.12488848696816,-8.308332027907865,86.12544964332938,-8.30783173569125,2.5998752117156982,1.3651762880963287,-58.441377126202184
-861251107084616021,86.12511072735313,-8.461602126875794,86.12483036325975,-8.46191358741883,86.12539168189357,-8.46130217392791,2.069262981414795,1.530325109071553,-11.54700473740188
-861251103082922248,86.12511031311242,-8.292224865365856,86.12374696588876,-8.29369355365446,86.12571047818851,-8.291136994822596,12.087721824645996,10.829424213275217,31.24305797727343
-861251064084654092,86.12510641183286,-8.465409210739725,86.124379016858,-8.466080361085167,86.12564209753491,-8.464885234200649,5.975822448730469,3.7902993421643028,-61.42995828639846
-861250972083672281,86.1250972857019,-8.367228124638265,86.1245185500441,-8.368220285776665,86.12592147131532,-8.366636213531638,4.229218006134033,3.462906896617027,-20.20743588380484
-861250823082930302,86.12508231485876,-8.293030264602608,86.12441986298465,-8.293610191975217,86.12565438323928,-8.292553995447301,6.263894557952881,4.790905632438183,-70.58536646246799
-861250818084437480,86.12508188662655,-8.443748013631328,86.12461585364237,-8.444191593588075,86.12557010374633,-8.443246635929762,3.079045534133911,3.0039505052137008,-28.70801887822414
-861250806086148114,86.12508069988331,-8.614811414863729,86.12454768875504,-8.615356946985152,86.12558660099036,-8.614328602380702,4.125543594360352,3.276519173391183,-61.726342538033805
-861250802085308132,86.12508021009931,-8.530813251109098,86.12479146298256,-8.531079758982072,86.12535291405595,-8.530523897995089,1.8244116306304932,1.409194925880179,55.286304543012285
-861250797083856416,86.1250797380562,-8.385641694240947,86.12476071504742,-8.385914251695183,86.12540618614655,-8.385358352366206,2.550084114074707,1.565539461538324,-72.21384963677468
-861250568083725561,86.12505683944424,-8.372556125858393,86.12468386835513,-8.37288660811541,86.12538540811491,-8.372219569622867,2.1892220973968506,1.991645710697852,-66.82304126569625
-861250547085503321,86.12505470457943,-8.550332118774342,86.12461201174195,-8.550718592435734,86.12551044157259,-8.54994032437754,3.206850290298462,2.371113694887741,82.32140079887441
-861250537085300323,86.12505376108443,-8.530032332575344,86.12462360611235,-8.530524269297992,86.12546557800837,-8.529329369328158,4.583245277404785,2.50095814105189,-9.951265033710072
-861250377087570411,86.12503778107741,-8.757041128606966,86.12467996969372,-8.757569296636206,86.12552367177443,-8.756458612019859,7.575998783111572,3.648919405024599,-5.245851845573452
-861250373084700129,86.1250373546734,-8.470012908885334,86.1246571790008,-8.470385762436452,86.12541501769574,-8.4696353529807,2.298145294189453,2.048055642051161,-46.49427130720892
-861250350085106266,86.12503503100982,-8.510626677252914,86.12457822918337,-8.511107772628922,86.12553263012802,-8.510135032325318,2.731252908706665,2.5688541215076484,33.35395892476545
-861250211085995701,86.1250211004495,-8.599570187001389,86.12466853468028,-8.599884747898903,86.12534242794794,-8.599273268446654,2.3019673824310303,1.686904008226499,85.9204312102876
-861250143082939420,86.12501433286315,-8.293942050814966,86.12455968539543,-8.294360071907986,86.1254574677997,-8.293498496309939,4.22913122177124,2.129838181283655,48.893380835384455
-861250085083273042,86.12500853766922,-8.327304226747767,86.12462514374907,-8.32777615450984,86.12546682673515,-8.326859049312754,5.511350631713867,1.5267765573924124,45.828030132102185
-861250002085495496,86.1250002952458,-8.54954964441148,86.12452832151305,-8.550246373896941,86.12551070611954,-8.548912508011336,8.03991413116455,4.910072147764099,-10.463199674070403
-861249729084923558,86.12497290328629,-8.492355881666795,86.12467264250388,-8.492635526469204,86.12526212244633,-8.492079651156034,1.791980504989624,1.6003120011672343,-79.37766023478221
-861249729084834206,86.12497295038689,-8.48342069681524,86.12439713827202,-8.484024737478311,86.12574439153472,-8.482579564620433,4.801242828369141,3.6135236092395533,50.17455463776548
-861249484083299200,86.12494840196722,-8.329920016415324,86.12439915110825,-8.330442763627728,86.12543725990132,-8.329358887890686,6.292655944824219,5.057791940056069,-16.360575534170316
-861249456087565643,86.12494561349075,-8.756564372134985,86.12467990037958,-8.75681947447341,86.12518603741144,-8.756319726332176,1.7076985836029053,1.4873610196333802,54.8904891418365
-861249403084878156,86.12494034163723,-8.487815687703394,86.12442254884351,-8.488330108993516,86.12546113214064,-8.487329546024101,3.7471492290496826,3.247074640598858,-39.876984327845946
-861249312087768184,86.12493126496183,-8.776818459285758,86.12449309598279,-8.77731893908748,86.125393042595,-8.776236055873868,6.073856353759766,2.3478509066331252,16.804934971420742
-861249270085488135,86.12492707465816,-8.548813591382673,86.12436017580916,-8.549329729837225,86.12553930915551,-8.548217975675666,6.3259663581848145,5.607342315567142,-78.45460317985628
-861249234083596591,86.12492345216634,-8.35965910575175,86.12455079767689,-8.360053389335281,86.12530837126059,-8.359219657102821,3.4312968254089355,1.851234601375092,32.486670859498396
-861249132087670127,86.12491326054416,-8.767012741008235,86.12457264885003,-8.767346991288175,86.12524751765703,-8.766680659760794,1.9354465007781982,1.7076660652054307,-31.310658305508852
-861249037087255830,86.12490377924335,-8.725583029038695,86.12434484184882,-8.726105230500108,86.12566506281384,-8.725048954699913,9.306827545166016,2.5393980945101085,58.71975473694396
-861248997084802949,86.12489972509772,-8.480294901955304,86.12445480848469,-8.48066340459442,86.12529692050016,-8.479912948024952,3.3970017433166504,2.0671640622767655,81.08707736996115
-861248819086946664,86.12488194356023,-8.694666453874712,86.12475542974708,-8.694772209674566,86.12509250675299,-8.69454980221158,3.2272591590881348,1.6598692481490118,56.792881857156544
-861248810082912618,86.12488107912009,-8.291261805568004,86.12430862795117,-8.291748983170256,86.12540278867847,-8.290692861788298,4.925229549407959,4.594340549242731,16.463452995975288
-861248801084329841,86.12488015245361,-8.432984145908485,86.12453757823987,-8.433302595012867,86.12521114726474,-8.432635566448008,2.044609308242798,1.810290936775081,-54.74999726128951
-861248777082899670,86.12487775156048,-8.289967094128563,86.12444959024539,-8.290332285214623,86.12529130002491,-8.28960962612854,2.842007875442505,1.8847120801859636,-77.26715605618153
-861248769083089809,86.1248769641006,-8.308980938017475,86.12446708154286,-8.309581914887051,86.12528051161492,-8.308414831823898,5.464200973510742,2.3447492047842426,0.9269191004163854
-861248695084485822,86.12486958777889,-8.448582212324332,86.1243886663619,-8.449247002175493,86.12537069785759,-8.447746477050691,10.63785171508789,4.266217741129343,-16.245847605562002
-861248608085101911,86.12486087500575,-8.51019111435707,86.12455028321895,-8.510496449951168,86.12513975917963,-8.509885018629923,2.1006669998168945,1.731764750394101,-6.863585284052094
-861248581086644940,86.12485813358822,-8.664494020691153,86.12407033748465,-8.665245230405413,86.1256429479179,-8.6636888176777,1.4771630764007568,1.2824143213923662,-38.563726030254976
-861248496082995123,86.12484962266973,-8.299512383597964,86.12455646762366,-8.299804244322374,86.12514563542123,-8.299220605693694,2.200275182723999,1.5358316693921275,41.917261523854
-861248114083584238,86.12481146052262,-8.358423874509997,86.12449525598862,-8.358719967324982,86.1251125897409,-8.358136307631272,2.4296329021453857,1.466155983885191,-49.60679159442654
-861247796085292783,86.1247796563759,-8.529278331964074,86.12409032502475,-8.529940924779405,86.1254378167681,-8.528634635042245,1.489144206047058,1.0112056570394883,-68.44079902840343
-861247758085653478,86.12477588958227,-8.565347853936276,86.12437884784092,-8.56574607834264,86.12519302462756,-8.56494007833878,2.587367296218872,2.2582758806009147,53.24136166217883
-861247758085479980,86.124775892785,-8.547998001610505,86.12422018270645,-8.548523994695348,86.12520268702784,-8.547412348591342,5.668587684631348,4.200566350577586,3.993774130633685
-861247720085046777,86.12477202850624,-8.504677722247942,86.12396400626518,-8.50533006633725,86.12559203878772,-8.503606960252782,6.480079174041748,5.2710471171513635,-12.343744282014612
-861247695085410608,86.12476951864353,-8.54106085636523,86.12430848811806,-8.541829632542996,86.12526262057175,-8.540245783722984,12.406389236450195,5.067730320126174,12.151446130155527
-861247454087289353,86.12474542187569,-8.728935306627251,86.12428669556371,-8.729354887644783,86.12518549660935,-8.728493288955795,2.2974793910980225,2.2623297420711697,51.51140966493204
-861247390087212514,86.12473905567819,-8.72125145587819,86.1244033313627,-8.721521667522408,86.12507748506974,-8.720993521125449,2.639313220977783,1.4187496685002121,-86.94831880000089
-861247388084236806,86.12473889999607,-8.423680657927006,86.12448659018828,-8.423913679892628,86.12501985045903,-8.423441171049301,1.9093742370605469,1.3006983586444774,-84.7616756232657
-861247343083976920,86.12473435507106,-8.39769207680017,86.12419249817239,-8.398191838651199,86.12528699357931,-8.397191253801614,3.670414686203003,3.087715224951852,88.81888029729052
-861247284085169012,86.12472842802296,-8.516901295220352,86.12434995365953,-8.517246401971711,86.12513597151322,-8.516495974068725,3.221316337585449,1.6649859126440243,52.990635563716694
-861247271084467773,86.12472713534109,-8.446777342158244,86.12416490221919,-8.447413637306132,86.12528747919949,-8.446163033274702,7.372621536254883,5.629376251999335,1.0028241541271872
-861247258083824111,86.124725837752,-8.382411172521012,86.12448173751223,-8.382664059803336,86.12498684749185,-8.382163791268642,1.6642276048660278,1.577020565774429,23.101619309314206
-861247213085328075,86.12472138392324,-8.53280750759458,86.12436906172098,-8.533162922308202,86.12507086293562,-8.532440317821882,3.009432792663574,1.621513680060821,37.036057885805384
-861247123083249422,86.12471238509526,-8.324942240381027,86.1242057511462,-8.325553832459375,86.12521541313855,-8.323831093881989,7.9935622215271,3.6074418222227727,-4.163885601502931
-861247079084017860,86.12470799025851,-8.40178603744651,86.12447082772627,-8.402024950465002,86.12494790011101,-8.401552473401605,1.4156193733215332,1.3399250272384757,-23.234796210639974
-861247006084222002,86.1247006543419,-8.422200289911848,86.12415055048051,-8.422580419481115,86.12513291974781,-8.42180211277893,4.119685173034668,2.489340387387884,-87.37177853004103
-861247000084944128,86.12470007643826,-8.49441289278434,86.12419415908309,-8.494885495203459,86.12523277516715,-8.493912708751324,3.046617269515991,2.5522594306164015,75.05850716829161
-861246982083059048,86.12469825740983,-8.30590485684383,86.12413203483092,-8.306443068278583,86.12525419912058,-8.305192487613745,4.500802516937256,3.8386946170125524,-48.81417660925474
-861246932087303566,86.12469325661051,-8.7303566494236,86.1240611848267,-8.731021626410689,86.12538128083673,-8.729715355756548,1.1764192581176758,0.9670419076746893,-48.48325569540061
-861246805084758849,86.12468054975187,-8.475884946363934,86.12398005293495,-8.476468974896058,86.1252711880168,-8.47516272003273,6.771302223205566,5.559641037106261,-20.108027875045103
-861246765083559833,86.12467656687794,-8.35598330726915,86.12438431427204,-8.356247702012288,86.1249735997759,-8.355719612350374,2.008060932159424,1.3721930637813975,-67.40494115722512
-861246632084977994,86.12466328053397,-8.497799432726854,86.12405199307129,-8.498468849497934,86.12531502273272,-8.496995942727574,9.210697174072266,4.367113190465245,29.000438096452086
-861246625085420420,86.12466254810717,-8.542042024631417,86.12419531864046,-8.542412884015423,86.12512184842078,-8.541690154952478,4.017960071563721,1.9151251646395435,-86.93721221460162
-861246563085843150,86.12465634338717,-8.584315007011025,86.12403118327462,-8.584912623356058,86.12526654662663,-8.583689725925785,1.0821378231048584,0.8751906372559413,55.57800623102566
-861246419085446688,86.12464196323567,-8.54466882196868,86.1241939095432,-8.54524619571689,86.12512025828758,-8.544190135772304,5.488012313842773,3.24720600799822,-0.41434246009254866
-861246385084473894,86.12463851687446,-8.447389482980702,86.12419251457678,-8.447774653673477,86.12511878435618,-8.446996375344995,4.667959213256836,2.644726450833577,-79.05525302853684
-861246340083075749,86.12463400862735,-8.307574977975182,86.12385026860447,-8.308248560580386,86.12519704335094,-8.307053412692746,3.2284374237060547,3.1452102570232423,4.063765327371791
-861246271085607486,86.12462717660988,-8.560748650028481,86.12424096190068,-8.561107150188983,86.12505517549167,-8.560384482651594,3.1269888877868652,1.99795237631528,67.850744621958
-861246204084903001,86.12462047186506,-8.49030011873097,86.12422451413131,-8.490690957167377,86.12501044597754,-8.48988497515753,2.2440476417541504,2.1245861463462505,18.145999578278502
-861246015087493276,86.12460152642677,-8.749327623923229,86.12421896272579,-8.749715388133879,86.12497733738968,-8.748937201194032,2.6319234371185303,1.9167090574236751,-36.13227156732721
-861246013085101575,86.1246013061281,-8.51015752530184,86.12426946405584,-8.510496357310323,86.1249712392291,-8.509801531037569,2.084151268005371,1.9797713103851615,-43.59148474103614
-861246012082781467,86.12460129424161,-8.278146785793917,86.12423169056798,-8.278499052586247,86.12501723460474,-8.277776424864728,2.8670992851257324,1.7549342663923746,-49.61541089083767
-861245946086372177,86.12459466555835,-8.637217738382066,86.12433827484712,-8.637467387888712,86.12484372046575,-8.636967111660976,1.7762864828109741,1.6244085307124143,45.03375919663518
-861245862084660051,86.12458622337256,-8.46600518304263,86.12426627674537,-8.466385530793664,86.12493984080177,-8.46560738938427,3.600618362426758,1.8749337845132905,-8.159359876757838
-861245668084232093,86.12456681841867,-8.42320931040049,86.12409385775808,-8.423663666811693,86.12499191048894,-8.422746518070593,3.3896048069000244,2.430100807824104,-37.55517563766041
-861245539087572805,86.12455397000109,-8.757280576919587,86.12394935443724,-8.757819505009499,86.12507411812062,-8.75668117510307,5.730648517608643,4.4443103961412715,-2.799076669488064
-861245457083417087,86.12454577490743,-8.341708766629427,86.1243081276664,-8.341970018075566,86.12478509385777,-8.341441990145366,2.013951063156128,1.3085616635050206,-9.629799497246847
-861245440087580969,86.12454401698899,-8.758096923266162,86.1241183705091,-8.758652872791929,86.12496211490263,-8.757458855340177,7.8931684494018555,2.546552672305853,-8.630267513750738
-861245359085459415,86.12453598234602,-8.54594151430977,86.12419314236028,-8.546301603575722,86.12486686234386,-8.545551236370645,2.9117515087127686,1.9770239687808866,6.038449907971325
-861245339087725074,86.12453392100579,-8.772507416251903,86.12350712788161,-8.774096795800043,86.1253633218791,-8.771708836736648,9.942209243774414,8.065822852746793,-37.6286820082254
-861245195083224810,86.12451953703342,-8.322481030324015,86.1239821853609,-8.323137130046742,86.12507640336011,-8.322025447063952,4.759904384613037,3.7177567843751507,-43.48182269128341
-861245175085204000,86.12451759862633,-8.520400049594956,86.12370217738285,-8.521218719312653,86.1253584420525,-8.519634483154684,2.8005943298339844,0.943295108689409,53.56145331630114
-861245024087220372,86.12450244289273,-8.722037283312325,86.12395333732007,-8.722521645454588,86.12507692347083,-8.721632141794062,5.784371852874756,3.2723829241144804,-84.30103886405793
-861244971083583107,86.1244971619446,-8.358310717898933,86.12404615764846,-8.358636513722555,86.1248880321949,-8.357941622229495,3.7730700969696045,2.0063175931262958,79.26312076200023
-861244940083880725,86.1244940132734,-8.388072550886486,86.12383298213139,-8.388997353729586,86.12503944781436,-8.387441158792848,7.3239240646362305,4.875314467487599,31.12725974035871
-861244727083989257,86.12447271760304,-8.39892578056742,86.12340586441164,-8.399969704924754,86.1254825469424,-8.397968594424427,8.27753734588623,7.391597490379342,53.68310771380263
-861244644084753108,86.1244644640684,-8.475310889785149,86.12409248316756,-8.475718749649575,86.12485034690499,-8.474996116381082,4.833746433258057,1.5063347896606147,52.20438967262487
-861244642084381771,86.12446421842182,-8.438177143705442,86.12391689792629,-8.438552413686896,86.1249554703866,-8.437774074238092,5.650013446807861,1.807747537449555,75.58903025405343
-861244401084802600,86.12444010316379,-8.480260011523002,86.12394932036182,-8.480663127624407,86.12479139998877,-8.479857114842835,3.772836446762085,2.7080116879455023,-63.55722830354836
-861244396084064167,86.12443966681352,-8.406416741169267,86.12418744283312,-8.406663656238441,86.12469258402265,-8.406163385786497,1.697231650352478,1.4947052623443184,-14.19208025361074
-861244168087538642,86.1244168992083,-8.75386428649513,86.12403208048734,-8.754264151814075,86.12481939785297,-8.7534867649453,2.8620810508728027,2.3221947237950498,-16.557064700921963
-861244047083491062,86.12440476951883,-8.349106214147323,86.12385487996048,-8.34958109603123,86.12492119218648,-8.348636087378098,3.657406806945801,3.0243232721191315,-81.12864869744737
-861243999084285944,86.12439995698037,-8.42859440604368,86.1239503384067,-8.428941291468814,86.12479238279795,-8.428274170331937,3.508150577545166,1.614092736379601,-68.02551493811413
-861243957085172166,86.12439576459577,-8.517216656177908,86.12404077628248,-8.517523930355402,86.12468642087484,-8.516884689515981,3.2261760234832764,1.3759067944657137,46.396486696553865
-861243893085009628,86.1243893609369,-8.500962823837913,86.1238534491586,-8.501496390095658,86.12492012120217,-8.500440254137962,4.5409932136535645,3.9525085216327094,-24.568165538623536
-861243863084621414,86.12438633499548,-8.462141409330044,86.1239034814681,-8.462580049650478,86.12502622735902,-8.461551663810718,4.614706516265869,3.6503038553172042,-83.65310625247398
-861243795087433254,86.12437958042517,-8.743325404199139,86.12399754774167,-8.743743207710123,86.12478396683163,-8.74288167281174,3.343067169189453,2.013505308751767,26.792650269456836
-861243742083629196,86.12437429549452,-8.362919687396877,86.12384709004522,-8.363414305545604,86.12502572858406,-8.362441456631384,4.610501289367676,3.1130606944606947,-61.21403595544135
-861243584085023431,86.12435844200013,-8.502343111719668,86.12402107161822,-8.502662924970352,86.12469477723134,-8.502023669207333,2.2217023372650146,1.572239150237829,-45.084210461602
-861243547087298943,86.12435476641734,-8.729894337482204,86.12389270965427,-8.730299088469827,86.12479152766961,-8.729465266068953,2.7909886837005615,2.4121973264808756,85.48631132136546
-861243479087199405,86.12434795010738,-8.719940554679289,86.12387028592161,-8.720493769853139,86.12482514379913,-8.719409920625665,4.795209884643555,3.2391743320557547,29.294505785623283
-861243460084448253,86.12434603819754,-8.444825315720042,86.12332355980773,-8.445274520194747,86.1248393682636,-8.444190364464337,9.870037078857422,4.682405778780413,-70.46048486269001
-861243432086143680,86.12434327395017,-8.614368044811664,86.12353671934835,-8.615162286232447,86.12519338928121,-8.613578045488472,2.6870861053466797,1.6604959403242492,-67.04511586406392
-861243329083949966,86.12433298157511,-8.394996678661775,86.12374481280804,-8.395580556391334,86.12492344015479,-8.394413260035757,5.494299411773682,4.815727202231081,-76.98822444123515
-861243127087768957,86.12431277452639,-8.776895728348116,86.12384674604556,-8.777347010994058,86.12477471451375,-8.776430802886207,2.7481846809387207,2.6812328677573007,-28.612792046725623
-861242830084507279,86.124283008158,-8.450727994645012,86.12396594689726,-8.451052129547572,86.12461146375702,-8.450385114206751,2.2808566093444824,1.7407918529244701,39.534095339070326
-861242798085469256,86.12427980720723,-8.546925653683095,86.12374321273076,-8.54744039049668,86.12469768622532,-8.546439869034849,4.76847505569458,2.678864843109179,27.09591363246293
-861242712083423630,86.1242712354433,-8.342363081749207,86.12385864148942,-8.342775486027964,86.12464426941942,-8.341969516867604,2.6833889484405518,2.0789287082706425,-37.929221284179285
-861242616084180670,86.12426168939845,-8.418067057343734,86.12381600316976,-8.418663604567792,86.12479815785439,-8.417524189657131,6.196592330932617,2.911685923310173,-32.35626320837797
-861242553085374504,86.12425535899222,-8.537450464532505,86.12374860978045,-8.537996126717557,86.12489961772562,-8.53688438677858,4.855788230895996,4.007544870875493,-54.736160457545346
-861242513085559695,86.12425134218523,-8.555969570615723,86.12373811352671,-8.556384795371333,86.12474883638922,-8.555467575194474,4.052227973937988,2.6217967729405314,-73.75970273300368
-861242508084859514,86.12425088970242,-8.485951484904792,86.12383381532301,-8.486385247226718,86.12467584454097,-8.485468123534327,2.9270057678222656,2.2401500291979817,16.588158069794776
-861242417084634729,86.12424174604547,-8.463472927252141,86.12395873872262,-8.463774208403027,86.12452005862761,-8.463162793610277,2.11549973487854,1.576149876887586,-26.443901704588626
-861242391083254144,86.12423913772984,-8.325414446938055,86.12347520985192,-8.325859126114016,86.12473799849151,-8.324969569005638,5.504645347595215,2.6603897332499247,-89.05593373895303
-861242138085144371,86.12421381108786,-8.514437128236969,86.12376153650307,-8.514857267301062,86.12465983340437,-8.513995666114933,2.580271005630493,2.170470478004404,-58.24448940172496
-861242021087394655,86.12420215385026,-8.739465542727984,86.12363453988056,-8.739909922143807,86.12470181223613,-8.738742679271096,6.809988498687744,4.339753055421285,-38.422295494713126
-861241915082901718,86.12419151167434,-8.290171878384777,86.12366356972474,-8.290665295733707,86.12470163142707,-8.289692534608566,3.699064254760742,2.746610125872686,54.37749535170079
-861241912083674923,86.12419125943339,-8.367492303735496,86.12350757428118,-8.367941889739019,86.12477050157062,-8.367052325804343,5.769054412841797,2.6815411805837486,-83.90804959432899
-861241888085266828,86.12418881179106,-8.52668287277559,86.12386692258043,-8.527051561721485,86.12454062374546,-8.526328972058142,2.707406759262085,1.757310994757071,21.681898950776684
-861241809087421007,86.12418092600267,-8.7421007367733,86.12332397141982,-8.74296557642492,86.12500923384933,-8.741270218939569,1.480851650238037,1.4345719046567007,1.7366740933661375
-861241731082977461,86.12417318924288,-8.29774615516394,86.12354709770177,-8.29844297877249,86.12480954516353,-8.297108991210177,6.23766565322876,5.532247139592456,42.95799808411736
-861241295085190914,86.12412957745558,-8.519091401144566,86.12378694127943,-8.519440459329179,86.12446064459627,-8.51874564736194,1.9398243427276611,1.8689067874172884,-19.33498686436533
-861241123084476860,86.12411230862534,-8.44768600125786,86.12354651861983,-8.448246611388868,86.12464112373368,-8.44719046379765,3.976330041885376,3.8626707238911067,31.88356500590762
-861241070082729542,86.12410705177348,-8.272954293938984,86.12358918029703,-8.273582315406031,86.1246831616078,-8.272303978812811,3.0669667720794678,2.826942075269569,-28.16587359606812
-861240988085111107,86.12409886036744,-8.51111074417853,86.1232861656981,-8.511968553633196,86.12494232571086,-8.510273206290476,1.4656195640563965,1.3391066053891483,-14.515285318504866
-861240933083226615,86.12409337860436,-8.322661513180353,86.12347682692322,-8.323192442809763,86.12462720512534,-8.322108505512142,4.801961421966553,3.3948223338238215,49.47479933125865
-861240876085838336,86.1240876456933,-8.583833653213912,86.12352574685956,-8.584495680158435,86.1247611228816,-8.583300558686929,5.633992671966553,5.004661731893369,-63.07776142110714
-861240752085439113,86.12407528456993,-8.543911332103493,86.1235483151199,-8.544495937728245,86.12464316367505,-8.543384227968108,3.6341114044189453,3.4733584946217326,-55.7492167353121
-861240693084109910,86.12406936795813,-8.410991088968531,86.12359535093192,-8.411524644240924,86.12454945432465,-8.410468577504991,3.6692728996276855,2.6105728833673965,17.373974198453933
-861240691084489791,86.12406919731056,-8.448979186284351,86.12371417927629,-8.449329813245434,86.12441585712824,-8.448662766854802,2.205030679702759,2.02698450914328,-44.58906565651768
-861240662084461239,86.12406622023987,-8.446123905342533,86.12332297832505,-8.446885679839832,86.12495079110815,-8.445218133918008,12.369402885437012,8.108547529331396,-51.14097790397863
-861240626086009935,86.12406263711742,-8.600993575755066,86.12376873765788,-8.60130085358424,86.12435836766093,-8.60071719704114,1.9486361742019653,1.5888807845587984,-41.49450837412167
-861240566085576934,86.12405664795246,-8.557693402534559,86.12356858457765,-8.558162496587977,86.12463547629604,-8.557217467253777,3.94083571434021,2.7689681868182308,79.49089128962456
-861240519084922765,86.12405196025436,-8.492276565767328,86.12354940298907,-8.49277402891374,86.1245599105712,-8.491773478808275,3.332709789276123,3.1417493079605907,-81.58868938149007
-861240457083571949,86.12404579706697,-8.357194915487995,86.12359760902133,-8.357580729021842,86.1244394176195,-8.356774727098811,3.1262500286102295,1.9785817538370774,56.13666629146246
-861240392085175045,86.12403928788267,-8.517504583972901,86.12361935957203,-8.51794048562315,86.12448957616031,-8.517078899459037,4.165618896484375,1.774428024489457,46.77136310827468
-861240243084852084,86.1240243064692,-8.48520841787531,86.12355340674502,-8.485774047904812,86.12450767909502,-8.484690196447318,4.094832420349121,2.825620620728796,-5.606956515987439
-861240235083266507,86.12402355950329,-8.326650709652084,86.12372709905847,-8.32696997680465,86.12428820268157,-8.326330794665019,2.277733564376831,1.7335093976852873,7.350142630501054
-861240201085037597,86.12402017815408,-8.503759748280169,86.1234586440877,-8.50424615432685,86.12452536976544,-8.503273349873078,2.74504017829895,2.5959797807754006,-70.67669290451153
-861240083084262913,86.12400831168983,-8.426291366506767,86.12358660866671,-8.426718873980443,86.12440050420204,-8.425940657473632,3.1190998554229736,2.177141200183701,-60.43097576260386
-861240045083645986,86.1240045342804,-8.364598654476614,86.12350931688029,-8.365080723168758,86.12460365311593,-8.363969031522663,6.456315517425537,3.7486204517166786,-37.24626718746401
-861240010083323092,86.12400105609753,-8.332309283481525,86.1217318628708,-8.334665281862105,86.12610866589895,-8.329912985408129,6.360107421875,6.019576840375224,10.040430796576445
-861239936083342376,86.12399366887682,-8.334237679662381,86.1236105700655,-8.334692137531036,86.12439614951037,-8.333830614255199,3.4417307376861572,1.9615584862887152,-32.46461566335453
-861239799087453915,86.12397991730438,-8.745391556469745,86.12343434211802,-8.745881883482687,86.1245017247928,-8.744881303114449,3.7567625045776367,2.9585419363602004,59.34970565006066
-861239715084931286,86.12397153421875,-8.493128656153502,86.12349277697022,-8.493746275120067,86.12461553444473,-8.492578997551336,4.663287162780762,3.838377299347268,29.804147360029116
-861239606082933211,86.12396064984408,-8.293321159162621,86.12354945170007,-8.293692846312744,86.1243911513674,-8.292942407674682,3.0845131874084473,1.8752331574473522,-75.07402497097476
-861239471085430825,86.12394710863911,-8.543082550166496,86.12312757708338,-8.544134969081739,86.12489616888823,-8.54232844623649,7.616301536560059,5.636357838081272,-59.710086965060896
-861239352087368423,86.1239352804889,-8.736842386119937,86.12346730269748,-8.737354270156258,86.12442221712357,-8.73629819856206,3.2609779834747314,2.791942157454843,11.016704228578577
-861239336083411995,86.12393365620659,-8.34119955962719,86.12369076027365,-8.341414152009532,86.12419584621351,-8.340969440306889,1.7210930585861206,1.1939868221380219,-85.79991912555587
-861239112083465548,86.12391128085324,-8.346554800510155,86.1234352341132,-8.34708084290245,86.12438917672648,-8.346024784784715,3.9108967781066895,2.5833769849008053,-33.40841638667215
-861238984087496247,86.12389842605334,-8.74962476889307,86.12343190548931,-8.750076155950854,86.12438694584516,-8.74918674780108,3.2765605449676514,2.537105467391333,65.67326595975288
-861238818084434260,86.12388187011149,-8.443426024275173,86.12343671948683,-8.44402425382878,86.12433459835275,-8.442718215977635,8.695046424865723,4.438971919042542,0.753089169522555
-861238755082893049,86.12387559185093,-8.289304945378793,86.12335531272312,-8.289887352931613,86.12436522245925,-8.288775720260379,2.8387398719787598,2.55075560936972,-15.08069874672075
-861238570083652481,86.12385705322113,-8.365248137301563,86.12353685910499,-8.365608265905017,86.12418221566664,-8.364913479208452,2.4343502521514893,1.7650295886204361,-28.796431794593033
-861238551083551867,86.12385518887461,-8.355186799231516,86.12337413687135,-8.355608502733011,86.12438437681303,-8.354774631909626,3.7646491527557373,2.156165490918914,75.28966815883075
-861238487084578889,86.12384873659107,-8.457888993348607,86.12337226011347,-8.458385252466307,86.12432651089988,-8.457384735472512,2.9340975284576416,2.549325449262196,-11.45301799862463
-861238449084764706,86.12384491204043,-8.476470643059384,86.12333364795607,-8.476885161305637,86.12440034432157,-8.47599569128446,4.3760457038879395,2.826297938791266,-81.596999274105
-861238413084253257,86.12384132725136,-8.42532571784214,86.12353106004504,-8.4258020772499,86.12414829615396,-8.424857302938698,5.237014293670654,1.615165243552111,-3.2371566517150883
-861238400082723250,86.12384002197574,-8.272325039078842,86.12328071748539,-8.27283227229849,86.1245713060629,-8.27177604681016,8.828983306884766,2.5557409528776676,-60.26258665318338
-861238392084679971,86.1238392315014,-8.467997143985484,86.12336657196008,-8.468551842772147,86.12432078518015,-8.467440214630049,4.404189109802246,3.1120850503511424,24.32460890016632
-861238384083235961,86.12383844181446,-8.323596153287324,86.12356035497923,-8.323831033212363,86.12409345920273,-8.32333075291761,1.9236948490142822,1.5007996826454288,-86.49026532285214
-861238342087879138,86.12383423209172,-8.787913843159597,86.12343065732013,-8.788263733794794,86.12421801986353,-8.78754189791803,2.3965790271759033,1.9357916356958584,-78.35945741671196
-861238264087580304,86.12382640438155,-8.75803042848219,86.12341583024552,-8.758486529893654,86.12428751179921,-8.757625849894326,3.880936622619629,2.9302192768636703,-41.70913861507904
-861237953085504103,86.12379530908107,-8.550410321618223,86.12301108090543,-8.551218123196163,86.12466747219378,-8.549633882001832,1.556668996810913,1.3945194755110784,-67.65897580436166
-861237922084298174,86.12379229210252,-8.429817492059883,86.123500341711,-8.430107564644892,86.12408970803614,-8.42952391327744,2.6175150871276855,1.364199543765619,-47.41729335034703
-861237789083350989,86.12377892477593,-8.335098924233197,86.12147674613595,-8.336192387297832,86.12490063536048,-8.334218334371755,37.068695068359375,10.481365649282363,83.49520104523663
-861237474084794373,86.12374741319412,-8.479437318606138,86.12319162322393,-8.480135076037284,86.12428617681267,-8.478828926313556,7.855699062347412,4.645542651136035,9.221172494949439
-861237465082607530,86.12374651435367,-8.26075308351159,86.12345552205427,-8.261054472006903,86.12401656018744,-8.260470851368307,1.728472352027893,1.4000594014410332,-4.826917726725963
-861237445084416559,86.12374451085441,-8.441655935760023,86.12312901638889,-8.442691084859387,86.1246161660829,-8.44060695232729,7.0215935707092285,4.144721000226071,12.43671065369547
-861237377083654837,86.12373777172104,-8.3654837928785,86.12342438238552,-8.365719268880222,86.12398562070211,-8.36521896972552,2.355161428451538,1.5082244242840537,-73.93444043992636
-861237269084744063,86.12372697436172,-8.474406398767682,86.12330666410784,-8.474773926668291,86.12414877653373,-8.47405124564707,3.166963815689087,2.002917870944286,-78.02410299873884
-861237268085675976,86.1237268020625,-8.567597690084343,86.12331014566463,-8.56802327643534,86.12418047522631,-8.567161687906138,2.5001327991485596,2.237180947767278,-36.06618399203231
-861237245082913824,86.12372458347564,-8.291382437377282,86.12332592273572,-8.291692796100948,86.12422385307615,-8.291108990346821,5.559767246246338,1.3660520385610322,-79.40198503803668
-861237243082689912,86.12372436468065,-8.268991265246695,86.12345087516188,-8.269276512610794,86.12403999430587,-8.268692875903312,2.147179365158081,1.524282993345357,-43.739324516666784
-861237039087737734,86.12370395485179,-8.77377344057227,86.12311435822186,-8.774347285450704,86.12432351689654,-8.773153436911384,5.405664920806885,4.969083238096434,-50.66854335883568
-861236907087550567,86.12369079064202,-8.755056774395609,86.12324570161613,-8.7555422327595,86.12411741694939,-8.75459822120424,3.241525888442993,2.508647650717373,-4.833556108251754
