object_id,right_ascension,declination,spe_vel_disp_e
-670322140477390751,67.03221403412013,-47.73907511219575,680.0
-670322140477390751,67.03221403412013,-47.73907511219575,680.0
-670321765476739182,67.03217658242663,-47.67391823397788,680.0
-670321632476798891,67.03216325746276,-47.679889141210225,680.0
-670308710476729966,67.03087109943904,-47.67299662357768,680.0
-670308710476729966,67.03087109943904,-47.67299662357768,260.0
-670308710476729966,67.03087109943904,-47.67299662357768,680.0
-670308704477027480,67.03087049956729,-47.70274806023658,680.0
-670308704477027480,67.03087049956729,-47.70274806023658,680.0
-670308704477027480,67.03087049956729,-47.70274806023658,680.0
-670308704477027480,67.03087049956729,-47.70274806023658,680.0
-670305515476965683,67.03055155036176,-47.69656839428157,200.0
-670304854477390289,67.03048545675642,-47.73902899033994,660.0
-670304854477390289,67.03048545675642,-47.73902899033994,580.0
-670304854477390289,67.03048545675642,-47.73902899033994,680.0
-670304660477355994,67.03046602016482,-47.73559948156876,200.0
-670302381476597849,67.03023812780413,-47.65978499807244,220.0
-670302381476597849,67.03023812780413,-47.65978499807244,240.0
-670302381476597849,67.03023812780413,-47.65978499807244,380.0
-670297316477029062,67.02973165142178,-47.702906226913136,680.0
-670297316477029062,67.02973165142178,-47.702906226913136,360.0
-670297316477029062,67.02973165142178,-47.702906226913136,280.0
-670297316477029062,67.02973165142178,-47.702906226913136,680.0
-670297316477029062,67.02973165142178,-47.702906226913136,680.0
-670292067476813732,67.02920671227666,-47.6813732610863,280.0
-670292067476813732,67.02920671227666,-47.6813732610863,680.0
-670292067476813732,67.02920671227666,-47.6813732610863,480.0
-670292067476813732,67.02920671227666,-47.6813732610863,480.0
-670292067476813732,67.02920671227666,-47.6813732610863,680.0
-670288432476625371,67.0288432358774,-47.662537162304595,680.0
-670287791477014030,67.02877912664295,-47.701403017880786,200.0
-670287791477014030,67.02877912664295,-47.701403017880786,280.0
-670287791477014030,67.02877912664295,-47.701403017880786,680.0
-670284019477400208,67.02840198584036,-47.740020896621374,680.0
-670281027476831829,67.02810279294302,-47.68318296056248,600.0
-670281027476831829,67.02810279294302,-47.68318296056248,200.0
-670281027476831829,67.02810279294302,-47.68318296056248,680.0
-670281027476831829,67.02810279294302,-47.68318296056248,260.0
-670275684476905783,67.02756845957549,-47.690578341537005,260.0
-670275684476905783,67.02756845957549,-47.690578341537005,240.0
-670275684476905783,67.02756845957549,-47.690578341537005,680.0
-670275684476905783,67.02756845957549,-47.690578341537005,460.0
-670275684476905783,67.02756845957549,-47.690578341537005,620.0
-670264936476920830,67.02649362134493,-47.69208306517589,260.0
-670264936476920830,67.02649362134493,-47.69208306517589,380.0
-670264936476920830,67.02649362134493,-47.69208306517589,320.0
-670264936476920830,67.02649362134493,-47.69208306517589,500.0
-670264936476920830,67.02649362134493,-47.69208306517589,420.0
-670258911477022771,67.02589111009195,-47.702277118297374,380.0
-670258911477022771,67.02589111009195,-47.702277118297374,680.0
-670258911477022771,67.02589111009195,-47.702277118297374,620.0
-670252365476537051,67.0252365512277,-47.65370519130507,680.0
-670252365476537051,67.0252365512277,-47.65370519130507,680.0
-670252033476336992,67.0252033387964,-47.63369923604587,460.0
-670252033476336992,67.0252033387964,-47.63369923604587,680.0
-670245983476141019,67.02459837362176,-47.61410193499633,340.0
-670245983476141019,67.02459837362176,-47.61410193499633,460.0
-670245884476368870,67.02458849646595,-47.63688701843624,680.0
-670245884476368870,67.02458849646595,-47.63688701843624,680.0
-670245884476368870,67.02458849646595,-47.63688701843624,360.0
-670245884476368870,67.02458849646595,-47.63688701843624,680.0
-670245578476784191,67.02455788113546,-47.67841919759874,680.0
-670245578476784191,67.02455788113546,-47.67841919759874,300.0
-670245578476784191,67.02455788113546,-47.67841919759874,680.0
-670245578476784191,67.02455788113546,-47.67841919759874,680.0
-670244842477132644,67.02448427473499,-47.71326449742604,380.0
-670238299476314121,67.02382991150999,-47.631412124943374,280.0
-670238299476314121,67.02382991150999,-47.631412124943374,240.0
-670238299476314121,67.02382991150999,-47.631412124943374,680.0
-670236839476993673,67.02368395863563,-47.69936733012283,420.0
-670236839476993673,67.02368395863563,-47.69936733012283,520.0
-670232281476416018,67.02322818138406,-47.641601876335216,560.0
-670232281476416018,67.02322818138406,-47.641601876335216,360.0
-670232281476416018,67.02322818138406,-47.641601876335216,680.0
-670232281476416018,67.02322818138406,-47.641601876335216,680.0
-670229556477320983,67.02295563236036,-47.732098315124524,680.0
-670229556477320983,67.02295563236036,-47.732098315124524,680.0
-670229556477320983,67.02295563236036,-47.732098315124524,680.0
-670229556477320983,67.02295563236036,-47.732098315124524,680.0
-670229556477320983,67.02295563236036,-47.732098315124524,680.0
-670228600476572931,67.02286000938142,-47.65729315194208,220.0
-670228600476572931,67.02286000938142,-47.65729315194208,580.0
-670228600476572931,67.02286000938142,-47.65729315194208,200.0
-670228600476572931,67.02286000938142,-47.65729315194208,340.0
-670227119477118924,67.0227119610311,-47.71189247791266,680.0
-670227119477118924,67.0227119610311,-47.71189247791266,680.0
-670227119477118924,67.0227119610311,-47.71189247791266,680.0
-670227119477118924,67.0227119610311,-47.71189247791266,680.0
-670227119477118924,67.0227119610311,-47.71189247791266,680.0
-670219698476805580,67.0219698231276,-47.68055801798301,680.0
-670219698476805580,67.0219698231276,-47.68055801798301,680.0
-670219698476805580,67.0219698231276,-47.68055801798301,680.0
-670219698476805580,67.0219698231276,-47.68055801798301,680.0
-670219698476805580,67.0219698231276,-47.68055801798301,680.0
-670219058476766421,67.02190580230332,-47.67664212194579,300.0
-670219058476766421,67.02190580230332,-47.67664212194579,680.0
-670219058476766421,67.02190580230332,-47.67664212194579,680.0
-670219058476766421,67.02190580230332,-47.67664212194579,560.0
-670219058476766421,67.02190580230332,-47.67664212194579,460.0
-670217168476593004,67.02171687004648,-47.65930044726,420.0
-670217168476593004,67.02171687004648,-47.65930044726,680.0
-670214299476048826,67.02142990616527,-47.604882641262265,680.0
-670211676476594371,67.02116766290924,-47.659437186981826,680.0
-670211676476594371,67.02116766290924,-47.659437186981826,680.0
-670211676476594371,67.02116766290924,-47.659437186981826,680.0
-670205851476307079,67.02058513593252,-47.63070792769901,380.0
-670205130476711205,67.02051309200203,-47.67112059817561,420.0
-670205130476711205,67.02051309200203,-47.67112059817561,220.0
-670205130476711205,67.02051309200203,-47.67112059817561,680.0
-670202297476329191,67.02022971299886,-47.63291916286769,540.0
-670202297476329191,67.02022971299886,-47.63291916286769,220.0
-670198173477095061,67.01981730749384,-47.70950613563557,680.0
-670197857477359844,67.01978578472945,-47.735984490023995,260.0
-670197857477359844,67.01978578472945,-47.735984490023995,260.0
-670197857477359844,67.01978578472945,-47.735984490023995,260.0
-670197857477359844,67.01978578472945,-47.735984490023995,240.0
-670197857477359844,67.01978578472945,-47.735984490023995,240.0
-670197192476563463,67.01971924047295,-47.65634633759029,240.0
-670196056476418126,67.01960563454513,-47.64181261370629,680.0
-670196056476418126,67.01960563454513,-47.64181261370629,680.0
-670196056476418126,67.01960563454513,-47.64181261370629,680.0
-670196056476418126,67.01960563454513,-47.64181261370629,680.0
-670196056476418126,67.01960563454513,-47.64181261370629,680.0
-670194807477440927,67.0194807812617,-47.74409272725495,680.0
-670194807477440927,67.0194807812617,-47.74409272725495,680.0
-670194807477440927,67.0194807812617,-47.74409272725495,680.0
-670193621476934306,67.01936214210117,-47.69343066030989,680.0
-670193621476934306,67.01936214210117,-47.69343066030989,680.0
-670193621476934306,67.01936214210117,-47.69343066030989,500.0
-670193621476934306,67.01936214210117,-47.69343066030989,280.0
-670189256476971083,67.01892567212347,-47.69710830307159,260.0
-670189256476971083,67.01892567212347,-47.69710830307159,320.0
-670189256476971083,67.01892567212347,-47.69710830307159,680.0
-670187380476514108,67.01873805596844,-47.65141087081006,660.0
-670187380476514108,67.01873805596844,-47.65141087081006,240.0
-670187380476514108,67.01873805596844,-47.65141087081006,680.0
-670184536476724649,67.01845364968075,-47.67246495003152,660.0
-670184536476724649,67.01845364968075,-47.67246495003152,440.0
-670184536476724649,67.01845364968075,-47.67246495003152,520.0
-670184536476724649,67.01845364968075,-47.67246495003152,320.0
-670184536476724649,67.01845364968075,-47.67246495003152,680.0
-670183701476636887,67.01837011428705,-47.663688745044084,420.0
-670183701476636887,67.01837011428705,-47.663688745044084,500.0
-670183701476636887,67.01837011428705,-47.663688745044084,440.0
-670183701476636887,67.01837011428705,-47.663688745044084,440.0
-670183701476636887,67.01837011428705,-47.663688745044084,440.0
-670182172476493848,67.01821723968854,-47.64938487618384,320.0
-670180259476084880,67.0180259048477,-47.60848809211249,460.0
-670180094476159087,67.01800946812195,-47.615908774510565,680.0
-670180094476159087,67.01800946812195,-47.615908774510565,520.0
-670180094476159087,67.01800946812195,-47.615908774510565,680.0
-670178466476157974,67.01784660138969,-47.61579744426927,620.0
-670178466476157974,67.01784660138969,-47.61579744426927,620.0
-670178466476157974,67.01784660138969,-47.61579744426927,500.0
-670178466476157974,67.01784660138969,-47.61579744426927,260.0
-670177468476199436,67.01774683024351,-47.619943672912,260.0
-670177468476199436,67.01774683024351,-47.619943672912,680.0
-670177468476199436,67.01774683024351,-47.619943672912,340.0
-670176560476637462,67.01765605004229,-47.66374620070697,220.0
-670176560476637462,67.01765605004229,-47.66374620070697,220.0
-670176560476637462,67.01765605004229,-47.66374620070697,220.0
-670174181476648466,67.01741816056244,-47.66484662603633,680.0
-670174181476648466,67.01741816056244,-47.66484662603633,620.0
-670174181476648466,67.01741816056244,-47.66484662603633,680.0
-670174181476648466,67.01741816056244,-47.66484662603633,220.0
-670173601476033935,67.01736011395134,-47.6033935454607,240.0
-670173601476033935,67.01736011395134,-47.6033935454607,680.0
-670173601476033935,67.01736011395134,-47.6033935454607,440.0
-670173601476033935,67.01736011395134,-47.6033935454607,680.0
-670172711476628006,67.01727112160195,-47.66280063624387,680.0
-670170965476114011,67.01709654625415,-47.611401116651756,440.0
-670170965476114011,67.01709654625415,-47.611401116651756,660.0
-670170965476114011,67.01709654625415,-47.611401116651756,480.0
-670170965476114011,67.01709654625415,-47.611401116651756,340.0
-670170965476114011,67.01709654625415,-47.611401116651756,640.0
-670170445476318183,67.01704454888412,-47.63181838013256,680.0
-670166748476978899,67.01667481771133,-47.69788991287296,680.0
-670166748476978899,67.01667481771133,-47.69788991287296,680.0
-670166748476978899,67.01667481771133,-47.69788991287296,680.0
-670166748476978899,67.01667481771133,-47.69788991287296,680.0
-670166748476978899,67.01667481771133,-47.69788991287296,680.0
-670166418476649475,67.01664187006027,-47.66494750466294,240.0
-670166418476649475,67.01664187006027,-47.66494750466294,680.0
-670165147476362803,67.01651474223654,-47.63628035152468,440.0
-670158200476392607,67.015820043866,-47.639260774185225,680.0
-670152315476194911,67.01523152914046,-47.619491169613205,680.0
-670152315476194911,67.01523152914046,-47.619491169613205,460.0
-670152315476194911,67.01523152914046,-47.619491169613205,680.0
-670152315476194911,67.01523152914046,-47.619491169613205,260.0
-670151858476655193,67.01518583685507,-47.66551939242321,680.0
-670151469477426014,67.01514694762218,-47.74260145739498,680.0
-670151469477426014,67.01514694762218,-47.74260145739498,680.0
-670151469477426014,67.01514694762218,-47.74260145739498,680.0
-670151469477426014,67.01514694762218,-47.74260145739498,680.0
-670151469477426014,67.01514694762218,-47.74260145739498,680.0
-670151398476491935,67.01513984271665,-47.649193574855516,680.0
-670149327476224761,67.014932797888,-47.62247618622506,440.0
-670149327476224761,67.014932797888,-47.62247618622506,480.0
-670149327476224761,67.014932797888,-47.62247618622506,460.0
-670149327476224761,67.014932797888,-47.62247618622506,460.0
-670149327476224761,67.014932797888,-47.62247618622506,680.0
-670147977476313656,67.01479779518047,-47.63136569503246,680.0
-670147977476313656,67.01479779518047,-47.63136569503246,480.0
-670146783476025438,67.0146783190545,-47.60254384292699,520.0
-670146783476025438,67.0146783190545,-47.60254384292699,580.0
-670146783476025438,67.0146783190545,-47.60254384292699,440.0
-670146783476025438,67.0146783190545,-47.60254384292699,580.0
-670146783476025438,67.0146783190545,-47.60254384292699,540.0
-670144213476194702,67.0144213915003,-47.61947022498492,680.0
-670144213476194702,67.0144213915003,-47.61947022498492,680.0
-670144213476194702,67.0144213915003,-47.61947022498492,680.0
-670144213476194702,67.0144213915003,-47.61947022498492,680.0
-670144213476194702,67.0144213915003,-47.61947022498492,680.0
-670142384475688199,67.01423842642305,-47.5688199069365,480.0
-670142384475688199,67.01423842642305,-47.5688199069365,480.0
-670139987476822996,67.01399874611985,-47.6822996104512,280.0
-670139987476822996,67.01399874611985,-47.6822996104512,240.0
-670139987476822996,67.01399874611985,-47.6822996104512,520.0
-670139900475743666,67.01399008580927,-47.57436664051661,680.0
-670139900475743666,67.01399008580927,-47.57436664051661,680.0
-670139900475743666,67.01399008580927,-47.57436664051661,680.0
-670139900475743666,67.01399008580927,-47.57436664051661,460.0
-670139409476134411,67.01394096194328,-47.6134411659627,680.0
-670139409476134411,67.01394096194328,-47.6134411659627,200.0
-670139409476134411,67.01394096194328,-47.6134411659627,680.0
-670138957476744348,67.01389570133539,-47.674434882418566,680.0
-670138957476744348,67.01389570133539,-47.674434882418566,680.0
-670138957476744348,67.01389570133539,-47.674434882418566,660.0
-670138957476744348,67.01389570133539,-47.674434882418566,680.0
-670138895476442774,67.01388953611621,-47.644277422509724,280.0
-670138895476442774,67.01388953611621,-47.644277422509724,680.0
-670135841476319883,67.01358414883002,-47.631988346884185,680.0
-670135841476319883,67.01358414883002,-47.631988346884185,240.0
-670132084476782183,67.0132084551676,-47.67821834427477,420.0
-670132084476782183,67.0132084551676,-47.67821834427477,500.0
-670132084476782183,67.0132084551676,-47.67821834427477,360.0
-670132084476782183,67.0132084551676,-47.67821834427477,660.0
-670131504477110399,67.01315046944272,-47.71103994639048,580.0
-670131504477110399,67.01315046944272,-47.71103994639048,320.0
-670131504477110399,67.01315046944272,-47.71103994639048,680.0
-670130797476888582,67.01307970023026,-47.68885824924387,680.0
-670130797476888582,67.01307970023026,-47.68885824924387,680.0
-670130797476888582,67.01307970023026,-47.68885824924387,680.0
-670130797476888582,67.01307970023026,-47.68885824924387,680.0
-670130797476888582,67.01307970023026,-47.68885824924387,680.0
-670130564476780867,67.01305644900806,-47.67808673927659,680.0
-670129730476450837,67.01297301513893,-47.64508374071259,240.0
-670129730476450837,67.01297301513893,-47.64508374071259,680.0
-670129654476430043,67.01296546103275,-47.643004337701115,680.0
-670129654476430043,67.01296546103275,-47.643004337701115,560.0
-670129654476430043,67.01296546103275,-47.643004337701115,680.0
-670129654476430043,67.01296546103275,-47.643004337701115,680.0
-670129546476855970,67.0129546891532,-47.685597041779474,560.0
-670129546476855970,67.0129546891532,-47.685597041779474,400.0
-670126161476714893,67.01261617680362,-47.6714893298466,680.0
-670125745476320092,67.01257455527929,-47.632009204538555,500.0
-670125745476320092,67.01257455527929,-47.632009204538555,300.0
-670125745476320092,67.01257455527929,-47.632009204538555,680.0
-670119311477161311,67.0119311091728,-47.71613111700641,680.0
-670118872476415326,67.0118872915129,-47.64153267875753,480.0
-670118872476415326,67.0118872915129,-47.64153267875753,680.0
-670117451477026589,67.01174517432514,-47.70265899489857,680.0
-670117451477026589,67.01174517432514,-47.70265899489857,680.0
-670117451477026589,67.01174517432514,-47.70265899489857,680.0
-670117451477026589,67.01174517432514,-47.70265899489857,680.0
-670116939476504973,67.01169393359064,-47.65049738359128,680.0
-670116939476504973,67.01169393359064,-47.65049738359128,680.0
-670116939476504973,67.01169393359064,-47.65049738359128,680.0
-670108367475693740,67.0108367067445,-47.56937406151574,400.0
-670108367475693740,67.0108367067445,-47.56937406151574,680.0
-670108367475693740,67.0108367067445,-47.56937406151574,520.0
-670107926477337017,67.01079268644168,-47.73370172288233,680.0
-670107926477337017,67.01079268644168,-47.73370172288233,680.0
-670107926477337017,67.01079268644168,-47.73370172288233,480.0
-670107567477071327,67.01075671345117,-47.70713276021624,280.0
-670107567477071327,67.01075671345117,-47.70713276021624,600.0
-670107567477071327,67.01075671345117,-47.70713276021624,200.0
-670107536476009087,67.01075367560703,-47.60090877898973,680.0
-670107536476009087,67.01075367560703,-47.60090877898973,260.0
-670104197476171707,67.01041978480356,-47.61717077093398,680.0
-670104197476171707,67.01041978480356,-47.61717077093398,680.0
-670104197476171707,67.01041978480356,-47.61717077093398,680.0
-670103136476447160,67.01031362491328,-47.64471609620112,460.0
-670103136476447160,67.01031362491328,-47.64471609620112,680.0
-670103136476447160,67.01031362491328,-47.64471609620112,540.0
-670102123476422968,67.01021239500129,-47.64229689556964,680.0
-670102123476422968,67.01021239500129,-47.64229689556964,680.0
-670102123476422968,67.01021239500129,-47.64229689556964,320.0
-670102123476422968,67.01021239500129,-47.64229689556964,680.0
-670101052476398605,67.01010528651526,-47.63986052723818,680.0
-670101052476398605,67.01010528651526,-47.63986052723818,560.0
-670101052476398605,67.01010528651526,-47.63986052723818,400.0
-670101052476398605,67.01010528651526,-47.63986052723818,360.0
-670100724476319469,67.01007248995798,-47.631946972294216,680.0
-670100724476319469,67.01007248995798,-47.631946972294216,680.0
-670100724476319469,67.01007248995798,-47.631946972294216,680.0
-670099160476301996,67.00991607938677,-47.63019965722087,680.0
-670099160476301996,67.00991607938677,-47.63019965722087,660.0
-670099160476301996,67.00991607938677,-47.63019965722087,200.0
-670099160476301996,67.00991607938677,-47.63019965722087,600.0
-670098663476716111,67.0098663222706,-47.6716111321763,680.0
-670098663476716111,67.0098663222706,-47.6716111321763,280.0
-670097582476617604,67.00975828366673,-47.66176043194,680.0
-670097582476617604,67.00975828366673,-47.66176043194,680.0
-670097582476617604,67.00975828366673,-47.66176043194,680.0
-670096731477068658,67.00967313334937,-47.70686589361682,680.0
-670096731477068658,67.00967313334937,-47.70686589361682,680.0
-670096731477068658,67.00967313334937,-47.70686589361682,680.0
-670096731477068658,67.00967313334937,-47.70686589361682,680.0
-670096675475046107,67.00966753784174,-47.50461073330878,640.0
-670096675475046107,67.00966753784174,-47.50461073330878,460.0
-670096675475046107,67.00966753784174,-47.50461073330878,360.0
-670096675475046107,67.00966753784174,-47.50461073330878,540.0
-670094908475143696,67.00949080033116,-47.51436964849324,680.0
-670094908475143696,67.00949080033116,-47.51436964849324,240.0
-670092507475733718,67.00925079894647,-47.57337183672655,680.0
-670092276475712745,67.00922769255088,-47.57127457549336,580.0
-670092276475712745,67.00922769255088,-47.57127457549336,620.0
-670092276475712745,67.00922769255088,-47.57127457549336,620.0
-670092276475712745,67.00922769255088,-47.57127457549336,640.0
-670092276475712745,67.00922769255088,-47.57127457549336,620.0
-670091839476499057,67.00918397206485,-47.64990572607008,680.0
-670091839476499057,67.00918397206485,-47.64990572607008,300.0
-670091458476436025,67.00914583818029,-47.6436025167818,340.0
-670091458476436025,67.00914583818029,-47.6436025167818,300.0
-670091458476436025,67.00914583818029,-47.6436025167818,680.0
-670091249476536031,67.00912492947717,-47.6536031894427,680.0
-670091249476536031,67.00912492947717,-47.6536031894427,680.0
-670089509477337357,67.00895099796956,-47.733735711264636,680.0
-670089509477337357,67.00895099796956,-47.733735711264636,680.0
-670089509477337357,67.00895099796956,-47.733735711264636,680.0
-670089509477337357,67.00895099796956,-47.733735711264636,680.0
-670089509477337357,67.00895099796956,-47.733735711264636,680.0
-670088314476607142,67.00883143781978,-47.66071424875792,680.0
-670088314476607142,67.00883143781978,-47.66071424875792,680.0
-670088314476607142,67.00883143781978,-47.66071424875792,680.0
-670088314476607142,67.00883143781978,-47.66071424875792,680.0
-670087138475194420,67.00871389569208,-47.51944202530705,460.0
-670087138475194420,67.00871389569208,-47.51944202530705,200.0
-670087138475194420,67.00871389569208,-47.51944202530705,680.0
-670084923477123995,67.00849230461702,-47.71239956118717,680.0
-670084923477123995,67.00849230461702,-47.71239956118717,680.0
-670084923477123995,67.00849230461702,-47.71239956118717,500.0
-670084209477347179,67.00842098077094,-47.73471791536162,580.0
-670084209477347179,67.00842098077094,-47.73471791536162,680.0
-670084209477347179,67.00842098077094,-47.73471791536162,680.0
-670084209477347179,67.00842098077094,-47.73471791536162,680.0
-670084009474959402,67.00840098150924,-47.49594028047093,680.0
-670084009474959402,67.00840098150924,-47.49594028047093,680.0
-670084009474959402,67.00840098150924,-47.49594028047093,680.0
-670084009474959402,67.00840098150924,-47.49594028047093,680.0
-670083988476860637,67.00839886457003,-47.68606375260424,680.0
-670083988476860637,67.00839886457003,-47.68606375260424,640.0
-670083988476860637,67.00839886457003,-47.68606375260424,680.0
-670083735475743757,67.00837351301274,-47.57437574138787,680.0
-670083735475743757,67.00837351301274,-47.57437574138787,680.0
-670082931476878630,67.00829314384481,-47.687863049004335,680.0
-670082931476878630,67.00829314384481,-47.687863049004335,680.0
-670082931476878630,67.00829314384481,-47.687863049004335,260.0
-670082931476878630,67.00829314384481,-47.687863049004335,640.0
-670075364475142527,67.0075364296986,-47.51425275554093,540.0
-670075364475142527,67.0075364296986,-47.51425275554093,280.0
-670073775477024793,67.007377537469,-47.70247932229317,680.0
-670073775477024793,67.007377537469,-47.70247932229317,680.0
-670073775477024793,67.007377537469,-47.70247932229317,680.0
-670072623476993407,67.00726230795814,-47.69934076946998,680.0
-670072623476993407,67.00726230795814,-47.69934076946998,680.0
-670072623476993407,67.00726230795814,-47.69934076946998,680.0
-670072623476993407,67.00726230795814,-47.69934076946998,680.0
-670070180474837281,67.00701804399652,-47.483728109306405,680.0
-670070180474837281,67.00701804399652,-47.483728109306405,680.0
-670070180474837281,67.00701804399652,-47.483728109306405,680.0
-670069938476881745,67.0069938696426,-47.688174530980575,680.0
-670068238477101470,67.00682385771728,-47.71014708998736,420.0
-670068238477101470,67.00682385771728,-47.71014708998736,680.0
-670068238477101470,67.00682385771728,-47.71014708998736,680.0
-670067925474833443,67.00679256801608,-47.48334433810461,680.0
-670067925474833443,67.00679256801608,-47.48334433810461,680.0
-670066237475150991,67.0066237110066,-47.51509917635473,680.0
-670066237475150991,67.0066237110066,-47.51509917635473,340.0
-670066237475150991,67.0066237110066,-47.51509917635473,680.0
-670066140476520155,67.00661404627813,-47.65201557255298,680.0
-670066140476520155,67.00661404627813,-47.65201557255298,680.0
-670065544475180590,67.0065544093508,-47.51805904221549,320.0
-670065544475180590,67.0065544093508,-47.51805904221549,320.0
-670064089474829435,67.00640893949159,-47.48294355248183,680.0
-670064089474829435,67.00640893949159,-47.48294355248183,680.0
-670064089474829435,67.00640893949159,-47.48294355248183,680.0
-670064089474829435,67.00640893949159,-47.48294355248183,680.0
-670064089474829435,67.00640893949159,-47.48294355248183,520.0
-670061289474988576,67.00612891208407,-47.49885764896075,260.0
-670061289474988576,67.00612891208407,-47.49885764896075,200.0
-670061289474988576,67.00612891208407,-47.49885764896075,280.0
-670061289474988576,67.00612891208407,-47.49885764896075,300.0
-670059716476505013,67.00597168318562,-47.65050135418612,280.0
-670059572476684926,67.00595722489051,-47.66849261138306,680.0
-670059572476684926,67.00595722489051,-47.66849261138306,680.0
-670059572476684926,67.00595722489051,-47.66849261138306,680.0
-670059572476684926,67.00595722489051,-47.66849261138306,680.0
-670056510476754705,67.00565100926636,-47.67547054273252,680.0
-670056510476754705,67.00565100926636,-47.67547054273252,540.0
-670056510476754705,67.00565100926636,-47.67547054273252,680.0
-670053068475340225,67.00530680081043,-47.534022510660805,580.0
-670053068475340225,67.00530680081043,-47.534022510660805,280.0
-670051512476343226,67.00515123126759,-47.63432266488444,520.0
-670051512476343226,67.00515123126759,-47.63432266488444,680.0
-670051330477398879,67.00513306902312,-47.73988792768154,500.0
-670050886475357644,67.00508861964688,-47.53576440335188,680.0
-670050886475357644,67.00508861964688,-47.53576440335188,300.0
-670050886475357644,67.00508861964688,-47.53576440335188,680.0
-670050165476362096,67.00501652578882,-47.63620964491046,460.0
-670050165476362096,67.00501652578882,-47.63620964491046,200.0
-670050012477188956,67.00500122388763,-47.71889560096023,200.0
-670047054474945591,67.00470546271713,-47.49455916326519,340.0
-670047054474945591,67.00470546271713,-47.49455916326519,680.0
-670047054474945591,67.00470546271713,-47.49455916326519,680.0
-670047054474945591,67.00470546271713,-47.49455916326519,440.0
-670046566477428615,67.00465664061892,-47.74286157655227,540.0
-670045952474980059,67.00459520966064,-47.498005984751295,680.0
-670045952474980059,67.00459520966064,-47.498005984751295,220.0
-670045952474980059,67.00459520966064,-47.498005984751295,660.0
-670041361474713404,67.00413611242276,-47.47134042950213,680.0
-670041361474713404,67.00413611242276,-47.47134042950213,680.0
-670041361474713404,67.00413611242276,-47.47134042950213,680.0
-670041361474713404,67.00413611242276,-47.47134042950213,640.0
-670041361474713404,67.00413611242276,-47.47134042950213,640.0
-670040864476635862,67.00408642114238,-47.663586234866514,500.0
-670040864476635862,67.00408642114238,-47.663586234866514,680.0
-670040864476635862,67.00408642114238,-47.663586234866514,680.0
-670040864476635862,67.00408642114238,-47.663586234866514,660.0
-670038165477177787,67.00381653775544,-47.71777878279678,640.0
-670038165477177787,67.00381653775544,-47.71777878279678,680.0
-670035657474868048,67.00356579718797,-47.48680480969636,480.0
-670035657474868048,67.00356579718797,-47.48680480969636,680.0
-670034773476232813,67.00347730443346,-47.6232813684682,220.0
-670034459476512833,67.0034459302231,-47.65128333844916,280.0
-670034459476512833,67.0034459302231,-47.65128333844916,520.0
-670034459476512833,67.0034459302231,-47.65128333844916,360.0
-670034459476512833,67.0034459302231,-47.65128333844916,680.0
-670034459476512833,67.0034459302231,-47.65128333844916,560.0
-670030407476371934,67.00304076525386,-47.6371934060522,680.0
-670030407476371934,67.00304076525386,-47.6371934060522,680.0
-670030407476371934,67.00304076525386,-47.6371934060522,680.0
-670030407476371934,67.00304076525386,-47.6371934060522,680.0
-670030407476371934,67.00304076525386,-47.6371934060522,580.0
-670030020475652237,67.00300206482692,-47.56522378091887,680.0
-670030020475652237,67.00300206482692,-47.56522378091887,680.0
-670030020475652237,67.00300206482692,-47.56522378091887,680.0
-670030020475652237,67.00300206482692,-47.56522378091887,680.0
-670030020475652237,67.00300206482692,-47.56522378091887,680.0
-670029765475678122,67.00297653622182,-47.56781223728875,680.0
-670029765475678122,67.00297653622182,-47.56781223728875,680.0
-670029765475678122,67.00297653622182,-47.56781223728875,560.0
-670029765475678122,67.00297653622182,-47.56781223728875,680.0
-670029649474814025,67.00296491249945,-47.481402515188336,680.0
-670029649474814025,67.00296491249945,-47.481402515188336,680.0
-670029649474814025,67.00296491249945,-47.481402515188336,680.0
-670029649474814025,67.00296491249945,-47.481402515188336,680.0
-670029649474814025,67.00296491249945,-47.481402515188336,680.0
-670029613476636412,67.00296133040592,-47.66364127088351,680.0
-670029613476636412,67.00296133040592,-47.66364127088351,680.0
-670029465475125663,67.00294652145794,-47.51256632319257,380.0
-670028282475037736,67.00282828573062,-47.5037736856715,520.0
-670028282475037736,67.00282828573062,-47.5037736856715,680.0
-670028282475037736,67.00282828573062,-47.5037736856715,680.0
-670027483476004212,67.00274837836538,-47.600421273617094,340.0
-670027483476004212,67.00274837836538,-47.600421273617094,680.0
-670027483476004212,67.00274837836538,-47.600421273617094,200.0
-670027483476004212,67.00274837836538,-47.600421273617094,520.0
-670026487475779620,67.00264878649334,-47.57796208282814,240.0
-670026473474941606,67.00264737432688,-47.49416068971195,400.0
-670026473474941606,67.00264737432688,-47.49416068971195,680.0
-670026372476933350,67.00263721192441,-47.6933350892914,680.0
-670026372476933350,67.00263721192441,-47.6933350892914,680.0
-670024386476711994,67.00243866337287,-47.67119942390163,340.0
-670024386476711994,67.00243866337287,-47.67119942390163,680.0
-670024386476711994,67.00243866337287,-47.67119942390163,680.0
-670024386476711994,67.00243866337287,-47.67119942390163,680.0
-670024222477020812,67.00242220490537,-47.70208123737085,680.0
-670024222477020812,67.00242220490537,-47.70208123737085,680.0
-670024135476365982,67.00241352226097,-47.636598245595685,300.0
-670024135476365982,67.00241352226097,-47.636598245595685,480.0
-670024135476365982,67.00241352226097,-47.636598245595685,400.0
-670024135476365982,67.00241352226097,-47.636598245595685,680.0
-670023995475499809,67.00239953982516,-47.549980903738245,560.0
-670023995475499809,67.00239953982516,-47.549980903738245,680.0
-670023571476392965,67.00235714857428,-47.639296548082584,540.0
-670022603474805766,67.00226030767877,-47.48057666066623,520.0
-670022603474805766,67.00226030767877,-47.48057666066623,500.0
-670022603474805766,67.00226030767877,-47.48057666066623,540.0
-670022603474805766,67.00226030767877,-47.48057666066623,480.0
-670022603474805766,67.00226030767877,-47.48057666066623,420.0
-670022176476852702,67.00221766808832,-47.6852702483954,680.0
-670022176476852702,67.00221766808832,-47.6852702483954,680.0
-670022076475769214,67.00220765473959,-47.57692141596112,240.0
-670022076475769214,67.00220765473959,-47.57692141596112,240.0
-670022076475769214,67.00220765473959,-47.57692141596112,200.0
-670016593475156971,67.00165931650261,-47.51569712429816,420.0
-670015498476973360,67.00154982864645,-47.697336001278295,680.0
-670015498476973360,67.00154982864645,-47.697336001278295,680.0
-670015498476973360,67.00154982864645,-47.697336001278295,680.0
-670015498476973360,67.00154982864645,-47.697336001278295,680.0
-670015498476973360,67.00154982864645,-47.697336001278295,680.0
-670014562476480792,67.00145621044553,-47.6480792540739,680.0
-670014562476480792,67.00145621044553,-47.6480792540739,680.0
-670012548477395249,67.00125480860147,-47.73952497313757,680.0
-670012548477395249,67.00125480860147,-47.73952497313757,680.0
-670012548477395249,67.00125480860147,-47.73952497313757,260.0
-670012548477395249,67.00125480860147,-47.73952497313757,200.0
-670012548477395249,67.00125480860147,-47.73952497313757,680.0
-670011033474455506,67.00110332538208,-47.445550691351876,680.0
-670011033474455506,67.00110332538208,-47.445550691351876,240.0
-670011033474455506,67.00110332538208,-47.445550691351876,300.0
-670011033474455506,67.00110332538208,-47.445550691351876,220.0
-670009810475454745,67.0009810856493,-47.54547453235114,400.0
-670008398475054851,67.00083985091949,-47.50548514774121,500.0
-670008398475054851,67.00083985091949,-47.50548514774121,680.0
-670007956476392706,67.00079560993191,-47.63927062040734,680.0
-670006569476739302,67.00065699668777,-47.673930231438135,680.0
-670006569476739302,67.00065699668777,-47.673930231438135,680.0
-670006569476739302,67.00065699668777,-47.673930231438135,280.0
-670006387476634310,67.00063876059542,-47.66343104384035,680.0
-670006387476634310,67.00063876059542,-47.66343104384035,680.0
-670006387476634310,67.00063876059542,-47.66343104384035,680.0
-670006387476634310,67.00063876059542,-47.66343104384035,680.0
-670006281476152223,67.00062810607508,-47.615222392419824,680.0
-670003980475264878,67.00039807210096,-47.52648785234965,680.0
-670003980475264878,67.00039807210096,-47.52648785234965,680.0
-670003980475264878,67.00039807210096,-47.52648785234965,680.0
-670003980475264878,67.00039807210096,-47.52648785234965,680.0
-670003252475407592,67.00032522972441,-47.54075929577311,240.0
-670002359474822042,67.00023591726371,-47.48220428077335,680.0
-670002359474822042,67.00023591726371,-47.48220428077335,620.0
-670002359474822042,67.00023591726371,-47.48220428077335,420.0
-670002359474822042,67.00023591726371,-47.48220428077335,580.0
-670002325476653677,67.00023259784508,-47.665367759536394,500.0
-670002146476884036,67.00021463223884,-47.68840363315074,280.0
-669999464475608119,66.99994644030416,-47.56081192359252,540.0
-669999464475608119,66.99994644030416,-47.56081192359252,640.0
-669999464475608119,66.99994644030416,-47.56081192359252,260.0
-669999212475194919,66.99992122703314,-47.519491909039246,680.0
-669998927476977382,66.99989275837252,-47.697738256531906,680.0
-669998927476977382,66.99989275837252,-47.697738256531906,680.0
-669998927476977382,66.99989275837252,-47.697738256531906,680.0
-669998927476977382,66.99989275837252,-47.697738256531906,680.0
-669998927476977382,66.99989275837252,-47.697738256531906,680.0
-669998890475063312,66.99988901823495,-47.506331241243196,680.0
-669998890475063312,66.99988901823495,-47.506331241243196,680.0
-669997550475142969,66.99975504855601,-47.51429698252468,680.0
-669997550475142969,66.99975504855601,-47.51429698252468,680.0
-669996166475039016,66.99961663547963,-47.50390162026006,240.0
-669994432475470439,66.99944323224396,-47.54704395499532,680.0
-669994432475470439,66.99944323224396,-47.54704395499532,680.0
-669994432475470439,66.99944323224396,-47.54704395499532,680.0
-669994129476536832,66.99941290835007,-47.653683211163404,680.0
-669994129476536832,66.99941290835007,-47.653683211163404,680.0
-669994129476536832,66.99941290835007,-47.653683211163404,680.0
-669994129476536832,66.99941290835007,-47.653683211163404,680.0
-669993905475807040,66.99939051871326,-47.580704040497565,680.0
-669993905475807040,66.99939051871326,-47.580704040497565,220.0
-669993905475807040,66.99939051871326,-47.580704040497565,680.0
-669993381476631081,66.99933816172633,-47.663108165771106,220.0
-669993381476631081,66.99933816172633,-47.663108165771106,200.0
-669993212474965781,66.99932123692719,-47.49657817317638,660.0
-669993212474965781,66.99932123692719,-47.49657817317638,620.0
-669992157476237120,66.99921572157227,-47.62371200116552,680.0
-669992157476237120,66.99921572157227,-47.62371200116552,460.0
-669991958474278314,66.99919582437953,-47.42783143567117,680.0
-669991958474278314,66.99919582437953,-47.42783143567117,680.0
-669991958474278314,66.99919582437953,-47.42783143567117,220.0
-669991958474278314,66.99919582437953,-47.42783143567117,280.0
-669991958474278314,66.99919582437953,-47.42783143567117,680.0
-669991845477312617,66.99918454196542,-47.73126173139078,680.0
-669991845477312617,66.99918454196542,-47.73126173139078,680.0
-669991845477312617,66.99918454196542,-47.73126173139078,680.0
-669991315474332972,66.999131547905,-47.43329727287017,680.0
-669991315474332972,66.999131547905,-47.43329727287017,680.0
-669991315474332972,66.999131547905,-47.43329727287017,680.0
-669991315474332972,66.999131547905,-47.43329727287017,680.0
-669991315474332972,66.999131547905,-47.43329727287017,680.0
-669990538475457312,66.99905387704914,-47.54573127629298,680.0
-669990538475457312,66.99905387704914,-47.54573127629298,360.0
-669990538475457312,66.99905387704914,-47.54573127629298,360.0
-669990538475457312,66.99905387704914,-47.54573127629298,680.0
-669990345476880023,66.99903453886091,-47.688002355687026,540.0
-669990345476880023,66.99903453886091,-47.688002355687026,260.0
-669990008476909100,66.99900084680601,-47.69091004434812,280.0
-669990008476909100,66.99900084680601,-47.69091004434812,340.0
-669989031475626057,66.9989031392643,-47.562605754722185,680.0
-669989031475626057,66.9989031392643,-47.562605754722185,280.0
-669988456476101449,66.9988456327067,-47.61014490403838,680.0
-669988456476101449,66.9988456327067,-47.61014490403838,680.0
-669988456476101449,66.9988456327067,-47.61014490403838,680.0
-669988456476101449,66.9988456327067,-47.61014490403838,680.0
-669988456476101449,66.9988456327067,-47.61014490403838,680.0
-669985014477236902,66.99850142896526,-47.723690266304885,220.0
-669984447476884215,66.9984447752967,-47.688421557739716,260.0
-669984447476884215,66.9984447752967,-47.688421557739716,460.0
-669984447476884215,66.9984447752967,-47.688421557739716,640.0
-669984447476884215,66.9984447752967,-47.688421557739716,200.0
-669984447476884215,66.9984447752967,-47.688421557739716,380.0
-669984311474339292,66.99843119673591,-47.433929289888056,680.0
-669984311474339292,66.99843119673591,-47.433929289888056,680.0
-669984311474339292,66.99843119673591,-47.433929289888056,680.0
-669983662477142296,66.99836629545283,-47.71422961817413,680.0
-669981852477082964,66.99818529400707,-47.7082964965608,400.0
-669981852477082964,66.99818529400707,-47.7082964965608,680.0
-669981852477082964,66.99818529400707,-47.7082964965608,200.0
-669980333474887971,66.99803331887362,-47.488797114710046,340.0
-669980333474887971,66.99803331887362,-47.488797114710046,240.0
-669980333474887971,66.99803331887362,-47.488797114710046,220.0
-669979781476631565,66.99797818693163,-47.6631565739745,300.0
-669979781476631565,66.99797818693163,-47.6631565739745,680.0
-669979781476631565,66.99797818693163,-47.6631565739745,220.0
-669979781476631565,66.99797818693163,-47.6631565739745,680.0
-669979311475191387,66.99793117658135,-47.51913871727283,680.0
-669979311475191387,66.99793117658135,-47.51913871727283,580.0
-669979191475617432,66.997919105285,-47.561743282192715,680.0
-669979191475617432,66.997919105285,-47.561743282192715,520.0
-669979191475617432,66.997919105285,-47.561743282192715,680.0
-669977640474331067,66.99776408696354,-47.43310677044699,680.0
-669977640474331067,66.99776408696354,-47.43310677044699,380.0
-669977640474331067,66.99776408696354,-47.43310677044699,680.0
-669977321474986534,66.99773219658219,-47.49865344460381,540.0
-669977321474986534,66.99773219658219,-47.49865344460381,520.0
-669977321474986534,66.99773219658219,-47.49865344460381,200.0
-669977321474986534,66.99773219658219,-47.49865344460381,400.0
-669977037476491799,66.9977037695266,-47.649179932425945,460.0
-669977037476491799,66.9977037695266,-47.649179932425945,400.0
-669977037476491799,66.9977037695266,-47.649179932425945,680.0
-669974752475166599,66.99747525198532,-47.51665991289902,680.0
-669974503474940131,66.99745036737018,-47.49401317277709,280.0
-669974454476274479,66.99744542633955,-47.6274479473817,680.0
-669974454476274479,66.99744542633955,-47.6274479473817,680.0
-669974454476274479,66.99744542633955,-47.6274479473817,460.0
-669974454476274479,66.99744542633955,-47.6274479473817,660.0
-669973759476826376,66.99737590442588,-47.68263769626611,680.0
-669973759476826376,66.99737590442588,-47.68263769626611,680.0
-669973759476826376,66.99737590442588,-47.68263769626611,680.0
-669972320474689783,66.99723206384917,-47.46897837543789,320.0
-669972320474689783,66.99723206384917,-47.46897837543789,360.0
-669972320474689783,66.99723206384917,-47.46897837543789,680.0
-669972320474689783,66.99723206384917,-47.46897837543789,320.0
-669972232474847917,66.9972232064226,-47.484791778363046,680.0
-669972232474847917,66.9972232064226,-47.484791778363046,680.0
-669972232474847917,66.9972232064226,-47.484791778363046,200.0
-669972232474847917,66.9972232064226,-47.484791778363046,680.0
-669972232474847917,66.9972232064226,-47.484791778363046,360.0
-669971215474871101,66.99712156122236,-47.487110122612066,260.0
-669971215474871101,66.99712156122236,-47.487110122612066,200.0
-669971207475415308,66.99712076038523,-47.54153080374657,220.0
-669971103476364045,66.99711034865383,-47.636404553929424,680.0
-669971103476364045,66.99711034865383,-47.636404553929424,680.0
-669970950475334080,66.99709505237288,-47.533408061479385,680.0
-669970950475334080,66.99709505237288,-47.533408061479385,200.0
-669970950475334080,66.99709505237288,-47.533408061479385,320.0
-669970950475334080,66.99709505237288,-47.533408061479385,240.0
-669969460476806661,66.99694609715928,-47.68066615652091,400.0
-669969460476806661,66.99694609715928,-47.68066615652091,460.0
-669968714475012778,66.99687145434012,-47.501277894060124,420.0
-669968714475012778,66.99687145434012,-47.501277894060124,540.0
-669968714475012778,66.99687145434012,-47.501277894060124,680.0
-669967311477078201,66.99673112330925,-47.707820157029694,680.0
-669967311477078201,66.99673112330925,-47.707820157029694,400.0
-669967071477095590,66.99670717647984,-47.70955902040452,680.0
-669967071477095590,66.99670717647984,-47.70955902040452,680.0
-669967071477095590,66.99670717647984,-47.70955902040452,680.0
-669967071477095590,66.99670717647984,-47.70955902040452,680.0
-669966313476171839,66.9966313708158,-47.617183975936605,680.0
-669966313476171839,66.9966313708158,-47.617183975936605,220.0
-669966313476171839,66.9966313708158,-47.617183975936605,200.0
-669966271476216532,66.99662712016976,-47.621653264660715,200.0
-669966271476216532,66.99662712016976,-47.621653264660715,200.0
-669964566477272711,66.9964566190869,-47.72727114233857,680.0
-669964566477272711,66.9964566190869,-47.72727114233857,680.0
-669964566477272711,66.9964566190869,-47.72727114233857,680.0
-669963709475798329,66.99637092887986,-47.579832933311614,680.0
-669963709475798329,66.99637092887986,-47.579832933311614,300.0
-669961881475065437,66.996188158213,-47.506543779318,680.0
-669961881475065437,66.996188158213,-47.506543779318,340.0
-669961881475065437,66.996188158213,-47.506543779318,400.0
-669961881475065437,66.996188158213,-47.506543779318,380.0
-669960038476222774,66.99600387159182,-47.622277497259525,680.0
-669960038476222774,66.99600387159182,-47.622277497259525,680.0
-669960038476222774,66.99600387159182,-47.622277497259525,680.0
-669960038476222774,66.99600387159182,-47.622277497259525,680.0
-669959743476226739,66.99597434117506,-47.62267392101142,680.0
-669959743476226739,66.99597434117506,-47.62267392101142,680.0
-669959743476226739,66.99597434117506,-47.62267392101142,680.0
-669959743476226739,66.99597434117506,-47.62267392101142,680.0
-669959743476226739,66.99597434117506,-47.62267392101142,680.0
-669959115475151110,66.99591159026824,-47.51511106286665,680.0
-669959115475151110,66.99591159026824,-47.51511106286665,680.0
-669959115475151110,66.99591159026824,-47.51511106286665,680.0
-669959115475151110,66.99591159026824,-47.51511106286665,680.0
-669959115475151110,66.99591159026824,-47.51511106286665,200.0
-669958202475972106,66.9958202003725,-47.59721067459123,680.0
-669958202475972106,66.9958202003725,-47.59721067459123,680.0
-669958202475972106,66.9958202003725,-47.59721067459123,680.0
-669956760475105396,66.99567600483681,-47.51053962905581,680.0
-669956760475105396,66.99567600483681,-47.51053962905581,680.0
-669956760475105396,66.99567600483681,-47.51053962905581,680.0
-669956590474424203,66.99565908969687,-47.44242032038225,680.0
-669956590474424203,66.99565908969687,-47.44242032038225,220.0
-669956590474424203,66.99565908969687,-47.44242032038225,560.0
-669955950476845436,66.99559505913841,-47.68454365821025,600.0
-669955950476845436,66.99559505913841,-47.68454365821025,680.0
-669955854474328184,66.9955854607524,-47.43281841982707,340.0
-669955854474328184,66.9955854607524,-47.43281841982707,500.0
-669955854474328184,66.9955854607524,-47.43281841982707,680.0
-669955854474328184,66.9955854607524,-47.43281841982707,340.0
-669954876475090267,66.99548769709152,-47.509026791599716,680.0
-669954876475090267,66.99548769709152,-47.509026791599716,660.0
-669954876475090267,66.99548769709152,-47.509026791599716,680.0
-669954876475090267,66.99548769709152,-47.509026791599716,680.0
-669954876475090267,66.99548769709152,-47.509026791599716,680.0
-669954675474416302,66.99546757339634,-47.44163026234201,320.0
-669954675474416302,66.99546757339634,-47.44163026234201,240.0
-669953883474254677,66.99538831062354,-47.4254677619639,680.0
-669953883474254677,66.99538831062354,-47.4254677619639,640.0
-669953883474254677,66.99538831062354,-47.4254677619639,320.0
-669953216475227767,66.99532165345332,-47.52277670122509,680.0
-669953216475227767,66.99532165345332,-47.52277670122509,480.0
-669953216475227767,66.99532165345332,-47.52277670122509,500.0
-669953185475375233,66.99531856134297,-47.53752338395589,680.0
-669953185475375233,66.99531856134297,-47.53752338395589,680.0
-669953185475375233,66.99531856134297,-47.53752338395589,680.0
-669953185475375233,66.99531856134297,-47.53752338395589,680.0
-669953185475375233,66.99531856134297,-47.53752338395589,680.0
-669953180476264325,66.99531809598743,-47.62643253606863,240.0
-669953180476264325,66.99531809598743,-47.62643253606863,680.0
-669953180476264325,66.99531809598743,-47.62643253606863,680.0
-669953180476264325,66.99531809598743,-47.62643253606863,680.0
-669953180476264325,66.99531809598743,-47.62643253606863,480.0
-669952441475788557,66.99524411566514,-47.57885572562482,240.0
-669952441475788557,66.99524411566514,-47.57885572562482,300.0
-669951915475442920,66.99519152420558,-47.54429207242726,300.0
-669951334477083266,66.99513341369013,-47.7083266613869,220.0
-669951334477083266,66.99513341369013,-47.7083266613869,680.0
-669951334477083266,66.99513341369013,-47.7083266613869,680.0
-669950719476595934,66.99507195846708,-47.65959345410705,620.0
-669950719476595934,66.99507195846708,-47.65959345410705,480.0
-669950719476595934,66.99507195846708,-47.65959345410705,540.0
-669950719476595934,66.99507195846708,-47.65959345410705,500.0
-669950719476595934,66.99507195846708,-47.65959345410705,580.0
-669950666476334267,66.99506660839305,-47.63342678087835,680.0
-669950666476334267,66.99506660839305,-47.63342678087835,680.0
-669950666476334267,66.99506660839305,-47.63342678087835,460.0
-669949241475031442,66.99492419838356,-47.50314427887581,380.0
-669949241475031442,66.99492419838356,-47.50314427887581,540.0
-669949241475031442,66.99492419838356,-47.50314427887581,680.0
-669949241475031442,66.99492419838356,-47.50314427887581,460.0
-669949139475659818,66.99491393370681,-47.5659818978048,220.0
-669949139475659818,66.99491393370681,-47.5659818978048,680.0
-669949139475659818,66.99491393370681,-47.5659818978048,680.0
-669948539477228294,66.99485394827653,-47.72282948670645,680.0
-669947887474956238,66.99478873901077,-47.49562381299519,680.0
-669947887474956238,66.99478873901077,-47.49562381299519,680.0
-669947887474956238,66.99478873901077,-47.49562381299519,680.0
-669947230474755825,66.99472308357757,-47.475582555127566,680.0
-669947230474755825,66.99472308357757,-47.475582555127566,680.0
-669947230474755825,66.99472308357757,-47.475582555127566,680.0
-669947230474755825,66.99472308357757,-47.475582555127566,680.0
-669945368476549485,66.99453684510219,-47.65494853156711,660.0
-669945368476549485,66.99453684510219,-47.65494853156711,680.0
-669944519475747180,66.99445197243189,-47.5747180496516,680.0
-669944519475747180,66.99445197243189,-47.5747180496516,460.0
-669944519475747180,66.99445197243189,-47.5747180496516,440.0
-669943840476239950,66.9943840050902,-47.62399504105256,500.0
-669943840476239950,66.9943840050902,-47.62399504105256,660.0
-669943840476239950,66.9943840050902,-47.62399504105256,360.0
-669943840476239950,66.9943840050902,-47.62399504105256,680.0
-669943840476239950,66.9943840050902,-47.62399504105256,680.0
-669943564475631300,66.9943564472857,-47.563130095432214,360.0
-669943448475598814,66.99434489703881,-47.55988147802909,260.0
-669943448475598814,66.99434489703881,-47.55988147802909,680.0
-669942717476631858,66.9942717354447,-47.66318585266864,680.0
-669942717476631858,66.9942717354447,-47.66318585266864,600.0
-669941936473984205,66.99419368511245,-47.39842050070113,680.0
-669941667477410271,66.99416672768648,-47.741027185064205,320.0
-669941667477410271,66.99416672768648,-47.741027185064205,620.0
-669941667477410271,66.99416672768648,-47.741027185064205,680.0
-669940518474825405,66.99405182643444,-47.482540524487455,560.0
-669940518474825405,66.99405182643444,-47.482540524487455,680.0
-669940518474825405,66.99405182643444,-47.482540524487455,240.0
-669940518474825405,66.99405182643444,-47.482540524487455,680.0
-669937398475274263,66.99373989216087,-47.52742635571424,680.0
-669937398475274263,66.99373989216087,-47.52742635571424,680.0
-669937398475274263,66.99373989216087,-47.52742635571424,680.0
-669934553474321669,66.99345539602406,-47.432166982107944,560.0
-669934553474321669,66.99345539602406,-47.432166982107944,680.0
-669934553474321669,66.99345539602406,-47.432166982107944,680.0
-669934553474321669,66.99345539602406,-47.432166982107944,680.0
-669934553474321669,66.99345539602406,-47.432166982107944,680.0
-669934302474941485,66.99343028630165,-47.49414859332874,480.0
-669934302474941485,66.99343028630165,-47.49414859332874,500.0
-669934302474941485,66.99343028630165,-47.49414859332874,680.0
-669934302474941485,66.99343028630165,-47.49414859332874,380.0
-669933442475029827,66.99334423772312,-47.50298270919031,680.0
-669933442475029827,66.99334423772312,-47.50298270919031,680.0
-669931691475936998,66.99316917974355,-47.593699874641096,260.0
-669931691475936998,66.99316917974355,-47.593699874641096,240.0
-669931691475936998,66.99316917974355,-47.593699874641096,280.0
-669931618473908462,66.99316187850073,-47.39084623060686,360.0
-669931618473908462,66.99316187850073,-47.39084623060686,340.0
-669931618473908462,66.99316187850073,-47.39084623060686,360.0
-669931618473908462,66.99316187850073,-47.39084623060686,280.0
-669930910475769123,66.99309104783872,-47.576912349553105,280.0
-669930910475769123,66.99309104783872,-47.576912349553105,320.0
-669930910475769123,66.99309104783872,-47.576912349553105,680.0
-669930910475769123,66.99309104783872,-47.576912349553105,500.0
-669927711475114629,66.99277115474878,-47.51146291099515,580.0
-669927711475114629,66.99277115474878,-47.51146291099515,680.0
-669927711475114629,66.99277115474878,-47.51146291099515,200.0
-669924629474049227,66.99246292800963,-47.40492270392809,340.0
-669924629474049227,66.99246292800963,-47.40492270392809,360.0
-669924255474142886,66.99242555111967,-47.41428862414909,680.0
-669924255474142886,66.99242555111967,-47.41428862414909,280.0
-669923068475628157,66.99230689918555,-47.56281577829337,680.0
-669923068475628157,66.99230689918555,-47.56281577829337,680.0
-669923068475628157,66.99230689918555,-47.56281577829337,680.0
-669923068475628157,66.99230689918555,-47.56281577829337,680.0
-669923068475628157,66.99230689918555,-47.56281577829337,680.0
-669922223474763688,66.99222232308006,-47.476368850526505,680.0
-669922047476469230,66.99220476984239,-47.64692302483143,680.0
-669922047476469230,66.99220476984239,-47.64692302483143,580.0
-669922047476469230,66.99220476984239,-47.64692302483143,600.0
-669922047476469230,66.99220476984239,-47.64692302483143,540.0
-669922005476964033,66.9922005955849,-47.69640338994293,680.0
-669922005476964033,66.9922005955849,-47.69640338994293,320.0
-669922005476964033,66.9922005955849,-47.69640338994293,600.0
-669919709477003874,66.99197098996203,-47.700387437356326,680.0
-669916975476861696,66.99169753622226,-47.686169682743454,340.0
-669916411474043848,66.99164116617973,-47.404384854879,320.0
-669915860473720006,66.99158603977227,-47.372000637364984,680.0
-669915069473728873,66.99150696692782,-47.37288735075759,300.0
-669915069473728873,66.99150696692782,-47.37288735075759,360.0
-669915069473728873,66.99150696692782,-47.37288735075759,680.0
-669914985474314502,66.99149855446349,-47.431450221778704,200.0
-669914985474314502,66.99149855446349,-47.431450221778704,680.0
-669913907477302112,66.9913907606308,-47.730211262418656,680.0
-669913907477302112,66.9913907606308,-47.730211262418656,420.0
-669913207473716167,66.99132070912425,-47.37161672536088,340.0
-669913061475597356,66.99130616192717,-47.559735677865795,680.0
-669913061475597356,66.99130616192717,-47.559735677865795,680.0
-669913017475044371,66.99130179766118,-47.5044371730835,300.0
-669913017475044371,66.99130179766118,-47.5044371730835,540.0
-669912867476555003,66.991286735431,-47.65550036145856,680.0
-669912867476555003,66.991286735431,-47.65550036145856,680.0
-669912813476135939,66.99128132118652,-47.61359391215333,260.0
-669912813476135939,66.99128132118652,-47.61359391215333,680.0
-669910124473797543,66.99101243075438,-47.37975439071516,240.0
-669910124473797543,66.99101243075438,-47.37975439071516,520.0
-669910124473797543,66.99101243075438,-47.37975439071516,660.0
-669910124473797543,66.99101243075438,-47.37975439071516,560.0
-669910124473797543,66.99101243075438,-47.37975439071516,600.0
-669910046477306320,66.9910046633659,-47.73063207928234,220.0
-669910046477306320,66.9910046633659,-47.73063207928234,680.0
-669909629476066728,66.99096298706309,-47.60667282862961,680.0
-669909629476066728,66.99096298706309,-47.60667282862961,560.0
-669909592475733696,66.99095922811402,-47.57336967827748,300.0
-669909113475756606,66.9909113533824,-47.575660607262755,380.0
-669909058475109096,66.99090587295414,-47.51090962668913,680.0
-669908576475797508,66.99085767364274,-47.579750869743926,680.0
-669908309476402659,66.99083098510046,-47.64026598650534,340.0
-669908309476402659,66.99083098510046,-47.64026598650534,220.0
-669908309476402659,66.99083098510046,-47.64026598650534,260.0
-669906845473710928,66.99068457631861,-47.37109288813888,320.0
-669906799476180254,66.99067997787706,-47.618025494747364,680.0
-669906799476180254,66.99067997787706,-47.618025494747364,680.0
-669906799476180254,66.99067997787706,-47.618025494747364,680.0
-669906799476180254,66.99067997787706,-47.618025494747364,680.0
-669906799476180254,66.99067997787706,-47.618025494747364,680.0
-669906749475809712,66.99067497613895,-47.58097125573743,360.0
-669906749475809712,66.99067497613895,-47.58097125573743,280.0
-669906749475809712,66.99067497613895,-47.58097125573743,680.0
-669906313475610826,66.99063138882259,-47.56108265611461,240.0
-669906313475610826,66.99063138882259,-47.56108265611461,420.0
-669906313475610826,66.99063138882259,-47.56108265611461,320.0
-669906313475610826,66.99063138882259,-47.56108265611461,680.0
-669906313475610826,66.99063138882259,-47.56108265611461,300.0
-669906140474284112,66.99061409231021,-47.42841128876515,680.0
-669906140474284112,66.99061409231021,-47.42841128876515,420.0
-669906140474284112,66.99061409231021,-47.42841128876515,680.0
-669906140474284112,66.99061409231021,-47.42841128876515,540.0
-669906140474284112,66.99061409231021,-47.42841128876515,660.0
-669905592474916058,66.99055923264179,-47.49160587372535,680.0
-669905592474916058,66.99055923264179,-47.49160587372535,680.0
-669905592474916058,66.99055923264179,-47.49160587372535,680.0
-669905592474916058,66.99055923264179,-47.49160587372535,680.0
-669905592474916058,66.99055923264179,-47.49160587372535,680.0
-669905397476524485,66.99053979638624,-47.65244859815428,680.0
-669905397476524485,66.99053979638624,-47.65244859815428,680.0
-669905397476524485,66.99053979638624,-47.65244859815428,280.0
-669905397476524485,66.99053979638624,-47.65244859815428,680.0
-669904134476228205,66.99041348714411,-47.62282057111949,680.0
-669903686474928772,66.99036868140459,-47.492877239451445,680.0
-669903686474928772,66.99036868140459,-47.492877239451445,680.0
-669903686474928772,66.99036868140459,-47.492877239451445,240.0
-669903686474928772,66.99036868140459,-47.492877239451445,240.0
-669903683474869212,66.9903683033647,-47.48692124804108,640.0
-669903683474869212,66.9903683033647,-47.48692124804108,200.0
-669903683474869212,66.9903683033647,-47.48692124804108,260.0
-669902188475961138,66.99021883992438,-47.5961138633792,240.0
-669902188475961138,66.99021883992438,-47.5961138633792,420.0
-669902188475961138,66.99021883992438,-47.5961138633792,580.0
-669902173474048018,66.99021730295937,-47.40480184306902,240.0
-669902173474048018,66.99021730295937,-47.40480184306902,680.0
-669902173474048018,66.99021730295937,-47.40480184306902,660.0
-669901194476412881,66.99011944868819,-47.64128817721418,680.0
-669901194476412881,66.99011944868819,-47.64128817721418,680.0
-669901194476412881,66.99011944868819,-47.64128817721418,680.0
-669901194476412881,66.99011944868819,-47.64128817721418,680.0
-669901194476412881,66.99011944868819,-47.64128817721418,680.0
-669900843475417404,66.99008431837836,-47.541740436222234,200.0
-669899061476454611,66.98990619359456,-47.64546116981907,680.0
-669899061476454611,66.98990619359456,-47.64546116981907,680.0
-669899061476454611,66.98990619359456,-47.64546116981907,680.0
-669899061476454611,66.98990619359456,-47.64546116981907,680.0
-669899061476454611,66.98990619359456,-47.64546116981907,680.0
-669898419477420918,66.98984198070757,-47.74209184382628,680.0
-669898419477420918,66.98984198070757,-47.74209184382628,680.0
-669898419477420918,66.98984198070757,-47.74209184382628,680.0
-669898419477420918,66.98984198070757,-47.74209184382628,680.0
-669898419477420918,66.98984198070757,-47.74209184382628,680.0
-669898214475107440,66.98982148126225,-47.51074402105298,680.0
-669898214475107440,66.98982148126225,-47.51074402105298,680.0
-669898214475107440,66.98982148126225,-47.51074402105298,680.0
-669898214475107440,66.98982148126225,-47.51074402105298,680.0
-669897374475460978,66.98973746142956,-47.546097855269544,660.0
-669897374475460978,66.98973746142956,-47.546097855269544,680.0
-669897374475460978,66.98973746142956,-47.546097855269544,680.0
-669897374475460978,66.98973746142956,-47.546097855269544,680.0
-669897372474013238,66.98973728504068,-47.40132380749618,240.0
-669897146475523662,66.98971466337586,-47.55236620452647,680.0
-669897146475523662,66.98971466337586,-47.55236620452647,680.0
-669896772473858990,66.9896772508949,-47.38589907543261,220.0
-669896772473858990,66.9896772508949,-47.38589907543261,200.0
-669896772473858990,66.9896772508949,-47.38589907543261,380.0
-669895333474222225,66.98953334459492,-47.42222251208096,380.0
-669895333474222225,66.98953334459492,-47.42222251208096,400.0
-669895333474222225,66.98953334459492,-47.42222251208096,680.0
-669894697476972557,66.98946970987942,-47.69725579275209,680.0
-669894697476972557,66.98946970987942,-47.69725579275209,680.0
-669894697476972557,66.98946970987942,-47.69725579275209,220.0
-669893615476419863,66.9893615706983,-47.641986360722946,320.0
-669892989476958333,66.98929895728162,-47.69583333000464,680.0
-669892989476958333,66.98929895728162,-47.69583333000464,680.0
-669892989476958333,66.98929895728162,-47.69583333000464,680.0
-669892989476958333,66.98929895728162,-47.69583333000464,200.0
-669892989476958333,66.98929895728162,-47.69583333000464,680.0
-669892219474694366,66.98922192392286,-47.46943666935424,680.0
-669892075476696914,66.98920755002229,-47.669691412762056,680.0
-669892075476696914,66.98920755002229,-47.669691412762056,680.0
-669892075476696914,66.98920755002229,-47.669691412762056,680.0
-669891165473876477,66.98911655389998,-47.38764776493473,300.0
-669889800477432691,66.98898001720424,-47.74326914282101,680.0
-669889800477432691,66.98898001720424,-47.74326914282101,460.0
-669888591475174762,66.98885918917814,-47.51747624492567,380.0
-669888591475174762,66.98885918917814,-47.51747624492567,680.0
-669888386476299127,66.98883863306537,-47.629912763666454,680.0
-669888386476299127,66.98883863306537,-47.629912763666454,680.0
-669887273475203795,66.9887273199399,-47.520379563253,460.0
-669887273475203795,66.9887273199399,-47.520379563253,680.0
-669887273475203795,66.9887273199399,-47.520379563253,680.0
-669887273475203795,66.9887273199399,-47.520379563253,680.0
-669887176474273515,66.98871765970672,-47.42735156053878,500.0
-669887176474273515,66.98871765970672,-47.42735156053878,680.0
-669887176474273515,66.98871765970672,-47.42735156053878,260.0
-669887162473848721,66.98871623264084,-47.38487212818775,220.0
-669887162473848721,66.98871623264084,-47.38487212818775,280.0
-669887162473848721,66.98871623264084,-47.38487212818775,240.0
-669887162473848721,66.98871623264084,-47.38487212818775,200.0
-669886528475626296,66.98865288260572,-47.56262962972653,680.0
-669886528475626296,66.98865288260572,-47.56262962972653,680.0
-669886528475626296,66.98865288260572,-47.56262962972653,680.0
-669885895476939273,66.98858957951617,-47.69392737511146,680.0
-669885895476939273,66.98858957951617,-47.69392737511146,680.0
-669885895476939273,66.98858957951617,-47.69392737511146,680.0
-669885895476939273,66.98858957951617,-47.69392737511146,680.0
-669885895476939273,66.98858957951617,-47.69392737511146,680.0
-669884947474074401,66.98849471929043,-47.407440107360586,220.0
-669884947474074401,66.98849471929043,-47.407440107360586,680.0
-669884522476599430,66.98845228604475,-47.65994305128035,340.0
-669884522476599430,66.98845228604475,-47.65994305128035,680.0
-669881886475885975,66.98818867880657,-47.58859753617323,680.0
-669881886475885975,66.98818867880657,-47.58859753617323,680.0
-669881886475885975,66.98818867880657,-47.58859753617323,680.0
-669881886475885975,66.98818867880657,-47.58859753617323,680.0
-669880601474067754,66.98806015673111,-47.406775403741385,680.0
-669880597474877412,66.98805977979008,-47.48774125995926,680.0
-669879158476635955,66.98791583889961,-47.663595574715174,680.0
-669879158476635955,66.98791583889961,-47.663595574715174,340.0
-669879158476635955,66.98791583889961,-47.663595574715174,680.0
-669879158476635955,66.98791583889961,-47.663595574715174,680.0
-669877978477096188,66.98779789492197,-47.70961889306278,500.0
-669877978477096188,66.98779789492197,-47.70961889306278,680.0
-669877978477096188,66.98779789492197,-47.70961889306278,240.0
-669877978477096188,66.98779789492197,-47.70961889306278,680.0
-669877978477096188,66.98779789492197,-47.70961889306278,680.0
-669877973474079915,66.98779731663663,-47.40799158132084,680.0
-669877973474079915,66.98779731663663,-47.40799158132084,340.0
-669877973474079915,66.98779731663663,-47.40799158132084,220.0
-669877973474079915,66.98779731663663,-47.40799158132084,380.0
-669877750476047482,66.98777506320008,-47.60474826238469,680.0
-669877750476047482,66.98777506320008,-47.60474826238469,680.0
-669877750476047482,66.98777506320008,-47.60474826238469,680.0
-669876853476053682,66.98768537289617,-47.605368249783204,680.0
-669876853476053682,66.98768537289617,-47.605368249783204,520.0
-669876853476053682,66.98768537289617,-47.605368249783204,400.0
-669876853476053682,66.98768537289617,-47.605368249783204,260.0
-669876652477414164,66.98766528903423,-47.74141646857396,320.0
-669876652477414164,66.98766528903423,-47.74141646857396,320.0
-669874400475277028,66.98744006075324,-47.527702892458635,680.0
-669874400475277028,66.98744006075324,-47.527702892458635,680.0
-669874400475277028,66.98744006075324,-47.527702892458635,340.0
-669874250475330885,66.98742509013015,-47.53308853441623,680.0
-669874250475330885,66.98742509013015,-47.53308853441623,520.0
-669874250475330885,66.98742509013015,-47.53308853441623,680.0
-669873613476222486,66.98736136350504,-47.622248663706635,400.0
-669872735476014933,66.98727351220508,-47.60149335854951,680.0
-669872735476014933,66.98727351220508,-47.60149335854951,680.0
-669872735476014933,66.98727351220508,-47.60149335854951,680.0
-669872735476014933,66.98727351220508,-47.60149335854951,680.0
-669872535477161419,66.98725358591223,-47.716141978277406,680.0
-669872535477161419,66.98725358591223,-47.716141978277406,680.0
-669871264476421562,66.98712648042589,-47.64215628480558,680.0
-669871264476421562,66.98712648042589,-47.64215628480558,680.0
-669871264476421562,66.98712648042589,-47.64215628480558,580.0
-669871264476421562,66.98712648042589,-47.64215628480558,680.0
-669871264476421562,66.98712648042589,-47.64215628480558,680.0
-669870551476325391,66.98705514621712,-47.63253916258054,680.0
-669870551476325391,66.98705514621712,-47.63253916258054,680.0
-669870551476325391,66.98705514621712,-47.63253916258054,680.0
-669870551476325391,66.98705514621712,-47.63253916258054,680.0
-669868930474752788,66.98689308627966,-47.475278816404966,260.0
-669868930474752788,66.98689308627966,-47.475278816404966,320.0
-669868930474752788,66.98689308627966,-47.475278816404966,680.0
-669868930474752788,66.98689308627966,-47.475278816404966,680.0
-669868740477179990,66.98687402615606,-47.71799904977457,680.0
-669868105473635583,66.98681053511747,-47.36355838511619,260.0
-669868094475300485,66.98680948843625,-47.53004850016639,360.0
-669868094475300485,66.98680948843625,-47.53004850016639,480.0
-669868094475300485,66.98680948843625,-47.53004850016639,220.0
-669868094475300485,66.98680948843625,-47.53004850016639,380.0
-669866546474672310,66.98665463283754,-47.467231046897965,680.0
-669866546474672310,66.98665463283754,-47.467231046897965,320.0
-669864615475145523,66.98646153786603,-47.51455237536506,680.0
-669864615475145523,66.98646153786603,-47.51455237536506,680.0
-669864615475145523,66.98646153786603,-47.51455237536506,680.0
-669863893475198759,66.98638933811847,-47.51987593741259,320.0
-669863893475198759,66.98638933811847,-47.51987593741259,680.0
-669862910475370109,66.98629109020271,-47.53701097238131,580.0
-669862910475370109,66.98629109020271,-47.53701097238131,680.0
-669862910475370109,66.98629109020271,-47.53701097238131,420.0
-669862910475370109,66.98629109020271,-47.53701097238131,500.0
-669862677474097568,66.98626772535766,-47.40975683235999,680.0
-669862277475718337,66.98622779468288,-47.57183372706809,680.0
-669862277475718337,66.98622779468288,-47.57183372706809,680.0
-669862277475718337,66.98622779468288,-47.57183372706809,480.0
-669861318474088351,66.98613180071388,-47.40883518367433,680.0
-669861318474088351,66.98613180071388,-47.40883518367433,600.0
-669861318474088351,66.98613180071388,-47.40883518367433,680.0
-669861318474088351,66.98613180071388,-47.40883518367433,680.0
-669861290474077112,66.98612900095812,-47.40771126334566,340.0
-669861290474077112,66.98612900095812,-47.40771126334566,680.0
-669861290474077112,66.98612900095812,-47.40771126334566,680.0
-669861066475410039,66.98610667497022,-47.541003926082155,240.0
-669861066475410039,66.98610667497022,-47.541003926082155,680.0
-669861066475410039,66.98610667497022,-47.541003926082155,680.0
-669861066475410039,66.98610667497022,-47.541003926082155,400.0
-669858755475643770,66.98587552770405,-47.56437705555073,200.0
-669858755475643770,66.98587552770405,-47.56437705555073,280.0
-669858669473973989,66.98586698064202,-47.397398908077335,380.0
-669858669473973989,66.98586698064202,-47.397398908077335,680.0
-669858669473973989,66.98586698064202,-47.397398908077335,680.0
-669858660475984338,66.98586606738805,-47.5984338173574,540.0
-669858660475984338,66.98586606738805,-47.5984338173574,600.0
-669858091474110170,66.98580910520454,-47.41101702048956,320.0
-669858091474110170,66.98580910520454,-47.41101702048956,200.0
-669858091474110170,66.98580910520454,-47.41101702048956,680.0
-669857902473643789,66.98579029241458,-47.36437898893285,380.0
-669857073473975813,66.9857073560693,-47.397581387872854,680.0
-669857073473975813,66.9857073560693,-47.397581387872854,680.0
-669857073473975813,66.9857073560693,-47.397581387872854,680.0
-669857073473975813,66.9857073560693,-47.397581387872854,680.0
-669856772476840984,66.9856772329305,-47.68409840540111,200.0
-669856772476840984,66.9856772329305,-47.68409840540111,240.0
-669856772476840984,66.9856772329305,-47.68409840540111,440.0
-669856744477036306,66.98567440262549,-47.70363063959368,680.0
-669856744477036306,66.98567440262549,-47.70363063959368,680.0
-669856744477036306,66.98567440262549,-47.70363063959368,680.0
-669856744477036306,66.98567440262549,-47.70363063959368,560.0
-669856667474084938,66.98566679476716,-47.4084938032238,680.0
-669856667474084938,66.98566679476716,-47.4084938032238,380.0
-669856667474084938,66.98566679476716,-47.4084938032238,600.0
-669856235473648564,66.98562350015563,-47.36485642331354,320.0
-669855945474028662,66.98559451530278,-47.402866236603174,680.0
-669855945474028662,66.98559451530278,-47.402866236603174,680.0
-669855945474028662,66.98559451530278,-47.402866236603174,680.0
-669855945474028662,66.98559451530278,-47.402866236603174,680.0
-669855945474028662,66.98559451530278,-47.402866236603174,680.0
-669854277477439816,66.98542778193614,-47.7439816775243,360.0
-669854277477439816,66.98542778193614,-47.7439816775243,680.0
-669854277477439816,66.98542778193614,-47.7439816775243,500.0
-669854084475208933,66.98540846102031,-47.5208933821283,200.0
-669853557475552442,66.98535574154687,-47.555244253630875,680.0
-669851999473908975,66.98519994049207,-47.39089758468054,680.0
-669851999473908975,66.98519994049207,-47.39089758468054,680.0
-669851999473908975,66.98519994049207,-47.39089758468054,680.0
-669851999473908975,66.98519994049207,-47.39089758468054,680.0
-669851201475033607,66.98512017000513,-47.503360710781756,680.0
-669851201475033607,66.98512017000513,-47.503360710781756,680.0
-669851201475033607,66.98512017000513,-47.503360710781756,680.0
-669851201475033607,66.98512017000513,-47.503360710781756,680.0
-669851201475033607,66.98512017000513,-47.503360710781756,680.0
-669850785475848111,66.98507854757003,-47.58481111204648,680.0
-669850785475848111,66.98507854757003,-47.58481111204648,680.0
-669850785475848111,66.98507854757003,-47.58481111204648,680.0
-669850785475848111,66.98507854757003,-47.58481111204648,680.0
-669850785475848111,66.98507854757003,-47.58481111204648,680.0
-669849910475655089,66.98499104714969,-47.56550893523336,680.0
-669849910475655089,66.98499104714969,-47.56550893523336,200.0
-669849910475655089,66.98499104714969,-47.56550893523336,680.0
-669849626474815727,66.9849626260696,-47.48157276959309,420.0
-669849626474815727,66.9849626260696,-47.48157276959309,400.0
-669848917474398048,66.98489175156215,-47.43980487210097,680.0
-669848917474398048,66.98489175156215,-47.43980487210097,680.0
-669848917474398048,66.98489175156215,-47.43980487210097,640.0
-669848917474398048,66.98489175156215,-47.43980487210097,360.0
-669847668474313252,66.98476683094943,-47.43132526794112,680.0
-669847668474313252,66.98476683094943,-47.43132526794112,680.0
-669847668474313252,66.98476683094943,-47.43132526794112,680.0
-669847668474313252,66.98476683094943,-47.43132526794112,680.0
-669847668474313252,66.98476683094943,-47.43132526794112,680.0
-669847276476545841,66.98472761162867,-47.65458411417616,680.0
-669847276476545841,66.98472761162867,-47.65458411417616,680.0
-669846852476921572,66.9846852305231,-47.69215723394164,460.0
-669846059474682033,66.9846059795804,-47.46820335682399,260.0
-669846059474682033,66.9846059795804,-47.46820335682399,680.0
-669846059474682033,66.9846059795804,-47.46820335682399,260.0
-669846059474682033,66.9846059795804,-47.46820335682399,680.0
-669845584475375995,66.98455849116752,-47.53759955990303,620.0
-669845584475375995,66.98455849116752,-47.53759955990303,580.0
-669845584475375995,66.98455849116752,-47.53759955990303,340.0
-669845584475375995,66.98455849116752,-47.53759955990303,680.0
-669845584475375995,66.98455849116752,-47.53759955990303,680.0
-669844403475662807,66.98444032199444,-47.56628074794734,680.0
-669843076474682778,66.98430769188776,-47.46827783824476,680.0
-669843076474682778,66.98430769188776,-47.46827783824476,360.0
-669843076474682778,66.98430769188776,-47.46827783824476,300.0
-669843076474682778,66.98430769188776,-47.46827783824476,600.0
-669842369476425104,66.98423692771087,-47.64251044929262,680.0
-669842369476425104,66.98423692771087,-47.64251044929262,680.0
-669841280476259953,66.98412807214717,-47.62599537761728,680.0
-669841280476259953,66.98412807214717,-47.62599537761728,680.0
-669841280476259953,66.98412807214717,-47.62599537761728,680.0
-669841280476259953,66.98412807214717,-47.62599537761728,680.0
-669841244475509158,66.9841244592829,-47.550915814025025,580.0
-669841244475509158,66.9841244592829,-47.550915814025025,680.0
-669840390475236472,66.98403907648553,-47.5236472217882,220.0
-669840052476298917,66.98400521397399,-47.62989178315821,600.0
-669840052476298917,66.98400521397399,-47.62989178315821,600.0
-669840052476298917,66.98400521397399,-47.62989178315821,680.0
-669840052476298917,66.98400521397399,-47.62989178315821,200.0
-669839448477022336,66.98394483521493,-47.70223365952886,460.0
-669839168474099951,66.98391689054316,-47.40999513914438,220.0
-669839168474099951,66.98391689054316,-47.40999513914438,680.0
-669838649476118673,66.98386494140756,-47.61186737940762,640.0
-669838649476118673,66.98386494140756,-47.61186737940762,360.0
-669837613476305818,66.98376132636677,-47.630581833279585,680.0
-669837613476305818,66.98376132636677,-47.630581833279585,680.0
-669837613476305818,66.98376132636677,-47.630581833279585,680.0
-669837613476305818,66.98376132636677,-47.630581833279585,680.0
-669837613476305818,66.98376132636677,-47.630581833279585,680.0
-669837073475405023,66.98370739706087,-47.54050236151755,680.0
-669837073475405023,66.98370739706087,-47.54050236151755,660.0
-669837073475405023,66.98370739706087,-47.54050236151755,680.0
-669836755474695565,66.98367555995803,-47.469556574247086,360.0
-669836755474695565,66.98367555995803,-47.469556574247086,680.0
-669836755474695565,66.98367555995803,-47.469556574247086,680.0
-669836755474695565,66.98367555995803,-47.469556574247086,460.0
-669836297477114717,66.98362978272267,-47.71147176221109,680.0
-669836297477114717,66.98362978272267,-47.71147176221109,680.0
-669836297477114717,66.98362978272267,-47.71147176221109,680.0
-669836297477114717,66.98362978272267,-47.71147176221109,680.0
-669836297477114717,66.98362978272267,-47.71147176221109,680.0
-669836102477296925,66.98361026480384,-47.7296925991708,680.0
-669836102477296925,66.98361026480384,-47.7296925991708,680.0
-669836102477296925,66.98361026480384,-47.7296925991708,680.0
-669836102477296925,66.98361026480384,-47.7296925991708,680.0
-669836102477296925,66.98361026480384,-47.7296925991708,680.0
-669835626474071621,66.98356266854681,-47.407162151461655,240.0
-669835392476059555,66.98353924381433,-47.60595558185701,680.0
-669835392476059555,66.98353924381433,-47.60595558185701,680.0
-669835392476059555,66.98353924381433,-47.60595558185701,280.0
-669835392476059555,66.98353924381433,-47.60595558185701,680.0
-669835392476059555,66.98353924381433,-47.60595558185701,360.0
-669834897477454583,66.98348972277628,-47.74545831623238,680.0
-669834897477454583,66.98348972277628,-47.74545831623238,260.0
-669834897477454583,66.98348972277628,-47.74545831623238,680.0
-669833839476972016,66.98338399604934,-47.69720162490276,680.0
-669833839476972016,66.98338399604934,-47.69720162490276,680.0
-669833839476972016,66.98338399604934,-47.69720162490276,300.0
-669833839476972016,66.98338399604934,-47.69720162490276,680.0
-669833839476972016,66.98338399604934,-47.69720162490276,680.0
-669833480476178080,66.98334804425632,-47.617808071428954,680.0
-669833480476178080,66.98334804425632,-47.617808071428954,680.0
-669833480476178080,66.98334804425632,-47.617808071428954,680.0
-669833480476178080,66.98334804425632,-47.617808071428954,680.0
-669833480476178080,66.98334804425632,-47.617808071428954,680.0
-669833175475495606,66.98331750086446,-47.54956060503918,680.0
-669833175475495606,66.98331750086446,-47.54956060503918,260.0
-669833175475495606,66.98331750086446,-47.54956060503918,220.0
-669831750474988760,66.98317509126842,-47.49887608871924,400.0
-669831750474988760,66.98317509126842,-47.49887608871924,400.0
-669831576475275835,66.98315764278234,-47.52758350263987,240.0
-669831576475275835,66.98315764278234,-47.52758350263987,280.0
-669831175476530752,66.98311758062071,-47.65307521741259,680.0
-669831175476530752,66.98311758062071,-47.65307521741259,680.0
-669831175476530752,66.98311758062071,-47.65307521741259,680.0
-669831175476530752,66.98311758062071,-47.65307521741259,320.0
-669830840474039157,66.98308400474123,-47.40391572304011,680.0
-669830840474039157,66.98308400474123,-47.40391572304011,680.0
-669830386474239872,66.98303866862405,-47.42398728871273,680.0
-669830386474239872,66.98303866862405,-47.42398728871273,680.0
-669829577473966983,66.98295770612931,-47.39669839902805,400.0
-669829577473966983,66.98295770612931,-47.39669839902805,220.0
-669829577473966983,66.98295770612931,-47.39669839902805,680.0
-669828461475490539,66.98284610148195,-47.54905397026095,380.0
-669828461475490539,66.98284610148195,-47.54905397026095,340.0
-669828461475490539,66.98284610148195,-47.54905397026095,360.0
-669826879477227040,66.98268792957374,-47.72270404076696,600.0
-669826879477227040,66.98268792957374,-47.72270404076696,680.0
-669826879477227040,66.98268792957374,-47.72270404076696,680.0
-669826879477227040,66.98268792957374,-47.72270404076696,560.0
-669825609477000668,66.98256096475771,-47.70006683859298,680.0
-669825609477000668,66.98256096475771,-47.70006683859298,680.0
-669825373474879113,66.98253736459303,-47.48791134026289,280.0
-669825373474879113,66.98253736459303,-47.48791134026289,680.0
-669825282475980450,66.98252823242157,-47.598045037271035,680.0
-669825282475980450,66.98252823242157,-47.598045037271035,220.0
-669825282475980450,66.98252823242157,-47.598045037271035,540.0
-669825282475980450,66.98252823242157,-47.598045037271035,300.0
-669824945474830401,66.98249456523178,-47.48304018762452,680.0
-669824945474830401,66.98249456523178,-47.48304018762452,680.0
-669824945474830401,66.98249456523178,-47.48304018762452,680.0
-669824945474830401,66.98249456523178,-47.48304018762452,680.0
-669823880475378474,66.98238804608091,-47.53784749816055,420.0
-669823880475378474,66.98238804608091,-47.53784749816055,660.0
-669822663477269351,66.98226632730595,-47.72693515703879,680.0
-669822663477269351,66.98226632730595,-47.72693515703879,680.0
-669822663477269351,66.98226632730595,-47.72693515703879,680.0
-669822663477269351,66.98226632730595,-47.72693515703879,320.0
-669822663477269351,66.98226632730595,-47.72693515703879,680.0
-669822253474014328,66.98222538502147,-47.401432807208664,680.0
-669822253474014328,66.98222538502147,-47.401432807208664,680.0
-669822253474014328,66.98222538502147,-47.401432807208664,460.0
-669822253474014328,66.98222538502147,-47.401432807208664,680.0
-669821986477343864,66.98219862580092,-47.73438646286705,680.0
-669821986477343864,66.98219862580092,-47.73438646286705,460.0
-669821986477343864,66.98219862580092,-47.73438646286705,500.0
-669821660474057594,66.98216604679102,-47.405759457207886,240.0
-669821579473738945,66.98215799768435,-47.37389453992093,320.0
-669821579473738945,66.98215799768435,-47.37389453992093,440.0
-669821579473738945,66.98215799768435,-47.37389453992093,500.0
-669821579473738945,66.98215799768435,-47.37389453992093,680.0
-669821450476504067,66.9821450212763,-47.65040672016397,680.0
-669821450476504067,66.9821450212763,-47.65040672016397,300.0
-669821450476504067,66.9821450212763,-47.65040672016397,680.0
-669821450476504067,66.9821450212763,-47.65040672016397,680.0
-669821450476504067,66.9821450212763,-47.65040672016397,680.0
-669820640475037581,66.9820640982869,-47.50375819596668,320.0
-669820530473648892,66.98205309719886,-47.36488926423359,300.0
-669820530473648892,66.98205309719886,-47.36488926423359,680.0
-669820197474074169,66.98201975176526,-47.407416933314806,240.0
-669820194474125408,66.9820194628133,-47.41254087602614,440.0
-669820194474125408,66.9820194628133,-47.41254087602614,560.0
-669820194474125408,66.9820194628133,-47.41254087602614,540.0
-669819294476827909,66.98192944640915,-47.68279092737245,680.0
-669819294476827909,66.98192944640915,-47.68279092737245,260.0
-669818500474880066,66.98185005948426,-47.4880066330545,500.0
-669818500474880066,66.98185005948426,-47.4880066330545,680.0
-669818495474154745,66.98184958890788,-47.41547451598226,660.0
-669818495474154745,66.98184958890788,-47.41547451598226,680.0
-669818495474154745,66.98184958890788,-47.41547451598226,680.0
-669818495474154745,66.98184958890788,-47.41547451598226,340.0
-669818495474154745,66.98184958890788,-47.41547451598226,400.0
-669818264475394183,66.98182642413508,-47.5394183730756,680.0
-669817528477106417,66.98175282992217,-47.71064176824489,680.0
-669817182475537190,66.98171828865905,-47.553719076089145,680.0
-669815366475370509,66.98153660567779,-47.537050956064185,580.0
-669815366475370509,66.98153660567779,-47.537050956064185,680.0
-669815366475370509,66.98153660567779,-47.537050956064185,340.0
-669815366475370509,66.98153660567779,-47.537050956064185,680.0
-669815366475370509,66.98153660567779,-47.537050956064185,680.0
-669815121473822255,66.98151219798423,-47.382225502711066,680.0
-669815121473822255,66.98151219798423,-47.382225502711066,680.0
-669815119475750906,66.98151193781841,-47.575090661803216,680.0
-669815119475750906,66.98151193781841,-47.575090661803216,680.0
-669815119475750906,66.98151193781841,-47.575090661803216,680.0
-669815119475750906,66.98151193781841,-47.575090661803216,680.0
-669815119475750906,66.98151193781841,-47.575090661803216,680.0
-669814601473251750,66.98146011177928,-47.32517501119335,260.0
-669814601473251750,66.98146011177928,-47.32517501119335,440.0
-669814198474956943,66.98141985194644,-47.49569438299318,240.0
-669814198474956943,66.98141985194644,-47.49569438299318,440.0
-669814198474956943,66.98141985194644,-47.49569438299318,520.0
-669812774474948350,66.98127746075544,-47.49483507860692,500.0
-669812774474948350,66.98127746075544,-47.49483507860692,680.0
-669812774474948350,66.98127746075544,-47.49483507860692,340.0
-669812280475874160,66.98122805108315,-47.587416039781644,680.0
-669812280475874160,66.98122805108315,-47.587416039781644,680.0
-669812280475874160,66.98122805108315,-47.587416039781644,440.0
-669812280475874160,66.98122805108315,-47.587416039781644,680.0
-669810142476784910,66.98101426163113,-47.678491045099335,680.0
-669810142476784910,66.98101426163113,-47.678491045099335,680.0
-669810142476784910,66.98101426163113,-47.678491045099335,680.0
-669810142476784910,66.98101426163113,-47.678491045099335,320.0
-669810142476784910,66.98101426163113,-47.678491045099335,240.0
-669809570474272663,66.98095707585443,-47.42726634651131,480.0
-669809570474272663,66.98095707585443,-47.42726634651131,680.0
-669804937477290719,66.98049371960911,-47.72907192077038,680.0
-669804091475517549,66.98040915417383,-47.551754912043,520.0
-669804091475517549,66.98040915417383,-47.551754912043,300.0
-669804091475517549,66.98040915417383,-47.551754912043,680.0
-669803039473932622,66.98030395246509,-47.39326228558304,540.0
-669803039473932622,66.98030395246509,-47.39326228558304,420.0
-669802828475670241,66.98028287142664,-47.56702418231974,680.0
-669802828475670241,66.98028287142664,-47.56702418231974,680.0
-669802828475670241,66.98028287142664,-47.56702418231974,200.0
-669802828475670241,66.98028287142664,-47.56702418231974,680.0
-669802654475922436,66.98026548824089,-47.59224364140256,680.0
-669802654475922436,66.98026548824089,-47.59224364140256,680.0
-669802654475922436,66.98026548824089,-47.59224364140256,680.0
-669802654475922436,66.98026548824089,-47.59224364140256,240.0
-669801938475141602,66.98019387811347,-47.51416021579437,680.0
-669801938475141602,66.98019387811347,-47.51416021579437,680.0
-669801938475141602,66.98019387811347,-47.51416021579437,680.0
-669801938475141602,66.98019387811347,-47.51416021579437,680.0
-669801938475141602,66.98019387811347,-47.51416021579437,680.0
-669801501473561110,66.98015014169606,-47.3561110627375,240.0
-669801501473561110,66.98015014169606,-47.3561110627375,220.0
-669801501473561110,66.98015014169606,-47.3561110627375,240.0
-669801501473561110,66.98015014169606,-47.3561110627375,240.0
-669800591473875433,66.98005911306791,-47.38754338567727,460.0
-669800591473875433,66.98005911306791,-47.38754338567727,460.0
-669800591473875433,66.98005911306791,-47.38754338567727,680.0
-669798598473146654,66.97985984838321,-47.31466541704238,680.0
-669798598473146654,66.97985984838321,-47.31466541704238,240.0
-669798598473146654,66.97985984838321,-47.31466541704238,680.0
-669798279476242603,66.97982797903535,-47.62426039177373,680.0
-669798279476242603,66.97982797903535,-47.62426039177373,500.0
-669797879475012742,66.97978796518701,-47.50127423517211,680.0
-669797708475705219,66.97977082783015,-47.57052191233126,680.0
-669797708475705219,66.97977082783015,-47.57052191233126,680.0
-669797708475705219,66.97977082783015,-47.57052191233126,680.0
-669797708475705219,66.97977082783015,-47.57052191233126,680.0
-669797708475705219,66.97977082783015,-47.57052191233126,680.0
-669797617475813381,66.9797617426751,-47.58133810939716,680.0
-669797617475813381,66.9797617426751,-47.58133810939716,680.0
-669797617475813381,66.9797617426751,-47.58133810939716,680.0
-669797617475813381,66.9797617426751,-47.58133810939716,680.0
-669797617475813381,66.9797617426751,-47.58133810939716,680.0
-669797486473268474,66.97974867865248,-47.32684748918066,620.0
-669797486473268474,66.97974867865248,-47.32684748918066,680.0
-669797486473268474,66.97974867865248,-47.32684748918066,320.0
-669797486473268474,66.97974867865248,-47.32684748918066,480.0
-669797486473268474,66.97974867865248,-47.32684748918066,680.0
-669797188476754409,66.97971882380665,-47.67544094849288,660.0
-669797188476754409,66.97971882380665,-47.67544094849288,680.0
-669796714477110062,66.97967146792034,-47.71100626511439,680.0
-669796714477110062,66.97967146792034,-47.71100626511439,680.0
-669796714477110062,66.97967146792034,-47.71100626511439,680.0
-669796714477110062,66.97967146792034,-47.71100626511439,680.0
-669796237476978374,66.97962379289199,-47.697837462244784,680.0
-669796237476978374,66.97962379289199,-47.697837462244784,680.0
-669796237476978374,66.97962379289199,-47.697837462244784,680.0
-669796237476978374,66.97962379289199,-47.697837462244784,680.0
-669796237476978374,66.97962379289199,-47.697837462244784,680.0
-669796073475599300,66.97960738497716,-47.55993000819116,400.0
-669796073475599300,66.97960738497716,-47.55993000819116,680.0
-669796073475599300,66.97960738497716,-47.55993000819116,480.0
-669795836475371272,66.9795836936296,-47.53712726416681,680.0
-669795836475371272,66.9795836936296,-47.53712726416681,680.0
-669795836475371272,66.9795836936296,-47.53712726416681,680.0
-669795836475371272,66.9795836936296,-47.53712726416681,680.0
-669795124476176442,66.97951242620579,-47.617644245530286,680.0
-669795124476176442,66.97951242620579,-47.617644245530286,680.0
-669795124476176442,66.97951242620579,-47.617644245530286,680.0
-669795124476176442,66.97951242620579,-47.617644245530286,680.0
-669795124476176442,66.97951242620579,-47.617644245530286,680.0
-669794223473513560,66.9794223332547,-47.351356043288284,640.0
-669794019475776962,66.97940199880126,-47.57769625445851,680.0
-669794019475776962,66.97940199880126,-47.57769625445851,680.0
-669794019475776962,66.97940199880126,-47.57769625445851,520.0
-669794019475776962,66.97940199880126,-47.57769625445851,560.0
-669792730475282006,66.97927302234685,-47.52820066512265,680.0
-669792730475282006,66.97927302234685,-47.52820066512265,680.0
-669792730475282006,66.97927302234685,-47.52820066512265,680.0
-669792730475282006,66.97927302234685,-47.52820066512265,680.0
-669792730475282006,66.97927302234685,-47.52820066512265,680.0
-669792685473305983,66.97926850856841,-47.33059834338658,200.0
-669792475475432731,66.97924756596821,-47.543273139210534,680.0
-669792475475432731,66.97924756596821,-47.543273139210534,680.0
-669792475475432731,66.97924756596821,-47.543273139210534,680.0
-669792475475432731,66.97924756596821,-47.543273139210534,680.0
-669792414476909192,66.9792414203103,-47.69091922949763,680.0
-669792404475956867,66.97924042185088,-47.595686742323885,680.0
-669792404475956867,66.97924042185088,-47.595686742323885,680.0
-669792404475956867,66.97924042185088,-47.595686742323885,680.0
-669792404475956867,66.97924042185088,-47.595686742323885,600.0
-669792404475956867,66.97924042185088,-47.595686742323885,680.0
-669791781475880306,66.97917817879029,-47.588030688482526,680.0
-669791781475880306,66.97917817879029,-47.588030688482526,680.0
-669791735473722774,66.97917358220852,-47.37227745252875,560.0
-669791735473722774,66.97917358220852,-47.37227745252875,680.0
-669791735473722774,66.97917358220852,-47.37227745252875,600.0
-669791735473722774,66.97917358220852,-47.37227745252875,680.0
-669791735473722774,66.97917358220852,-47.37227745252875,680.0
-669791640473516579,66.97916407996395,-47.35165793707186,680.0
-669791640473516579,66.97916407996395,-47.35165793707186,680.0
-669791640473516579,66.97916407996395,-47.35165793707186,680.0
-669791640473516579,66.97916407996395,-47.35165793707186,680.0
-669791583474677143,66.97915832338957,-47.46771431018005,520.0
-669791583474677143,66.97915832338957,-47.46771431018005,660.0
-669791583474677143,66.97915832338957,-47.46771431018005,580.0
-669791583474677143,66.97915832338957,-47.46771431018005,320.0
-669791583474677143,66.97915832338957,-47.46771431018005,640.0
-669790739477132007,66.9790739697607,-47.71320071025881,680.0
-669790739477132007,66.9790739697607,-47.71320071025881,680.0
-669790739477132007,66.9790739697607,-47.71320071025881,680.0
-669790626476170570,66.97906261310466,-47.617057086567115,680.0
-669790626476170570,66.97906261310466,-47.617057086567115,680.0
-669790626476170570,66.97906261310466,-47.617057086567115,680.0
-669790626476170570,66.97906261310466,-47.617057086567115,680.0
-669790626476170570,66.97906261310466,-47.617057086567115,680.0
-669790235475970693,66.97902351895819,-47.59706934840625,680.0
-669790235475970693,66.97902351895819,-47.59706934840625,680.0
-669790235475970693,66.97902351895819,-47.59706934840625,560.0
-669790235475970693,66.97902351895819,-47.59706934840625,680.0
-669790235475970693,66.97902351895819,-47.59706934840625,680.0
-669790232475848541,66.97902324003245,-47.58485416566086,660.0
-669790232475848541,66.97902324003245,-47.58485416566086,580.0
-669790232475848541,66.97902324003245,-47.58485416566086,560.0
-669790232475848541,66.97902324003245,-47.58485416566086,680.0
-669790132473259944,66.97901329526464,-47.32599442059871,680.0
-669790132473259944,66.97901329526464,-47.32599442059871,420.0
-669790132473259944,66.97901329526464,-47.32599442059871,680.0
-669789448472767978,66.97894489226371,-47.276797869449084,240.0
-669788518477344949,66.97885185038096,-47.734494973577,500.0
-669788518477344949,66.97885185038096,-47.734494973577,680.0
-669788518477344949,66.97885185038096,-47.734494973577,500.0
-669788518477344949,66.97885185038096,-47.734494973577,680.0
-669788422474939923,66.9788422556819,-47.4939923828787,680.0
-669788422474939923,66.9788422556819,-47.4939923828787,680.0
-669788421473406901,66.97884218637654,-47.340690162340834,680.0
-669788421473406901,66.97884218637654,-47.340690162340834,680.0
-669788421473406901,66.97884218637654,-47.340690162340834,680.0
-669787727476364412,66.97877271146515,-47.63644123633432,340.0
-669787727476364412,66.97877271146515,-47.63644123633432,680.0
-669787727476364412,66.97877271146515,-47.63644123633432,540.0
-669787372472768284,66.97873723696897,-47.27682846853365,460.0
-669786943475401227,66.97869434797336,-47.540122773809934,300.0
-669786943475401227,66.97869434797336,-47.540122773809934,300.0
-669786943475401227,66.97869434797336,-47.540122773809934,680.0
-669786943475401227,66.97869434797336,-47.540122773809934,560.0
-669786943475401227,66.97869434797336,-47.540122773809934,280.0
-669786810473274141,66.97868108256057,-47.3274141864903,680.0
-669786804476894705,66.97868046583038,-47.689470583198634,680.0
-669786804476894705,66.97868046583038,-47.689470583198634,340.0
-669785981476846576,66.97859815862334,-47.684657603532344,680.0
-669785981476846576,66.97859815862334,-47.684657603532344,680.0
-669785981476846576,66.97859815862334,-47.684657603532344,680.0
-669785981476846576,66.97859815862334,-47.684657603532344,680.0
-669785981476846576,66.97859815862334,-47.684657603532344,680.0
-669785715476059429,66.97857158499905,-47.605942988680354,280.0
-669785715476059429,66.97857158499905,-47.605942988680354,340.0
-669785163475705455,66.97851634151866,-47.57054555814959,260.0
-669785163475705455,66.97851634151866,-47.57054555814959,580.0
-669785163475705455,66.97851634151866,-47.57054555814959,680.0
-669785163475705455,66.97851634151866,-47.57054555814959,680.0
-669784644475266240,66.97846447531796,-47.526624062645155,680.0
-669784644475266240,66.97846447531796,-47.526624062645155,680.0
-669784644475266240,66.97846447531796,-47.526624062645155,680.0
-669784644475266240,66.97846447531796,-47.526624062645155,340.0
-669784644475266240,66.97846447531796,-47.526624062645155,240.0
-669784620475854758,66.97846202422339,-47.58547584186759,400.0
-669784620475854758,66.97846202422339,-47.58547584186759,680.0
-669784620475854758,66.97846202422339,-47.58547584186759,680.0
-669784620475854758,66.97846202422339,-47.58547584186759,560.0
-669784385475375505,66.9784385056415,-47.53755052367126,680.0
-669784385475375505,66.9784385056415,-47.53755052367126,680.0
-669784385475375505,66.9784385056415,-47.53755052367126,540.0
-669784307475370179,66.97843070312757,-47.5370179659137,680.0
-669784307475370179,66.97843070312757,-47.5370179659137,680.0
-669784307475370179,66.97843070312757,-47.5370179659137,680.0
-669784307475370179,66.97843070312757,-47.5370179659137,680.0
-669783851475553061,66.97838513219047,-47.55530614606038,680.0
-669783851475553061,66.97838513219047,-47.55530614606038,680.0
-669783851475553061,66.97838513219047,-47.55530614606038,480.0
-669783775476996992,66.97837754964846,-47.69969923891401,680.0
-669783775476996992,66.97837754964846,-47.69969923891401,580.0
-669783775476996992,66.97837754964846,-47.69969923891401,680.0
-669783775476996992,66.97837754964846,-47.69969923891401,680.0
-669783535475389329,66.97835352645848,-47.53893298868381,640.0
-669783535475389329,66.97835352645848,-47.53893298868381,640.0
-669783535475389329,66.97835352645848,-47.53893298868381,620.0
-669783535475389329,66.97835352645848,-47.53893298868381,680.0
-669783535475389329,66.97835352645848,-47.53893298868381,680.0
-669783443475633514,66.97834431214605,-47.56335140658055,680.0
-669783443475633514,66.97834431214605,-47.56335140658055,680.0
-669783443475633514,66.97834431214605,-47.56335140658055,680.0
-669783443475633514,66.97834431214605,-47.56335140658055,680.0
-669783314473313511,66.97833142458936,-47.33135117476556,680.0
-669783314473313511,66.97833142458936,-47.33135117476556,680.0
-669783314473313511,66.97833142458936,-47.33135117476556,680.0
-669783314473313511,66.97833142458936,-47.33135117476556,680.0
-669783314473313511,66.97833142458936,-47.33135117476556,680.0
-669783261475385853,66.97832613172343,-47.538585381543975,680.0
-669783261475385853,66.97832613172343,-47.538585381543975,680.0
-669783261475385853,66.97832613172343,-47.538585381543975,680.0
-669783261475385853,66.97832613172343,-47.538585381543975,680.0
-669783261475385853,66.97832613172343,-47.538585381543975,680.0
-669782459475117561,66.9782459722399,-47.511756133351064,220.0
-669782459475117561,66.9782459722399,-47.511756133351064,680.0
-669782456475474145,66.97824563846616,-47.54741454571443,680.0
-669782456475474145,66.97824563846616,-47.54741454571443,680.0
-669782456475474145,66.97824563846616,-47.54741454571443,260.0
-669782456475474145,66.97824563846616,-47.54741454571443,680.0
-669782144476196269,66.97821441338517,-47.61962692933337,360.0
-669782144476196269,66.97821441338517,-47.61962692933337,680.0
-669781864476579485,66.97818640381469,-47.65794852739242,400.0
-669781864476579485,66.97818640381469,-47.65794852739242,680.0
-669781864476579485,66.97818640381469,-47.65794852739242,680.0
-669781864476579485,66.97818640381469,-47.65794852739242,260.0
-669780122472949360,66.97801220162177,-47.29493609748568,360.0
-669780122472949360,66.97801220162177,-47.29493609748568,600.0
-669778021475704536,66.97780212315071,-47.57045367701913,680.0
-669778021475704536,66.97780212315071,-47.57045367701913,680.0
-669778021475704536,66.97780212315071,-47.57045367701913,680.0
-669778021475704536,66.97780212315071,-47.57045367701913,680.0
-669778021475704536,66.97780212315071,-47.57045367701913,680.0
-669777956476857041,66.9777956354226,-47.6857041004702,240.0
-669777956476857041,66.9777956354226,-47.6857041004702,440.0
-669777956476857041,66.9777956354226,-47.6857041004702,680.0
-669777956476857041,66.9777956354226,-47.6857041004702,220.0
-669777956476857041,66.9777956354226,-47.6857041004702,680.0
-669777650476221883,66.97776509211823,-47.6221883080915,200.0
-669777650476221883,66.97776509211823,-47.6221883080915,680.0
-669777650476221883,66.97776509211823,-47.6221883080915,220.0
-669777650476221883,66.97776509211823,-47.6221883080915,680.0
-669776523473257090,66.97765236808046,-47.32570901404926,680.0
-669776523473257090,66.97765236808046,-47.32570901404926,680.0
-669776523473257090,66.97765236808046,-47.32570901404926,680.0
-669776523473257090,66.97765236808046,-47.32570901404926,680.0
-669776523473257090,66.97765236808046,-47.32570901404926,680.0
-669775736474885338,66.97757365666092,-47.48853388144912,680.0
-669775736474885338,66.97757365666092,-47.48853388144912,680.0
-669775736474885338,66.97757365666092,-47.48853388144912,680.0
-669775736474885338,66.97757365666092,-47.48853388144912,680.0
-669775376476238012,66.97753760071959,-47.623801297592486,440.0
-669775376476238012,66.97753760071959,-47.623801297592486,680.0
-669775365473160687,66.97753654474042,-47.31606878011063,680.0
-669775365473160687,66.97753654474042,-47.31606878011063,680.0
-669775365473160687,66.97753654474042,-47.31606878011063,680.0
-669775365473160687,66.97753654474042,-47.31606878011063,680.0
-669775365473160687,66.97753654474042,-47.31606878011063,680.0
-669774426472875502,66.9774426615706,-47.287550243451385,680.0
-669774426472875502,66.9774426615706,-47.287550243451385,680.0
-669773848475744357,66.97738489072883,-47.574435712919595,680.0
-669773848475744357,66.97738489072883,-47.574435712919595,680.0
-669773848475744357,66.97738489072883,-47.574435712919595,680.0
-669773848475744357,66.97738489072883,-47.574435712919595,680.0
-669773848475744357,66.97738489072883,-47.574435712919595,680.0
-669772799473738954,66.97727993847631,-47.37389548615761,400.0
-669772799473738954,66.97727993847631,-47.37389548615761,580.0
-669772258475285822,66.97722584257708,-47.52858222752778,680.0
-669772258475285822,66.97722584257708,-47.52858222752778,680.0
-669772258475285822,66.97722584257708,-47.52858222752778,680.0
-669772258475285822,66.97722584257708,-47.52858222752778,680.0
-669771525476174510,66.97715257753865,-47.61745103632315,680.0
-669771525476174510,66.97715257753865,-47.61745103632315,680.0
-669771525476174510,66.97715257753865,-47.61745103632315,660.0
-669771525476174510,66.97715257753865,-47.61745103632315,680.0
-669771157474581534,66.97711577368992,-47.458153421628175,220.0
-669771157474581534,66.97711577368992,-47.458153421628175,200.0
-669771157474581534,66.97711577368992,-47.458153421628175,300.0
-669771157474581534,66.97711577368992,-47.458153421628175,680.0
-669770883475972879,66.97708836828846,-47.59728795952254,680.0
-669770883475972879,66.97708836828846,-47.59728795952254,420.0
-669770883475972879,66.97708836828846,-47.59728795952254,220.0
-669770719474981176,66.97707191826419,-47.498117616484485,680.0
-669770719474981176,66.97707191826419,-47.498117616484485,680.0
-669770719474981176,66.97707191826419,-47.498117616484485,680.0
-669770719474981176,66.97707191826419,-47.498117616484485,680.0
-669770611477201506,66.97706110099146,-47.72015063636857,480.0
-669770611477201506,66.97706110099146,-47.72015063636857,500.0
-669770611477201506,66.97706110099146,-47.72015063636857,480.0
-669770185476209817,66.97701851593177,-47.620981780628014,340.0
-669770185476209817,66.97701851593177,-47.620981780628014,680.0
-669769976476813460,66.97699764275026,-47.68134605036814,680.0
-669769976476813460,66.97699764275026,-47.68134605036814,680.0
-669769481476977553,66.97694814334652,-47.69775538653288,680.0
-669769481476977553,66.97694814334652,-47.69775538653288,680.0
-669768724473781253,66.97687242679504,-47.37812538446729,300.0
-669768724473781253,66.97687242679504,-47.37812538446729,480.0
-669768724473781253,66.97687242679504,-47.37812538446729,680.0
-669768724473781253,66.97687242679504,-47.37812538446729,680.0
-669768106473002914,66.97681063937075,-47.300291438595224,420.0
-669768106473002914,66.97681063937075,-47.300291438595224,260.0
-669768106473002914,66.97681063937075,-47.300291438595224,680.0
-669768106473002914,66.97681063937075,-47.300291438595224,340.0
-669768106473002914,66.97681063937075,-47.300291438595224,680.0
-669767688475822299,66.97676881303389,-47.58222998255079,460.0
-669767688475822299,66.97676881303389,-47.58222998255079,280.0
-669767688475822299,66.97676881303389,-47.58222998255079,360.0
-669767574474505315,66.976757497391,-47.45053156037511,680.0
-669767574474505315,66.976757497391,-47.45053156037511,680.0
-669767574474505315,66.976757497391,-47.45053156037511,680.0
-669767574474505315,66.976757497391,-47.45053156037511,680.0
-669767271474355372,66.97672717208766,-47.43553720523443,680.0
-669767271474355372,66.97672717208766,-47.43553720523443,680.0
-669767271474355372,66.97672717208766,-47.43553720523443,500.0
-669767271474355372,66.97672717208766,-47.43553720523443,680.0
-669766754473059955,66.97667547053861,-47.30599550852649,220.0
-669766573474691848,66.97665735232268,-47.469184820240564,680.0
-669766573474691848,66.97665735232268,-47.469184820240564,680.0
-669765926476917142,66.9765926094895,-47.69171422683242,680.0
-669765154477194239,66.97651540918264,-47.71942392214743,680.0
-669765154477194239,66.97651540918264,-47.71942392214743,680.0
-669764888475339333,66.97648883864395,-47.53393335884267,680.0
-669764888475339333,66.97648883864395,-47.53393335884267,680.0
-669764888475339333,66.97648883864395,-47.53393335884267,680.0
-669764888475339333,66.97648883864395,-47.53393335884267,680.0
-669764888475339333,66.97648883864395,-47.53393335884267,680.0
-669764755476976095,66.97647556919677,-47.69760950020806,680.0
-669764755476976095,66.97647556919677,-47.69760950020806,680.0
-669764755476976095,66.97647556919677,-47.69760950020806,680.0
-669764041474767855,66.9764041463761,-47.47678551739011,680.0
-669764041474767855,66.9764041463761,-47.47678551739011,680.0
-669764041474767855,66.9764041463761,-47.47678551739011,680.0
-669764041474767855,66.9764041463761,-47.47678551739011,680.0
-669764041474767855,66.9764041463761,-47.47678551739011,680.0
-669763905473011727,66.97639053727033,-47.3011727855629,680.0
-669763905473011727,66.97639053727033,-47.3011727855629,200.0
-669763905473011727,66.97639053727033,-47.3011727855629,460.0
-669763715473277615,66.9763715442069,-47.32776159621579,680.0
-669763715473277615,66.9763715442069,-47.32776159621579,680.0
-669763715473277615,66.9763715442069,-47.32776159621579,680.0
-669763715473277615,66.9763715442069,-47.32776159621579,680.0
-669763715473277615,66.9763715442069,-47.32776159621579,680.0
-669762507476102097,66.97625072898475,-47.61020979678153,680.0
-669762507476102097,66.97625072898475,-47.61020979678153,260.0
-669761417473272146,66.97614176897196,-47.32721460681622,680.0
-669761417473272146,66.97614176897196,-47.32721460681622,540.0
-669761417473272146,66.97614176897196,-47.32721460681622,680.0
-669760806476713740,66.9760806080717,-47.671374013552494,680.0
-669759990477441261,66.97599906425896,-47.744126183498125,680.0
-669759990477441261,66.97599906425896,-47.744126183498125,680.0
-669759990477441261,66.97599906425896,-47.744126183498125,680.0
-669759990477441261,66.97599906425896,-47.744126183498125,680.0
-669759648473407875,66.97596481774006,-47.340787594741656,620.0
-669759648473407875,66.97596481774006,-47.340787594741656,560.0
-669759348472546684,66.97593484473585,-47.254668485693074,680.0
-669759348472546684,66.97593484473585,-47.254668485693074,680.0
-669759348472546684,66.97593484473585,-47.254668485693074,680.0
-669759348472546684,66.97593484473585,-47.254668485693074,680.0
-669758799477130345,66.97587990645548,-47.71303459025383,440.0
-669758799477130345,66.97587990645548,-47.71303459025383,680.0
-669758799477130345,66.97587990645548,-47.71303459025383,480.0
-669758799477130345,66.97587990645548,-47.71303459025383,520.0
-669758793476794795,66.97587931277775,-47.67947951449231,220.0
-669758793476794795,66.97587931277775,-47.67947951449231,380.0
-669758793476794795,66.97587931277775,-47.67947951449231,300.0
-669758793476794795,66.97587931277775,-47.67947951449231,320.0
-669758712472695727,66.97587129156369,-47.26957271081319,280.0
-669758579473753016,66.97585794531832,-47.37530168658719,220.0
-669757418475136574,66.97574180220539,-47.51365741106837,680.0
-669757418475136574,66.97574180220539,-47.51365741106837,680.0
-669757418475136574,66.97574180220539,-47.51365741106837,400.0
-669757334473041806,66.97573344283853,-47.30418062285715,680.0
-669757334473041806,66.97573344283853,-47.30418062285715,540.0
-669757334473041806,66.97573344283853,-47.30418062285715,680.0
-669757334473041806,66.97573344283853,-47.30418062285715,680.0
-669757334473041806,66.97573344283853,-47.30418062285715,680.0
-669757178476124854,66.97571780425525,-47.61248546688385,300.0
-669757178476124854,66.97571780425525,-47.61248546688385,260.0
-669757178476124854,66.97571780425525,-47.61248546688385,200.0
-669757151476050844,66.97571513489275,-47.6050844803303,580.0
-669757151476050844,66.97571513489275,-47.6050844803303,480.0
-669757151476050844,66.97571513489275,-47.6050844803303,680.0
-669757151476050844,66.97571513489275,-47.6050844803303,680.0
-669757117477205573,66.97571177403498,-47.720557397507264,280.0
-669755554472667321,66.97555547068366,-47.2667321315333,260.0
-669755554472667321,66.97555547068366,-47.2667321315333,320.0
-669755554472667321,66.97555547068366,-47.2667321315333,360.0
-669754730474969805,66.97547300285261,-47.49698050649858,520.0
-669753572474789848,66.97535724323687,-47.47898489628886,380.0
-669753572474789848,66.97535724323687,-47.47898489628886,240.0
-669753572474789848,66.97535724323687,-47.47898489628886,680.0
-669753572474789848,66.97535724323687,-47.47898489628886,320.0
-669752691472943793,66.97526913835733,-47.294379356006445,680.0
-669752339474729631,66.97523391278897,-47.47296317386319,680.0
-669752192476965270,66.97521921067639,-47.69652701471743,680.0
-669751505476246058,66.97515057102504,-47.62460587379656,680.0
-669751505476246058,66.97515057102504,-47.62460587379656,440.0
-669751505476246058,66.97515057102504,-47.62460587379656,420.0
-669751505476246058,66.97515057102504,-47.62460587379656,400.0
-669751300476200766,66.97513001275289,-47.620076645512064,220.0
-669751178473132858,66.97511788168445,-47.31328588470582,620.0
-669751178473132858,66.97511788168445,-47.31328588470582,680.0
-669751178473132858,66.97511788168445,-47.31328588470582,680.0
-669751013474732186,66.97510133920089,-47.473218670087775,680.0
-669751013474732186,66.97510133920089,-47.473218670087775,680.0
-669751013474732186,66.97510133920089,-47.473218670087775,680.0
-669751013474732186,66.97510133920089,-47.473218670087775,680.0
-669750576475083852,66.9750576134191,-47.50838525872087,680.0
-669750576475083852,66.9750576134191,-47.50838525872087,680.0
-669750576475083852,66.9750576134191,-47.50838525872087,680.0
-669750125472897616,66.9750125605996,-47.28976164132157,460.0
-669750125472897616,66.9750125605996,-47.28976164132157,620.0
-669750125472897616,66.9750125605996,-47.28976164132157,280.0
-669750125472897616,66.9750125605996,-47.28976164132157,460.0
-669747988475506494,66.9747988055034,-47.55064949238317,600.0
-669747988475506494,66.9747988055034,-47.55064949238317,680.0
-669747988475506494,66.9747988055034,-47.55064949238317,680.0
-669747208474000161,66.97472089837541,-47.40001618076115,640.0
-669747208474000161,66.97472089837541,-47.40001618076115,680.0
-669747208474000161,66.97472089837541,-47.40001618076115,680.0
-669747208474000161,66.97472089837541,-47.40001618076115,680.0
-669747208474000161,66.97472089837541,-47.40001618076115,680.0
-669746405476494917,66.97464058113759,-47.64949172457978,680.0
-669746405476494917,66.97464058113759,-47.64949172457978,680.0
-669746405476494917,66.97464058113759,-47.64949172457978,680.0
-669746405476494917,66.97464058113759,-47.64949172457978,680.0
-669746405476494917,66.97464058113759,-47.64949172457978,680.0
-669746220473932826,66.97462204760316,-47.39328263295321,300.0
-669746220473932826,66.97462204760316,-47.39328263295321,680.0
-669746220473932826,66.97462204760316,-47.39328263295321,400.0
-669746021473332431,66.97460211372744,-47.33324314632059,680.0
-669746021473332431,66.97460211372744,-47.33324314632059,280.0
-669746021473332431,66.97460211372744,-47.33324314632059,240.0
-669744155477260255,66.97441553342505,-47.726025586207236,400.0
-669744155477260255,66.97441553342505,-47.726025586207236,680.0
-669743438474548081,66.97434380725906,-47.454808181692954,400.0
-669743438474548081,66.97434380725906,-47.454808181692954,340.0
-669743438474548081,66.97434380725906,-47.454808181692954,680.0
-669743366475939299,66.97433664037491,-47.593929925713205,680.0
-669743366475939299,66.97433664037491,-47.593929925713205,680.0
-669743366475939299,66.97433664037491,-47.593929925713205,680.0
-669743366475939299,66.97433664037491,-47.593929925713205,680.0
-669743152473246494,66.97431523817467,-47.32464945262425,680.0
-669743152473246494,66.97431523817467,-47.32464945262425,480.0
-669743152473246494,66.97431523817467,-47.32464945262425,680.0
-669743152473246494,66.97431523817467,-47.32464945262425,260.0
-669743147475215706,66.97431475287443,-47.521570674144,320.0
-669743147475215706,66.97431475287443,-47.521570674144,680.0
-669743147475215706,66.97431475287443,-47.521570674144,680.0
-669743147475215706,66.97431475287443,-47.521570674144,680.0
-669742985472940940,66.97429851171532,-47.29409402153633,680.0
-669742985472940940,66.97429851171532,-47.29409402153633,680.0
-669742985472940940,66.97429851171532,-47.29409402153633,680.0
-669742627475262580,66.97426275792088,-47.526258005908716,400.0
-669742150474090932,66.97421508187203,-47.409093212046145,340.0
-669742150474090932,66.97421508187203,-47.409093212046145,400.0
-669742150474090932,66.97421508187203,-47.409093212046145,280.0
-669742150474090932,66.97421508187203,-47.409093212046145,300.0
-669741833476976864,66.97418332203705,-47.69768642414578,560.0
-669741833476976864,66.97418332203705,-47.69768642414578,680.0
-669741833476976864,66.97418332203705,-47.69768642414578,680.0
-669741722473073341,66.97417226874802,-47.30733412137502,500.0
-669741722473073341,66.97417226874802,-47.30733412137502,220.0
-669741631473319291,66.97416319756545,-47.331929161118325,240.0
-669741318472986694,66.97413188155535,-47.29866943482567,580.0
-669741318472986694,66.97413188155535,-47.29866943482567,580.0
-669741318472986694,66.97413188155535,-47.29866943482567,240.0
-669741039474044868,66.97410398938901,-47.40448681676975,680.0
-669741039474044868,66.97410398938901,-47.40448681676975,520.0
-669741039474044868,66.97410398938901,-47.40448681676975,280.0
-669741039474044868,66.97410398938901,-47.40448681676975,240.0
-669740964474041879,66.97409645583421,-47.40418798723314,580.0
-669740964474041879,66.97409645583421,-47.40418798723314,320.0
-669740964474041879,66.97409645583421,-47.40418798723314,360.0
-669740946475182641,66.9740946323209,-47.51826415004474,500.0
-669740874474054479,66.97408744727487,-47.405447938396655,320.0
-669739928474050129,66.97399286425565,-47.40501297765213,680.0
-669739928474050129,66.97399286425565,-47.40501297765213,220.0
-669739757476441332,66.97397577395786,-47.64413325348341,680.0
-669739757476441332,66.97397577395786,-47.64413325348341,680.0
-669739757476441332,66.97397577395786,-47.64413325348341,680.0
-669739757476441332,66.97397577395786,-47.64413325348341,680.0
-669739725474962793,66.97397254881923,-47.49627935206252,680.0
-669738404472747178,66.97384046221472,-47.274717895917284,680.0
-669738404472747178,66.97384046221472,-47.274717895917284,680.0
-669737726474767213,66.97377267111536,-47.47672138889925,480.0
-669737726474767213,66.97377267111536,-47.47672138889925,440.0
-669737726474767213,66.97377267111536,-47.47672138889925,680.0
-669737726474767213,66.97377267111536,-47.47672138889925,420.0
-669737420472731232,66.9737420753312,-47.27312327667127,560.0
-669737420472731232,66.9737420753312,-47.27312327667127,680.0
-669737420472731232,66.9737420753312,-47.27312327667127,360.0
-669737420472731232,66.9737420753312,-47.27312327667127,680.0
-669737420472731232,66.9737420753312,-47.27312327667127,680.0
-669737130475085298,66.9737130155584,-47.50852981321275,680.0
-669737130475085298,66.9737130155584,-47.50852981321275,200.0
-669737130475085298,66.9737130155584,-47.50852981321275,680.0
-669737071473855116,66.97370713240632,-47.385511623517786,680.0
-669737071473855116,66.97370713240632,-47.385511623517786,680.0
-669736678476872888,66.9736678562708,-47.687288898186544,680.0
-669736678476872888,66.9736678562708,-47.687288898186544,540.0
-669736678476872888,66.9736678562708,-47.687288898186544,680.0
-669736678476872888,66.9736678562708,-47.687288898186544,680.0
-669735156476574353,66.9735156441352,-47.65743531791569,680.0
-669735156476574353,66.9735156441352,-47.65743531791569,500.0
-669735156476574353,66.9735156441352,-47.65743531791569,580.0
-669734976473783226,66.9734976717476,-47.37832263275538,520.0
-669734975475066798,66.97349751164325,-47.50667988650201,260.0
-669734975475066798,66.97349751164325,-47.50667988650201,340.0
-669734975475066798,66.97349751164325,-47.50667988650201,300.0
-669734755476720220,66.97347553336678,-47.67202208108318,680.0
-669734755476720220,66.97347553336678,-47.67202208108318,680.0
-669734755476720220,66.97347553336678,-47.67202208108318,680.0
-669734755476720220,66.97347553336678,-47.67202208108318,680.0
-669734755476720220,66.97347553336678,-47.67202208108318,680.0
-669733845472335306,66.97338452084163,-47.23353060307151,680.0
-669733845472335306,66.97338452084163,-47.23353060307151,440.0
-669733598473547081,66.97335983626591,-47.35470811917982,280.0
-669733598473547081,66.97335983626591,-47.35470811917982,340.0
-669733198472794316,66.9733198072976,-47.279431633949315,680.0
-669733198472794316,66.9733198072976,-47.279431633949315,680.0
-669733198472794316,66.9733198072976,-47.279431633949315,680.0
-669733198472794316,66.9733198072976,-47.279431633949315,680.0
-669733198472794316,66.9733198072976,-47.279431633949315,680.0
-669732656474104919,66.97326566582652,-47.41049193447764,680.0
-669731509472950808,66.97315095642912,-47.29508080762237,680.0
-669731509472950808,66.97315095642912,-47.29508080762237,680.0
-669731509472950808,66.97315095642912,-47.29508080762237,680.0
-669731190474502201,66.97311903174192,-47.45022013468263,260.0
-669731190474502201,66.97311903174192,-47.45022013468263,680.0
-669731190474502201,66.97311903174192,-47.45022013468263,680.0
-669730271475831172,66.97302712615695,-47.583117285612445,680.0
-669729297474872438,66.97292974051736,-47.48724381540126,680.0
-669728764476407428,66.97287642401068,-47.640742817845265,500.0
-669728764476407428,66.97287642401068,-47.640742817845265,680.0
-669726920473038305,66.97269208849993,-47.30383058889253,680.0
-669726920473038305,66.97269208849993,-47.30383058889253,680.0
-669726920473038305,66.97269208849993,-47.30383058889253,680.0
-669726920473038305,66.97269208849993,-47.30383058889253,680.0
-669726920473038305,66.97269208849993,-47.30383058889253,680.0
-669725977473290537,66.97259777765734,-47.329053750465214,680.0
-669725831473383068,66.97258312901278,-47.33830687664873,680.0
-669725831473383068,66.97258312901278,-47.33830687664873,680.0
-669725017474556196,66.9725017208982,-47.45561969816293,420.0
-669725017474556196,66.9725017208982,-47.45561969816293,460.0
-669724361474764933,66.97243617755933,-47.47649333345294,220.0
-669724361474764933,66.97243617755933,-47.47649333345294,680.0
-669724361474764933,66.97243617755933,-47.47649333345294,680.0
-669724318474911479,66.97243184895488,-47.49114794800981,280.0
-669724318474911479,66.97243184895488,-47.49114794800981,680.0
-669724318474911479,66.97243184895488,-47.49114794800981,680.0
-669724318474911479,66.97243184895488,-47.49114794800981,680.0
-669724318474911479,66.97243184895488,-47.49114794800981,680.0
-669723314475557735,66.97233149821281,-47.555773565556564,680.0
-669723314475557735,66.97233149821281,-47.555773565556564,360.0
-669723131475617844,66.97231314131473,-47.56178443833657,460.0
-669723131475617844,66.97231314131473,-47.56178443833657,460.0
-669723131475617844,66.97231314131473,-47.56178443833657,680.0
-669723131475617844,66.97231314131473,-47.56178443833657,680.0
-669723131475617844,66.97231314131473,-47.56178443833657,680.0
-669723035475901576,66.97230355140286,-47.590157691343975,680.0
-669722885473993795,66.97228851668753,-47.3993795305405,680.0
-669722885473993795,66.97228851668753,-47.3993795305405,360.0
-669722885473993795,66.97228851668753,-47.3993795305405,680.0
-669722885473993795,66.97228851668753,-47.3993795305405,680.0
-669722736477408439,66.97227369207431,-47.74084393952582,680.0
-669722736477408439,66.97227369207431,-47.74084393952582,680.0
-669722736477408439,66.97227369207431,-47.74084393952582,680.0
-669722266476137572,66.97222669864455,-47.613757212508425,680.0
-669722266476137572,66.97222669864455,-47.613757212508425,680.0
-669722266476137572,66.97222669864455,-47.613757212508425,680.0
-669722266476137572,66.97222669864455,-47.613757212508425,680.0
-669722266476137572,66.97222669864455,-47.613757212508425,680.0
-669721702473581786,66.9721702971952,-47.35817860845101,680.0
-669721702473581786,66.9721702971952,-47.35817860845101,380.0
-669721702473581786,66.9721702971952,-47.35817860845101,680.0
-669721702473581786,66.9721702971952,-47.35817860845101,680.0
-669721702473581786,66.9721702971952,-47.35817860845101,680.0
-669720784476695643,66.97207846486016,-47.669564395669305,680.0
-669720784476695643,66.97207846486016,-47.669564395669305,680.0
-669720784476695643,66.97207846486016,-47.669564395669305,680.0
-669719177472772466,66.97191779009327,-47.2772466553796,580.0
-669719177472772466,66.97191779009327,-47.2772466553796,540.0
-669719177472772466,66.97191779009327,-47.2772466553796,680.0
-669719177472772466,66.97191779009327,-47.2772466553796,660.0
-669718211472363411,66.97182113457117,-47.23634119561921,420.0
-669718211472363411,66.97182113457117,-47.23634119561921,280.0
-669718042474999489,66.97180423400009,-47.499948932050884,300.0
-669718042474999489,66.97180423400009,-47.499948932050884,420.0
-669718042474999489,66.97180423400009,-47.499948932050884,460.0
-669717738472849565,66.97177389213563,-47.28495655483957,680.0
-669716639474824736,66.97166395505813,-47.482473603440326,260.0
-669714868475610304,66.97148680623131,-47.5610304439425,680.0
-669714868475610304,66.97148680623131,-47.5610304439425,220.0
-669714868475610304,66.97148680623131,-47.5610304439425,680.0
-669714868475610304,66.97148680623131,-47.5610304439425,560.0
-669714432477355600,66.97144329265454,-47.73556005736856,220.0
-669712895475880859,66.97128956199447,-47.588085917989005,680.0
-669712895475880859,66.97128956199447,-47.588085917989005,680.0
-669712668474939176,66.97126684135002,-47.49391763603105,440.0
-669712668474939176,66.97126684135002,-47.49391763603105,360.0
-669712406474337924,66.97124067040639,-47.43379247845469,480.0
-669712348474322469,66.97123480679463,-47.432246977105095,680.0
-669712348474322469,66.97123480679463,-47.432246977105095,680.0
-669712348474322469,66.97123480679463,-47.432246977105095,680.0
-669711781477407706,66.9711781161071,-47.740770699609335,380.0
-669711781477407706,66.9711781161071,-47.740770699609335,360.0
-669709811473026295,66.97098110669674,-47.302629584948015,680.0
-669709694475341923,66.97096940287945,-47.53419237632831,680.0
-669709694475341923,66.97096940287945,-47.53419237632831,400.0
-669709694475341923,66.97096940287945,-47.53419237632831,680.0
-669709694475341923,66.97096940287945,-47.53419237632831,280.0
-669709573472403063,66.97095735194195,-47.24030633933949,680.0
-669709573472403063,66.97095735194195,-47.24030633933949,680.0
-669709573472403063,66.97095735194195,-47.24030633933949,260.0
-669709563474511357,66.97095633469753,-47.451135753829526,680.0
-669709563474511357,66.97095633469753,-47.451135753829526,680.0
-669708683472808874,66.97086834662548,-47.28088742287303,680.0
-669708683472808874,66.97086834662548,-47.28088742287303,680.0
-669708594476830232,66.97085941771422,-47.68302324009175,680.0
-669708594476830232,66.97085941771422,-47.68302324009175,680.0
-669708521473953709,66.97085211712283,-47.39537095051366,200.0
-669708521473953709,66.97085211712283,-47.39537095051366,260.0
-669708466477136805,66.97084660066795,-47.71368054918595,680.0
-669708466477136805,66.97084660066795,-47.71368054918595,620.0
-669705938475618469,66.97059387561937,-47.5618469558003,680.0
-669705938475618469,66.97059387561937,-47.5618469558003,680.0
-669705938475618469,66.97059387561937,-47.5618469558003,240.0
-669704444475718641,66.97044444401993,-47.57186414376842,500.0
-669704444475718641,66.97044444401993,-47.57186414376842,680.0
-669704247477155667,66.97042476257113,-47.71556671916358,680.0
-669704247477155667,66.97042476257113,-47.71556671916358,680.0
-669703576472671087,66.97035767717328,-47.267108704888706,680.0
-669703576472671087,66.97035767717328,-47.267108704888706,680.0
-669703576472671087,66.97035767717328,-47.267108704888706,640.0
-669703576472671087,66.97035767717328,-47.267108704888706,580.0
-669703576472671087,66.97035767717328,-47.267108704888706,320.0
-669703251477426439,66.9703251690326,-47.742643907041966,300.0
-669703136476490419,66.97031368579268,-47.649041978425345,680.0
-669703136476490419,66.97031368579268,-47.649041978425345,680.0
-669703136476490419,66.97031368579268,-47.649041978425345,680.0
-669703136476490419,66.97031368579268,-47.649041978425345,680.0
-669703136476490419,66.97031368579268,-47.649041978425345,680.0
-669702629477396133,66.9702629548085,-47.73961333865119,680.0
-669702629477396133,66.9702629548085,-47.73961333865119,320.0
-669702127473682010,66.97021275498197,-47.3682010066619,360.0
-669700946472256500,66.97009467787014,-47.225650067579515,380.0
-669700708476598788,66.97007083113597,-47.659878836788096,240.0
-669700468473741652,66.97004687179012,-47.37416527926157,680.0
-669700468473741652,66.97004687179012,-47.37416527926157,620.0
-669698915472964706,66.9698915618454,-47.29647068490085,680.0
-669698915472964706,66.9698915618454,-47.29647068490085,680.0
-669698714476210917,66.96987148642249,-47.621091789445025,380.0
-669698714476210917,66.96987148642249,-47.621091789445025,680.0
-669698250473030381,66.9698250720887,-47.30303813447002,680.0
-669698250473030381,66.9698250720887,-47.30303813447002,220.0
-669698206475442723,66.96982067500318,-47.54427239475517,320.0
-669698206475442723,66.96982067500318,-47.54427239475517,380.0
-669698206475442723,66.96982067500318,-47.54427239475517,340.0
-669698206475442723,66.96982067500318,-47.54427239475517,360.0
-669696908476222912,66.96969082734313,-47.6222912559029,680.0
-669696714474329581,66.96967144537803,-47.432958193232544,220.0
-669696714474329581,66.96967144537803,-47.432958193232544,240.0
-669696714474329581,66.96967144537803,-47.432958193232544,220.0
-669695569475822715,66.96955690112871,-47.5822715945357,280.0
-669695569475822715,66.96955690112871,-47.5822715945357,680.0
-669695569475822715,66.96955690112871,-47.5822715945357,680.0
-669695351474062428,66.96953517007584,-47.40624288448685,420.0
-669695159475563082,66.96951595472653,-47.55630826836866,680.0
-669695159475563082,66.96951595472653,-47.55630826836866,680.0
-669695159475563082,66.96951595472653,-47.55630826836866,300.0
-669695159475563082,66.96951595472653,-47.55630826836866,420.0
-669695093473104795,66.96950932240759,-47.310479536010476,680.0
-669694270473708325,66.96942709228583,-47.37083257276037,240.0
-669693828476520345,66.96938284243723,-47.6520345548982,460.0
-669693828476520345,66.96938284243723,-47.6520345548982,680.0
-669693828476520345,66.96938284243723,-47.6520345548982,680.0
-669693828476520345,66.96938284243723,-47.6520345548982,680.0
-669693599476687154,66.96935993534815,-47.66871544976863,260.0
-669693599476687154,66.96935993534815,-47.66871544976863,640.0
-669693599476687154,66.96935993534815,-47.66871544976863,680.0
-669693450476024470,66.96934505549213,-47.60244704370524,680.0
-669693450476024470,66.96934505549213,-47.60244704370524,680.0
-669693450476024470,66.96934505549213,-47.60244704370524,620.0
-669693450476024470,66.96934505549213,-47.60244704370524,680.0
-669693450476024470,66.96934505549213,-47.60244704370524,640.0
-669692879476350962,66.96928795579116,-47.63509623427607,680.0
-669692879476350962,66.96928795579116,-47.63509623427607,680.0
-669692879476350962,66.96928795579116,-47.63509623427607,680.0
-669692879476350962,66.96928795579116,-47.63509623427607,680.0
